Listing_ID,Host_Name,Property_Type,Location,Bedrooms,Bathrooms,Accommodates,Review_Score,Number_of_Reviews,Superhost,Host_Experience,Cleaning_Fee,Minimum_Nights,Amenities_Score,Instant_Bookable,Nightly_Price
997649,Ava Scott,Studio,Outer Suburb,1,2,2,4.5,68,No,6,52.0,5,6.0,Yes,165.42
990090,Isla Martin,Apartment,CBD,2,2,4,4.72,22,No,0,48.0,2,6.0,Yes,382.85
995427,Priya Walker,Apartment,CBD,2,2,3,4.5,47,Yes,1,32.0,2,6.0,No,276.28
996669,Ava Thomas,Townhouse,Inner Suburb,3,3,6,4.55,68,Yes,4,76.0,2,6.0,No,318.71
990808,Sophie Singh,Townhouse,CBD,2,2,4,4.58,85,Yes,15,42.0,1,4.0,Yes,357.58
991604,Sophie Ali,House,CBD,4,3,8,4.76,78,No,1,103.0,3,9.0,No,484.77
995199,Mei Brown,Studio,Outer Suburb,1,1,4,4.42,45,No,0,41.0,2,4.0,No,77.51
993313,Wei Nguyen,Villa,Outer Suburb,4,3,8,4.6,21,No,4,81.0,4,8.0,No,414.66
990274,Olivia Anderson,Studio,Outer Suburb,1,2,1,4.52,55,No,6,58.0,3,4.0,Yes,198.84
990492,Samuel Nguyen,House,Outer Suburb,3,2,5,4.73,42,Yes,0,82.0,2,7.0,No,303.17
995562,Mia Taylor,House,Regional,3,2,5,4.85,60,No,5,80.0,4,6.0,No,343.06
991552,Liam Thomas,Townhouse,Regional,2,2,6,4.74,67,Yes,15,79.0,1,6.0,Yes,376.9
996954,Oliver Clark,Apartment,Outer Suburb,2,2,4,4.84,26,Yes,1,65.0,1,7.0,Yes,213.17
995334,Samuel King,Apartment,Outer Suburb,3,2,6,4.71,70,Yes,13,85.0,3,9.0,Yes,334.77
991905,Sarah Thomas,House,Regional,3,2,6,4.56,30,No,3,73.0,7,7.0,No,292.34
993827,Olivia Le,House,Inner Suburb,3,2,7,4.2,172,No,4,54.0,2,6.0,No,314.66
996253,Ava Brown,Apartment,CBD,2,2,6,4.71,40,Yes,5,74.0,1,7.0,Yes,330.17
992433,Mei Harris,Apartment,Inner Suburb,1,2,2,4.87,32,No,13,57.0,1,7.0,Yes,191.29
995636,Chloe Anderson,Apartment,Inner Suburb,2,2,5,4.67,42,Yes,0,72.0,1,7.0,Yes,195.62
995740,Lily Walker,Apartment,Regional,1,2,1,4.77,35,No,1,65.0,1,8.0,Yes,141.03
991445,Lily Brown,Apartment,Inner Suburb,2,2,5,4.47,72,No,0,57.0,2,5.0,No,267.56
997566,Henry Smith,Apartment,Regional,3,2,5,5.0,6,No,0,84.0,1,7.0,Yes,301.16
995718,Lily Taylor,Apartment,Regional,2,1,5,4.55,30,No,6,47.0,1,5.0,Yes,224.47
995840,James Clark,Townhouse,CBD,4,3,8,4.21,62,No,2,79.0,2,5.0,No,388.18
992152,Michael White,Townhouse,Inner Suburb,3,2,6,4.52,102,No,4,54.0,1,2.0,Yes,396.11
995880,David Nguyen,House,Inner Suburb,4,3,8,4.71,31,Yes,2,93.0,1,4.0,Yes,299.59
990206,Grace Singh,Townhouse,Regional,4,2,9,4.34,50,Yes,15,91.0,1,6.0,Yes,339.02
997354,Anna Le,Apartment,Inner Suburb,1,2,1,4.56,32,No,0,69.0,2,6.0,Yes,216.89
992542,Grace King,Apartment,Outer Suburb,2,2,6,4.43,70,No,10,65.0,2,6.0,Yes,395.38
996339,Isla Wang,Apartment,Outer Suburb,2,1,4,3.99,99,No,3,58.0,2,5.0,No,264.86
992471,Ben Tran,House,Inner Suburb,2,2,6,5.0,20,No,5,75.0,3,6.0,Yes,403.83
993349,Ava Tran,Apartment,Inner Suburb,1,1,2,4.52,79,No,2,68.0,2,8.0,Yes,222.47
993045,Sarah Brown,Apartment,Outer Suburb,2,2,4,4.23,32,No,6,78.0,1,5.0,No,352.41
995111,Grace Clark,Apartment,Outer Suburb,3,2,6,4.32,82,Yes,3,70.0,1,6.0,Yes,341.36
997823,Wei Wang,Apartment,Inner Suburb,1,2,2,4.27,32,Yes,2,42.0,1,6.0,No,224.16
990579,Mai White,Apartment,Inner Suburb,2,1,3,4.64,67,No,4,54.0,1,5.0,Yes,233.9
995742,Hannah Thomas,House,CBD,4,3,9,4.85,51,Yes,6,94.0,5,10.0,Yes,497.55
996270,Mei Thomas,Apartment,Regional,2,3,6,4.63,119,No,3,76.0,3,5.0,No,334.82
990998,Samuel Clark,Studio,Outer Suburb,1,1,2,4.42,121,No,1,51.0,2,6.0,Yes,79.68
991505,Noah King,Apartment,Inner Suburb,1,1,4,4.2,59,No,1,65.0,1,8.0,No,300.02
996078,Ava Wang,Townhouse,CBD,4,3,10,4.36,12,No,2,100.0,2,8.0,No,408.1
997279,Linh Anderson,Apartment,Outer Suburb,2,2,4,4.71,9,No,3,67.0,1,7.0,No,327.02
997246,James Clark,House,Outer Suburb,4,2,8,4.76,63,Yes,8,91.0,3,6.0,Yes,345.54
993062,Sarah Tran,Apartment,Regional,1,2,2,4.75,68,Yes,0,61.0,2,5.0,Yes,218.38
997083,Daniel Singh,House,Outer Suburb,3,2,7,5.0,22,Yes,0,90.0,1,7.0,Yes,397.79
996926,Hannah King,Townhouse,Inner Suburb,2,1,5,4.51,53,Yes,14,51.0,2,7.0,Yes,286.63
995056,Amelia Wang,Studio,Outer Suburb,1,1,4,4.02,131,No,6,42.0,2,4.0,No,115.11
993864,Lucas King,Studio,Regional,1,1,2,4.22,34,No,7,56.0,1,6.0,No,113.21
996514,Henry Scott,Townhouse,CBD,4,3,7,4.75,98,Yes,2,90.0,2,8.0,No,526.87
996929,Hannah Anderson,House,Outer Suburb,2,1,6,4.87,93,No,3,59.0,1,5.0,Yes,371.52
993784,Emma Tran,Studio,Inner Suburb,1,1,1,4.21,58,Yes,9,43.0,1,5.0,Yes,256.05
994373,Samuel Lee,House,Inner Suburb,4,3,8,3.89,59,No,2,73.0,1,3.0,No,384.32
997808,David Jones,Apartment,Inner Suburb,1,2,4,4.08,1,No,0,43.0,2,5.0,No,236.22
992679,Olivia White,Studio,Inner Suburb,1,1,1,4.41,36,Yes,10,49.0,1,5.0,No,207.77
992293,Hannah Scott,Apartment,Inner Suburb,1,2,4,4.19,104,No,0,41.0,1,3.0,No,255.16
997840,William Brown,Townhouse,Inner Suburb,4,2,7,3.98,39,No,3,82.0,7,5.0,No,356.24
997595,Ben Walker,Apartment,Inner Suburb,2,2,3,4.51,75,Yes,3,64.0,5,6.0,Yes,343.79
991187,William King,Apartment,Inner Suburb,1,2,2,,15,No,3,46.0,2,6.0,Yes,282.3
993548,Omar Young,Townhouse,Outer Suburb,2,1,3,4.47,62,Yes,6,41.0,3,3.0,Yes,268.09
996888,An Thomas,Villa,CBD,5,3,9,4.5,123,Yes,4,99.0,3,8.0,Yes,626.48
995474,Michael Jones,House,Inner Suburb,3,2,6,4.48,28,Yes,2,91.0,2,5.0,Yes,373.0
992811,William Wang,Villa,Regional,5,3,10,4.62,84,No,4,108.0,2,9.0,Yes,435.91
991183,Emily Le,Townhouse,Outer Suburb,3,2,8,4.52,44,Yes,1,63.0,1,6.0,Yes,261.49
993514,Minh Clark,Apartment,Outer Suburb,2,1,4,4.11,32,No,7,55.0,3,5.0,No,219.46
994518,Daniel Scott,Apartment,Regional,2,2,6,4.49,90,No,1,74.0,5,9.0,No,212.89
992897,Sarah Jones,Studio,Inner Suburb,1,1,1,3.76,39,No,2,57.0,3,5.0,Yes,132.07
992422,Olivia Nguyen,House,Regional,4,3,8,4.18,99,Yes,15,88.0,1,8.0,Yes,314.82
990656,Emily Patel,House,CBD,4,2,10,4.55,29,No,3,94.0,3,9.0,Yes,466.42
996603,Henry Harris,Townhouse,Outer Suburb,3,2,6,4.52,85,No,0,45.0,1,5.0,No,295.22
992993,Ethan Martin,Apartment,Regional,2,2,6,,24,No,4,,3,2.0,No,205.54
992270,Isla Chen,House,CBD,5,3,10,4.48,56,Yes,8,90.0,1,6.0,Yes,537.85
995749,Grace Le,Apartment,Inner Suburb,1,1,4,4.0,89,No,2,47.0,1,5.0,Yes,280.72
990780,Liam Scott,Studio,Outer Suburb,1,1,4,4.46,44,No,5,52.0,2,6.0,No,71.26
997126,Daniel Wang,Studio,CBD,1,1,2,4.53,16,No,2,70.0,1,5.0,Yes,243.32
990453,Daniel Brown,House,Outer Suburb,4,3,8,4.37,15,No,4,96.0,1,5.0,No,398.12
997079,Priya King,Apartment,Inner Suburb,1,1,2,4.69,8,No,1,51.0,1,6.0,No,206.19
992093,Henry Walker,Townhouse,Inner Suburb,3,2,5,4.71,50,Yes,4,66.0,2,6.0,No,396.19
990818,Ben Clark,Studio,Regional,1,1,4,4.21,7,No,2,47.0,4,4.0,Yes,190.18
995759,Amelia Khan,Apartment,Regional,1,2,2,3.98,35,Yes,7,54.0,1,3.0,Yes,211.68
991638,Michael Smith,Apartment,Outer Suburb,2,2,5,4.7,19,Yes,4,59.0,3,7.0,Yes,206.67
995525,James Tran,Apartment,CBD,3,2,7,4.59,30,No,0,74.0,1,7.0,Yes,351.99
991417,Emma Walker,Studio,CBD,1,1,3,4.01,103,No,2,35.0,5,4.0,Yes,289.13
997806,Linh Clark,Studio,Regional,1,1,2,4.65,38,No,3,58.0,4,7.0,Yes,175.26
994797,James Anderson,Apartment,Regional,1,1,1,4.28,62,No,2,60.0,1,8.0,Yes,173.72
995604,Oliver Young,Apartment,CBD,2,1,4,4.31,15,No,0,40.0,2,3.0,Yes,286.03
990705,Isla Brown,Villa,Outer Suburb,3,2,5,4.08,24,No,1,85.0,1,7.0,No,373.49
991134,Samuel Chen,Apartment,Outer Suburb,1,1,3,4.27,56,Yes,4,57.0,1,7.0,Yes,262.23
994361,Henry Taylor,House,CBD,3,3,8,4.97,16,Yes,2,75.0,1,6.0,No,449.43
990773,Anna Singh,House,Inner Suburb,3,2,6,4.26,46,No,8,63.0,1,5.0,Yes,424.09
994219,Zoe Jones,House,Regional,3,3,8,4.43,35,Yes,8,79.0,2,5.0,No,375.13
997464,Linh Khan,House,CBD,2,2,5,4.91,31,Yes,1,79.0,1,9.0,No,300.16
993633,Minh Le,Townhouse,Regional,3,1,6,4.32,63,Yes,5,85.0,7,7.0,Yes,274.05
990194,Ava Chen,Apartment,Outer Suburb,2,2,3,,52,No,2,44.0,3,6.0,No,214.49
997647,Mia Patel,Apartment,CBD,1,2,2,4.11,70,Yes,6,68.0,10,6.0,No,303.37
997368,Arjun King,Apartment,Outer Suburb,2,2,4,4.48,29,Yes,1,83.0,3,10.0,No,222.73
995652,Mai Walker,House,Inner Suburb,5,3,10,4.72,105,Yes,8,117.0,1,10.0,No,599.46
994156,Hannah Ali,Villa,Outer Suburb,4,3,8,4.44,2,No,0,90.0,4,5.0,No,375.96
991026,Arjun Young,House,Inner Suburb,4,3,9,4.48,7,No,0,90.0,1,5.0,Yes,427.71
995369,Priya Chen,House,Outer Suburb,3,2,6,4.02,67,Yes,5,76.0,2,4.0,Yes,325.12
992946,Ethan Patel,Apartment,Outer Suburb,2,1,6,4.46,72,Yes,0,51.0,1,7.0,Yes,229.15
995138,Olivia Wang,Studio,Outer Suburb,1,2,1,4.21,28,Yes,1,49.0,2,3.0,No,240.95
996206,Emily King,Townhouse,Inner Suburb,3,3,6,5.0,58,Yes,3,70.0,1,6.0,Yes,329.46
991631,Zoe Khan,House,CBD,5,3,10,4.45,68,No,5,111.0,1,,Yes,546.37
994285,Aisha Clark,Apartment,CBD,1,1,3,4.43,14,No,0,36.0,2,5.0,Yes,208.91
995617,Ethan Smith,Townhouse,CBD,4,2,8,4.29,29,No,2,70.0,2,7.0,No,505.77
996305,Jack Anderson,Studio,CBD,1,1,2,4.79,8,No,0,58.0,1,9.0,Yes,204.02
994697,An Patel,Apartment,CBD,2,1,5,4.1,16,No,5,78.0,1,6.0,Yes,275.18
990390,Priya White,Townhouse,Outer Suburb,3,2,5,4.04,17,No,3,75.0,2,8.0,No,290.0
991117,Anna King,House,CBD,4,2,7,3.83,8,No,0,104.0,1,5.0,No,456.78
992054,Noah White,House,Outer Suburb,5,3,10,4.54,54,No,15,83.0,2,5.0,Yes,475.33
993258,Anna Singh,House,Regional,3,2,6,4.5,44,No,11,66.0,3,6.0,Yes,321.59
995258,Linh Martin,Studio,Regional,1,1,2,4.46,30,Yes,2,48.0,1,6.0,Yes,136.23
991455,Anna Thomas,Apartment,Outer Suburb,3,1,8,4.34,34,No,6,76.0,3,9.0,Yes,306.65
991139,Olivia Harris,House,Inner Suburb,3,3,7,4.6,42,No,1,68.0,1,4.0,No,338.89
992370,Arjun Tran,Villa,Regional,4,3,7,4.18,33,No,5,85.0,7,7.0,No,528.68
990917,Sophie Chen,Studio,Inner Suburb,1,2,2,,31,No,2,,2,6.0,Yes,212.78
994215,Zoe Tran,Townhouse,Inner Suburb,2,2,4,4.36,40,Yes,4,52.0,1,2.0,Yes,398.56
997532,Mai Anderson,Apartment,CBD,1,1,4,4.22,19,Yes,1,59.0,1,8.0,Yes,316.78
995024,Arjun Chen,House,CBD,5,3,10,4.49,68,No,1,103.0,1,8.0,No,472.16
995089,James Clark,Apartment,CBD,1,1,4,4.53,116,Yes,2,36.0,2,4.0,Yes,272.88
991720,Amelia Patel,House,Regional,4,3,10,4.61,26,No,8,86.0,2,6.0,Yes,395.7
996165,Ethan Scott,House,CBD,4,2,8,4.57,59,Yes,3,86.0,2,6.0,Yes,491.77
991256,Ethan Anderson,Studio,Regional,1,2,3,4.29,9,No,0,73.0,1,8.0,No,200.88
993769,Jack Ali,House,Regional,3,2,5,4.21,110,Yes,2,66.0,1,4.0,No,309.61
997242,Mai Nguyen,Townhouse,Outer Suburb,3,3,5,4.88,63,Yes,5,83.0,3,10.0,Yes,373.22
990921,Priya Smith,Townhouse,Inner Suburb,3,2,6,4.29,21,No,1,77.0,2,8.0,Yes,377.51
992043,Isla Ali,House,Outer Suburb,5,4,10,4.61,34,Yes,3,97.0,3,7.0,No,422.93
993052,Jack Chen,Villa,Outer Suburb,4,3,9,4.58,162,No,7,91.0,1,8.0,Yes,527.26
990127,Samuel Smith,House,CBD,4,2,8,4.55,42,No,0,77.0,2,6.0,Yes,479.36
997292,Sophie Lee,Apartment,Outer Suburb,1,2,2,4.55,38,Yes,1,59.0,1,5.0,Yes,175.29
994517,Noah Anderson,Townhouse,CBD,3,2,6,4.45,21,No,5,75.0,1,6.0,No,350.24
994004,Omar White,House,Outer Suburb,4,3,7,4.86,27,No,4,79.0,1,6.0,Yes,445.08
996443,Sarah Lee,House,Outer Suburb,3,3,6,4.84,63,Yes,15,77.0,4,8.0,Yes,361.44
994960,Amelia Wilson,Apartment,Regional,1,1,4,4.49,41,No,4,49.0,1,3.0,No,226.46
992788,Liam King,Apartment,Regional,1,1,3,4.53,30,Yes,0,58.0,3,4.0,Yes,105.19
997553,James Tran,Apartment,CBD,1,2,4,4.74,68,No,10,19.0,2,4.0,No,224.84
990883,Henry Jones,Studio,CBD,1,1,1,4.77,61,No,8,53.0,2,7.0,Yes,127.14
996735,Linh Wilson,House,Inner Suburb,4,3,8,4.64,50,No,6,85.0,3,5.0,Yes,509.09
994121,Mei Brown,Apartment,Inner Suburb,1,2,3,4.28,6,No,1,42.0,1,7.0,Yes,255.71
990114,Chloe Le,Studio,Outer Suburb,1,2,4,4.2,47,No,2,57.0,1,7.0,No,136.45
995022,Chloe Wang,Townhouse,Regional,2,2,6,4.71,21,Yes,2,60.0,3,8.0,No,284.66
997846,Hannah Tran,House,Regional,2,2,5,4.59,49,No,6,55.0,3,5.0,No,287.54
991289,Henry Clark,Townhouse,Inner Suburb,4,2,10,4.63,40,Yes,2,79.0,7,10.0,Yes,414.78
990733,Emily Young,House,Inner Suburb,4,3,7,4.63,107,Yes,1,92.0,1,7.0,Yes,450.5
995237,Emma Tran,Apartment,CBD,1,1,4,4.6,29,No,0,52.0,1,5.0,Yes,128.64
996351,Amelia Scott,House,CBD,3,2,7,4.43,30,No,2,70.0,10,7.0,No,376.39
992032,Samuel Martin,House,Outer Suburb,4,2,7,4.65,48,No,1,80.0,2,7.0,No,370.71
993128,Henry Le,Studio,Outer Suburb,1,2,1,4.42,7,No,1,43.0,1,3.0,Yes,122.7
993113,Jack Nguyen,Apartment,Outer Suburb,2,2,4,4.6,18,No,7,66.0,3,6.0,Yes,288.08
996211,Mai Smith,Townhouse,CBD,4,4,7,4.31,58,Yes,11,95.0,2,5.0,No,456.69
991150,Ben Singh,Apartment,Inner Suburb,2,2,3,4.24,13,No,5,49.0,2,5.0,Yes,182.84
997232,Chloe Brown,Apartment,Inner Suburb,1,1,2,4.57,52,Yes,3,49.0,2,7.0,Yes,202.54
994242,Liam Young,House,Inner Suburb,4,2,10,4.4,14,No,2,61.0,7,6.0,Yes,341.54
996714,Wei Smith,Townhouse,CBD,2,1,5,4.29,2,No,0,54.0,1,5.0,No,359.32
990500,Omar Taylor,House,CBD,4,3,9,4.58,81,Yes,3,93.0,2,8.0,No,459.36
996379,Omar Young,Townhouse,Outer Suburb,2,2,4,4.44,91,Yes,0,75.0,1,7.0,No,294.05
995251,Liam Wang,Apartment,Outer Suburb,2,3,6,4.24,75,Yes,5,75.0,7,7.0,No,164.52
996725,Sarah Chen,Apartment,CBD,1,2,1,4.42,12,No,4,30.0,1,1.0,Yes,209.45
996567,Mia Smith,House,Outer Suburb,4,2,8,4.15,38,Yes,7,89.0,2,8.0,No,327.56
995164,Omar King,House,Regional,3,2,6,5.0,66,Yes,0,73.0,2,7.0,Yes,415.67
996273,Lily Ali,Apartment,Outer Suburb,1,1,2,4.54,119,No,6,61.0,1,8.0,Yes,171.88
995303,Ethan Le,Studio,CBD,1,2,3,4.07,63,No,14,44.0,7,4.0,No,291.75
996453,Daniel Jones,Apartment,Regional,2,2,5,4.52,60,Yes,9,49.0,2,3.0,Yes,207.65
995314,Omar Nguyen,Apartment,Regional,1,1,2,4.23,19,No,7,58.0,3,3.0,Yes,179.34
995700,Liam Ali,House,Inner Suburb,3,2,8,4.34,46,Yes,1,73.0,2,6.0,Yes,358.86
991899,James Lee,Apartment,Outer Suburb,2,2,4,4.93,20,Yes,3,57.0,5,5.0,No,275.05
991797,Olivia Patel,Apartment,CBD,2,2,5,4.28,29,Yes,1,65.0,1,4.0,Yes,304.98
996737,Chloe Martin,Villa,Regional,5,3,10,4.46,121,Yes,5,90.0,7,8.0,No,520.75
992520,Arjun King,Townhouse,Inner Suburb,3,3,6,4.81,154,No,1,79.0,2,6.0,Yes,392.85
994003,Anna Chen,House,CBD,4,3,9,4.5,34,Yes,3,91.0,4,7.0,Yes,521.24
993146,Grace Chen,House,CBD,2,2,5,4.25,50,No,7,56.0,2,5.0,Yes,364.95
996742,Minh Young,Apartment,Outer Suburb,2,2,6,4.43,73,No,8,59.0,1,8.0,Yes,254.86
994751,Isla Ali,Studio,Inner Suburb,1,1,2,4.53,71,No,1,49.0,2,6.0,Yes,179.51
993491,Aisha Clark,Townhouse,CBD,3,3,8,4.26,72,No,3,80.0,2,7.0,No,235.35
994066,Grace Young,Apartment,Regional,1,1,3,4.79,36,Yes,3,49.0,1,5.0,No,254.42
994176,Noah Le,House,Regional,2,2,3,4.32,25,No,2,66.0,1,6.0,No,262.63
994330,Mai Ali,Townhouse,Regional,4,2,9,4.44,46,No,1,81.0,2,6.0,Yes,318.75
991530,Noah Martin,Townhouse,Outer Suburb,2,2,4,4.77,30,Yes,3,55.0,3,5.0,Yes,301.64
992933,Arjun Thomas,Apartment,Outer Suburb,1,2,2,4.01,28,No,7,50.0,2,5.0,No,247.4
997900,Jack Scott,Apartment,Inner Suburb,1,2,2,4.68,39,Yes,11,36.0,1,4.0,Yes,286.18
996188,Ben Jones,Apartment,CBD,1,2,2,4.39,33,Yes,7,53.0,2,5.0,Yes,273.23
996564,Ava Lee,Townhouse,CBD,4,3,9,4.79,71,Yes,1,93.0,1,9.0,No,445.8
995271,Mei Taylor,Townhouse,Inner Suburb,3,2,6,4.41,63,Yes,15,75.0,10,5.0,No,371.55
993364,Mia Scott,Apartment,Regional,1,2,1,4.52,10,No,0,42.0,1,3.0,No,188.69
993565,Sophie Tran,House,CBD,3,2,6,3.96,38,No,3,79.0,5,7.0,No,394.16
990766,Isla Jones,Studio,Outer Suburb,1,2,2,4.64,52,No,6,48.0,2,6.0,No,177.43
995690,Lucas White,Apartment,Regional,3,2,7,4.21,2,No,0,59.0,2,5.0,No,252.88
991946,Grace Le,Townhouse,Outer Suburb,3,2,7,4.51,63,Yes,15,63.0,1,4.0,Yes,311.16
991133,Lily Lee,Townhouse,Outer Suburb,3,2,6,4.35,61,Yes,6,64.0,2,5.0,Yes,435.83
992327,Sarah Khan,House,Regional,3,2,8,4.44,32,Yes,2,68.0,1,4.0,Yes,269.99
994636,Samuel Brown,House,Inner Suburb,4,3,9,4.86,100,Yes,3,68.0,1,6.0,Yes,472.45
996980,Isla Thomas,Apartment,Inner Suburb,1,1,2,4.36,56,Yes,4,46.0,4,4.0,No,278.64
992804,James Le,House,Regional,4,3,8,4.01,55,No,13,111.0,3,7.0,Yes,326.04
994372,Aisha Ali,Townhouse,CBD,3,2,8,4.37,12,No,0,88.0,2,6.0,Yes,378.71
996344,Lily Thomas,Villa,Inner Suburb,5,3,10,4.23,84,Yes,2,101.0,1,7.0,Yes,478.0
996068,Sarah King,Studio,Outer Suburb,1,2,4,4.44,114,Yes,4,57.0,2,7.0,No,267.74
997591,Minh King,Apartment,Inner Suburb,1,2,3,4.69,69,Yes,11,68.0,1,8.0,No,280.33
994780,Mia Anderson,Townhouse,Regional,4,2,8,3.69,52,No,10,92.0,3,6.0,Yes,322.66
997103,Arjun King,Apartment,Outer Suburb,1,2,3,4.72,48,Yes,8,55.0,3,6.0,Yes,296.35
991698,Michael Thomas,Townhouse,Regional,3,2,5,4.6,11,No,2,73.0,1,5.0,Yes,230.64
993855,Amelia Anderson,Studio,Regional,1,2,4,4.7,24,No,4,33.0,3,5.0,No,183.31
996131,Thomas Le,House,Outer Suburb,2,2,6,4.56,44,No,5,72.0,1,5.0,No,332.48
994588,Isla Anderson,House,CBD,3,2,6,4.32,25,No,3,75.0,3,7.0,No,427.17
991878,Amelia Walker,Apartment,Inner Suburb,3,1,5,4.51,87,Yes,4,64.0,3,7.0,Yes,252.08
993487,David Wilson,Apartment,Outer Suburb,3,2,5,4.56,10,No,3,85.0,3,9.0,Yes,432.8
990810,Ethan Smith,Apartment,Inner Suburb,3,2,7,4.3,12,No,2,67.0,2,5.0,No,317.62
997344,Samuel Patel,Studio,Inner Suburb,1,2,2,4.55,84,Yes,9,44.0,7,5.0,Yes,322.46
995709,Arjun Le,House,CBD,5,3,9,4.83,29,No,8,104.0,2,8.0,No,462.94
991098,Lucas Lee,Apartment,CBD,2,1,4,4.45,22,No,0,63.0,4,6.0,Yes,317.1
995367,Emily Walker,Villa,Outer Suburb,4,3,8,4.29,21,No,1,83.0,2,6.0,Yes,406.89
993652,Hannah Le,Studio,Regional,1,2,3,4.48,3,No,2,58.0,1,4.0,Yes,99.28
997170,Arjun Jones,Studio,Inner Suburb,1,2,4,4.45,42,Yes,0,51.0,1,7.0,No,229.52
997855,Mai King,Apartment,Inner Suburb,1,1,4,3.92,30,No,2,38.0,10,4.0,Yes,197.77
995988,Olivia Martin,Apartment,Inner Suburb,2,1,4,4.7,69,Yes,9,56.0,2,4.0,No,309.2
994788,Arjun Ali,Apartment,Inner Suburb,1,1,2,4.37,34,No,1,41.0,2,6.0,Yes,180.33
993088,Amelia Brown,Villa,Regional,4,3,8,4.85,62,No,4,86.0,2,8.0,No,481.82
995930,Ava Harris,Apartment,CBD,1,2,1,4.39,65,Yes,10,49.0,4,3.0,Yes,263.27
997811,David Khan,Apartment,CBD,1,2,2,4.1,4,No,1,60.0,2,7.0,Yes,305.04
997013,Lily Jones,Studio,Outer Suburb,1,2,1,4.6,33,No,2,47.0,1,5.0,Yes,216.95
990383,Omar Harris,House,Regional,3,2,6,,124,Yes,3,,7,3.0,No,297.03
992592,Hannah Chen,Apartment,Regional,2,2,3,4.53,18,Yes,2,54.0,3,6.0,Yes,186.04
995215,Minh Taylor,House,CBD,3,2,6,4.18,25,No,3,99.0,4,8.0,No,451.66
992336,Sophie Thomas,Apartment,Inner Suburb,1,1,2,4.09,49,Yes,12,46.0,1,7.0,Yes,239.96
995483,Anna King,House,CBD,3,2,5,4.4,29,No,1,64.0,1,4.0,No,328.13
996217,William Chen,House,Inner Suburb,4,2,7,4.09,16,No,0,88.0,4,8.0,No,417.82
995751,Wei Jones,Townhouse,Outer Suburb,2,1,3,4.5,23,No,2,62.0,2,9.0,Yes,237.89
993726,Ben Thomas,Villa,Regional,4,2,7,4.42,25,Yes,1,87.0,1,8.0,No,418.21
995085,Lily Scott,Apartment,Inner Suburb,1,2,2,4.56,21,Yes,2,48.0,3,4.0,No,98.94
993476,Ethan Walker,House,Regional,2,1,6,4.4,11,No,2,62.0,1,6.0,Yes,292.47
993198,Daniel Patel,Apartment,Outer Suburb,3,2,8,4.49,24,No,1,79.0,2,6.0,No,348.48
995034,Wei Khan,Apartment,Outer Suburb,2,2,4,4.64,51,No,6,46.0,1,4.0,Yes,267.34
997334,Linh King,Townhouse,Inner Suburb,3,2,6,4.65,5,No,0,70.0,2,5.0,Yes,302.64
992235,Mei White,Studio,Outer Suburb,1,1,4,4.47,13,No,5,22.0,1,,Yes,220.84
997583,Omar White,Studio,Inner Suburb,1,1,4,4.24,6,No,2,56.0,1,6.0,No,264.21
996461,Minh Tran,Apartment,Outer Suburb,2,2,5,4.77,11,No,3,60.0,2,8.0,No,260.53
995209,James Martin,Apartment,Outer Suburb,1,2,2,4.71,32,No,7,45.0,1,5.0,Yes,288.18
997010,William Scott,House,Inner Suburb,2,1,4,4.23,60,Yes,7,62.0,5,5.0,No,301.32
995853,David Singh,Apartment,CBD,3,2,7,4.25,73,No,1,82.0,3,6.0,Yes,436.54
994749,Ethan Singh,Apartment,Regional,1,2,2,4.46,17,No,7,66.0,3,8.0,No,251.26
996634,Daniel Chen,House,Outer Suburb,3,3,8,4.23,14,No,2,81.0,3,7.0,No,303.0
996385,Lily King,Townhouse,Inner Suburb,2,2,3,4.64,12,No,1,56.0,3,6.0,Yes,313.57
991265,Sophie Smith,House,Regional,5,3,10,4.27,77,Yes,3,93.0,1,6.0,Yes,461.14
997609,Daniel Ali,Studio,CBD,1,2,2,4.01,91,Yes,2,54.0,3,6.0,No,283.17
991464,Ava Taylor,Apartment,Outer Suburb,1,2,4,,89,No,3,,1,7.0,Yes,152.25
990625,Mai Martin,Apartment,Inner Suburb,1,2,4,4.06,47,Yes,3,50.0,3,3.0,Yes,248.83
996663,Minh Harris,Townhouse,CBD,3,3,7,4.42,85,Yes,5,70.0,1,3.0,No,401.68
993465,Henry Clark,Villa,CBD,5,3,10,4.8,19,Yes,0,109.0,1,7.0,No,554.99
994033,William Smith,House,CBD,3,2,7,3.87,105,Yes,6,58.0,2,4.0,No,436.62
990888,Henry Brown,House,Regional,4,3,7,4.21,50,No,1,92.0,2,3.0,Yes,417.97
995638,Olivia Walker,Apartment,Outer Suburb,1,1,2,4.68,47,No,2,49.0,3,5.0,No,143.3
991615,Anna Taylor,Townhouse,Outer Suburb,3,3,7,4.11,14,No,6,82.0,3,6.0,Yes,352.69
995997,Minh Ali,Studio,Inner Suburb,1,1,2,4.63,99,Yes,12,55.0,2,7.0,No,197.63
990441,Zoe King,Studio,Regional,1,1,2,4.46,6,No,1,47.0,2,3.0,Yes,86.61
990754,Hannah Clark,Studio,Regional,1,2,3,4.48,56,Yes,2,50.0,1,6.0,Yes,175.94
994877,Amelia Khan,Studio,CBD,1,1,1,4.7,73,No,4,49.0,4,,No,307.79
996088,Michael Patel,House,Regional,2,2,4,4.56,41,Yes,1,85.0,2,10.0,No,243.06
990166,Lily Martin,Studio,Outer Suburb,1,1,4,4.7,28,No,2,51.0,1,7.0,Yes,202.46
994773,Daniel Tran,House,Outer Suburb,3,2,7,4.26,41,No,3,76.0,4,7.0,No,296.14
995516,Mei Thomas,Apartment,Regional,1,2,3,4.66,56,No,0,40.0,2,3.0,Yes,126.28
993695,David Khan,Apartment,Inner Suburb,1,1,3,4.1,23,No,1,32.0,1,4.0,No,152.44
993338,Oliver Walker,House,Outer Suburb,3,3,7,4.55,62,Yes,4,75.0,1,6.0,No,367.16
994417,Hannah Le,Townhouse,Outer Suburb,3,2,8,4.73,15,No,1,61.0,2,4.0,Yes,369.24
994237,Mai Tran,Apartment,Outer Suburb,2,2,6,4.56,103,Yes,11,60.0,2,6.0,No,190.94
997701,Ben King,Apartment,Regional,2,2,5,4.73,63,No,2,73.0,1,8.0,Yes,238.65
996631,Michael Khan,House,Inner Suburb,3,2,6,4.28,110,No,4,59.0,1,2.0,Yes,375.91
996104,Noah White,House,Inner Suburb,4,3,8,5.0,8,No,2,86.0,3,6.0,Yes,409.14
993951,Linh Young,Apartment,Outer Suburb,1,1,4,4.16,59,No,8,59.0,3,3.0,No,289.42
990484,Jack Tran,Apartment,Outer Suburb,1,1,2,4.58,107,No,11,49.0,1,3.0,Yes,180.06
991551,Anna Smith,House,Outer Suburb,3,2,6,4.63,12,No,6,75.0,7,6.0,Yes,357.72
996610,Emily Thomas,Studio,Inner Suburb,1,1,2,4.23,31,No,3,49.0,4,5.0,No,234.22
996214,David King,Townhouse,Outer Suburb,2,2,6,3.85,32,No,2,64.0,7,6.0,No,304.78
991856,Thomas King,Apartment,Regional,2,2,4,4.28,51,Yes,3,54.0,1,5.0,Yes,207.3
992261,Ben Young,Apartment,CBD,1,2,4,4.62,26,No,8,42.0,2,3.0,Yes,223.32
990227,Linh King,Villa,Inner Suburb,4,3,8,3.85,28,No,1,80.0,2,3.0,Yes,416.43
996026,Lucas Patel,Villa,CBD,4,2,8,3.87,38,No,5,76.0,2,6.0,Yes,538.58
993945,Chloe Le,Studio,CBD,1,2,1,4.34,45,No,1,39.0,2,5.0,No,175.74
991407,William Walker,Apartment,CBD,1,1,4,4.56,23,Yes,3,56.0,2,6.0,Yes,258.57
995622,Amelia Singh,House,CBD,3,2,8,4.54,25,Yes,3,69.0,1,5.0,Yes,431.3
992980,Amelia Clark,House,Regional,4,2,10,4.71,127,N,4,90.0,1,6.0,Yes,398.72
995817,Sophie Young,Villa,Outer Suburb,5,3,10,5.0,14,No,4,97.0,2,6.0,No,464.56
993059,Arjun Thomas,Studio,Inner Suburb,1,2,1,4.94,89,No,7,47.0,4,4.0,No,187.36
994929,Michael Walker,Apartment,Regional,1,1,2,4.42,66,Yes,4,49.0,3,6.0,No,94.24
997780,Noah Wang,Apartment,Outer Suburb,2,2,3,4.29,23,Yes,2,72.0,5,7.0,No,265.98
993941,Chloe Lee,Townhouse,Outer Suburb,3,2,6,4.85,25,No,2,79.0,2,6.0,Yes,385.31
994371,Noah Anderson,Apartment,Regional,1,1,3,4.13,72,No,15,54.0,3,3.0,No,163.58
994841,Zoe Scott,House,Regional,2,2,4,4.31,121,Yes,15,65.0,2,6.0,No,385.42
992854,Lucas Tran,Studio,CBD,1,1,1,4.71,38,Yes,1,67.0,1,6.0,Yes,218.87
994279,James Brown,Apartment,Outer Suburb,1,1,2,4.71,87,No,0,59.0,2,5.0,Yes,241.27
990031,Anna Chen,Apartment,CBD,1,2,3,5.0,109,Yes,9,56.0,2,5.0,Yes,270.44
996474,William Harris,House,Inner Suburb,3,2,7,4.73,62,Yes,9,76.0,3,9.0,Yes,369.67
995337,Liam Chen,Apartment,Outer Suburb,1,1,4,4.4,74,Yes,4,51.0,3,6.0,Yes,222.06
996484,Sophie Harris,Villa,Inner Suburb,4,3,9,4.28,95,Yes,5,92.0,1,7.0,Yes,511.43
995099,Aisha Brown,Apartment,Regional,2,3,4,4.93,75,No,6,58.0,3,5.0,No,238.39
992708,Emma Nguyen,Townhouse,Inner Suburb,2,2,5,4.3,53,Yes,15,65.0,2,8.0,No,329.18
995774,Ava Jones,Apartment,Inner Suburb,1,1,2,4.97,80,No,1,43.0,3,4.0,No,158.8
994007,Daniel Scott,Apartment,Inner Suburb,1,1,2,4.41,88,No,12,42.0,2,7.0,No,214.28
990856,Mia Jones,Townhouse,Inner Suburb,2,2,4,4.04,45,No,4,56.0,1,2.0,No,289.78
992804,James Le,House,Regional,4,3,8,4.01,55,No,13,111.0,3,7.0,Yes,326.04
996421,Sophie Thomas,Apartment,Outer Suburb,2,2,4,4.49,11,Yes,2,67.0,2,8.0,No,180.87
994666,Emily Young,Apartment,Inner Suburb,2,2,4,4.36,218,Yes,2,52.0,3,6.0,Yes,149.51
992417,Amelia Wilson,Townhouse,CBD,4,3,8,4.74,163,No,15,91.0,2,6.0,Yes,460.11
991933,Ethan Jones,Villa,Inner Suburb,4,3,8,4.21,47,No,15,95.0,4,7.0,Yes,431.84
997193,Chloe Anderson,Apartment,CBD,1,1,3,4.51,120,Yes,0,53.0,1,8.0,Yes,274.32
996769,Lucas Chen,House,Regional,3,3,5,4.13,74,Yes,14,89.0,1,9.0,No,419.05
996205,Jack Tran,Studio,Outer Suburb,1,2,3,4.71,54,No,2,60.0,3,8.0,Yes,270.31
996607,Ava Brown,Apartment,CBD,3,2,7,,37,No,0,,7,7.0,Yes,260.68
994827,An Clark,Apartment,Outer Suburb,1,1,2,4.81,61,No,8,44.0,1,7.0,Yes,341.55
994289,William Martin,Townhouse,Inner Suburb,4,2,10,4.94,72,Yes,2,91.0,2,8.0,No,550.6
990062,Aisha Tran,Apartment,Regional,2,1,6,4.62,13,No,1,55.0,2,7.0,Yes,233.35
995590,Aisha Tran,Studio,Outer Suburb,1,1,4,4.25,30,Yes,4,37.0,1,5.0,Yes,155.66
990767,Chloe Brown,Apartment,Regional,2,2,3,4.93,62,Yes,4,57.0,2,6.0,Yes,240.08
996820,Omar Tran,House,CBD,4,2,7,4.58,31,Yes,3,77.0,2,8.0,Yes,374.38
996067,An Young,Townhouse,Outer Suburb,3,2,5,4.31,42,No,3,84.0,2,5.0,Yes,387.85
990429,Chloe Le,Apartment,Inner Suburb,1,2,2,4.45,32,Yes,0,40.0,2,6.0,Yes,287.31
993637,Linh White,Townhouse,CBD,2,2,4,4.2,33,No,1,74.0,1,7.0,No,444.56
996814,Minh Scott,Apartment,Inner Suburb,3,3,6,4.43,30,Yes,2,78.0,2,5.0,Yes,356.8
994881,Omar Brown,Apartment,Regional,1,2,1,4.41,26,No,3,59.0,2,6.0,Yes,142.49
992634,Arjun Le,House,Outer Suburb,4,3,8,4.53,87,Yes,4,115.0,1,9.0,Yes,428.17
995959,Grace Khan,Apartment,Outer Suburb,2,2,3,4.59,24,Yes,3,62.0,1,4.0,Yes,223.68
996279,James Lee,Studio,Outer Suburb,1,2,2,4.42,21,No,3,49.0,4,6.0,Yes,139.84
991129,Lucas Le,Studio,Inner Suburb,1,2,1,4.17,58,Yes,8,59.0,2,5.0,No,256.89
997868,Aisha Ali,Townhouse,Outer Suburb,3,2,5,4.68,45,No,0,79.0,5,6.0,Yes,305.65
993155,Sarah Wang,House,Inner Suburb,3,2,6,4.2,25,Yes,4,66.0,2,5.0,Yes,356.16
991162,Mai Thomas,Apartment,Outer Suburb,2,2,4,3.64,35,No,1,55.0,2,4.0,No,242.76
997074,Jack Thomas,Studio,Inner Suburb,1,2,4,4.45,95,Yes,7,48.0,4,4.0,Yes,162.55
993090,Mia Taylor,Apartment,Inner Suburb,2,2,4,4.74,90,No,0,63.0,1,5.0,Yes,170.83
994720,Minh Taylor,House,Outer Suburb,4,2,9,4.97,23,Yes,0,90.0,2,8.0,Yes,285.39
993009,Wei Ali,Studio,Outer Suburb,1,1,2,4.34,36,Yes,0,62.0,1,5.0,No,182.58
996681,Arjun Harris,Apartment,CBD,2,1,4,3.84,28,Yes,2,61.0,2,6.0,Yes,285.4
995694,Lily Smith,House,CBD,4,2,9,4.58,69,No,3,79.0,2,8.0,Yes,535.22
992424,Thomas Le,Studio,Inner Suburb,1,2,3,4.63,33,No,10,57.0,3,4.0,Yes,106.29
994831,Lily Clark,House,Inner Suburb,3,3,7,4.31,8,No,2,63.0,1,4.0,Yes,380.28
995412,Ava Patel,Studio,Regional,1,1,1,4.61,23,No,4,48.0,2,3.0,Yes,100.88
990341,Michael Nguyen,House,Outer Suburb,5,3,10,4.64,52,Yes,0,85.0,1,8.0,Yes,362.83
996751,Ben Brown,House,Regional,4,4,7,4.61,40,Yes,1,97.0,3,6.0,Yes,274.38
997165,Lily Young,House,Outer Suburb,4,2,7,4.01,152,No,1,74.0,2,9.0,No,342.39
993040,Anna Singh,House,Outer Suburb,4,1,8,4.42,62,Yes,6,69.0,2,8.0,Yes,331.48
997189,Michael Brown,Townhouse,CBD,3,3,7,4.93,19,No,1,75.0,2,6.0,Yes,433.83
992120,Daniel Harris,House,CBD,4,2,7,4.22,99,Yes,6,78.0,1,7.0,No,473.2
992379,Linh Singh,Apartment,Inner Suburb,2,2,4,3.96,36,No,1,46.0,2,3.0,No,347.39
990826,Aisha Brown,House,Regional,3,2,6,4.65,32,Yes,1,76.0,1,8.0,No,456.31
993732,Isla White,Apartment,CBD,2,2,3,4.37,80,Yes,8,66.0,1,5.0,No,340.02
994430,Daniel Scott,Studio,Regional,1,2,2,4.44,38,No,0,38.0,1,3.0,No,93.94
990564,David Patel,Townhouse,Outer Suburb,3,3,7,4.37,25,No,1,83.0,1,7.0,No,421.18
997467,Daniel Clark,Townhouse,Regional,3,2,7,4.47,87,Yes,15,63.0,3,5.0,Yes,275.18
995241,Henry Smith,Apartment,Outer Suburb,2,1,6,4.33,31,No,4,78.0,2,9.0,Yes,293.51
992198,Noah Singh,Apartment,Inner Suburb,2,2,6,4.66,47,No,10,52.0,1,4.0,Yes,350.85
993765,William Nguyen,Townhouse,Inner Suburb,2,2,4,4.37,62,Yes,4,53.0,1,6.0,Yes,267.19
995915,Liam Martin,Studio,Outer Suburb,1,2,3,4.34,55,Yes,9,54.0,1,7.0,Yes,334.91
997982,Omar Wang,House,Inner Suburb,4,3,9,4.38,64,Yes,5,78.0,5,4.0,Yes,471.93
994855,Emma Clark,Villa,Inner Suburb,3,2,6,4.3,41,Yes,2,65.0,2,8.0,No,424.03
997075,Omar Martin,Apartment,Outer Suburb,3,2,6,4.11,29,Yes,1,69.0,1,5.0,Yes,211.43
996807,David Wilson,Apartment,Outer Suburb,1,2,4,4.85,49,Yes,3,63.0,2,8.0,No,227.91
993397,Arjun White,Apartment,Outer Suburb,1,2,2,4.49,6,No,4,45.0,2,7.0,No,176.14
992812,Michael Ali,Studio,Inner Suburb,1,1,3,4.5,20,No,3,57.0,2,7.0,No,231.81
993384,Arjun Ali,Apartment,Regional,1,1,2,4.29,19,No,3,31.0,2,3.0,Yes,143.07
992829,Oliver Young,Apartment,Outer Suburb,1,1,1,4.75,90,No,13,59.0,2,7.0,Yes,198.11
993584,Oliver Singh,Apartment,Outer Suburb,1,2,2,4.2,53,No,1,46.0,3,5.0,No,184.2
997970,Samuel Clark,Studio,Inner Suburb,1,2,1,4.49,45,No,5,54.0,3,6.0,Yes,219.42
990635,Liam Clark,House,CBD,3,2,6,4.24,56,No,2,60.0,1,7.0,No,420.44
990433,Lucas Patel,Townhouse,Regional,4,3,8,4.08,12,No,2,89.0,1,6.0,Yes,382.67
995114,Ethan Brown,Studio,Outer Suburb,1,1,3,4.8,36,No,1,59.0,7,4.0,Yes,210.13
994896,Lily Wang,Townhouse,Inner Suburb,2,1,3,4.74,113,No,15,63.0,1,7.0,Yes,228.8
992334,Hannah Singh,Apartment,CBD,1,1,4,4.09,70,No,9,52.0,7,4.0,Yes,222.2
996040,Jack Chen,House,Outer Suburb,3,2,5,4.26,33,N,0,61.0,1,8.0,Yes,384.24
996533,Liam Wang,Apartment,CBD,2,2,4,4.35,60,Yes,6,56.0,1,6.0,No,378.05
993848,Isla Ali,Studio,Regional,1,1,2,4.04,6,No,1,41.0,3,4.0,No,75.84
993477,Sophie Singh,Apartment,Inner Suburb,1,1,2,4.01,59,No,1,69.0,2,9.0,No,219.27
994934,Amelia King,Apartment,Inner Suburb,2,2,4,4.4,10,No,4,49.0,1,3.0,Yes,212.43
990249,Emma Wilson,Apartment,Inner Suburb,1,1,3,4.33,124,No,1,43.0,1,6.0,Yes,240.94
992743,An Walker,Studio,Outer Suburb,1,1,2,4.67,8,No,3,37.0,2,5.0,Yes,172.59
994349,Emma Chen,Apartment,Regional,3,2,7,4.35,197,No,2,76.0,1,7.0,No,303.45
994048,Lucas Patel,Apartment,CBD,2,2,4,4.73,69,No,7,68.0,10,9.0,No,361.7
990224,Sarah White,Villa,Outer Suburb,5,4,9,5.0,113,No,0,118.0,1,9.0,No,425.93
992398,Samuel Chen,House,Inner Suburb,4,3,7,4.43,71,No,4,89.0,1,5.0,Yes,339.0
993783,Lucas Clark,House,CBD,3,2,6,4.8,57,Yes,3,68.0,10,6.0,No,291.87
992606,Ethan Clark,Studio,Inner Suburb,1,2,1,4.11,22,No,1,45.0,2,6.0,No,294.65
996233,Ava Tran,Townhouse,Inner Suburb,3,2,5,4.61,101,Yes,15,74.0,1,4.0,No,478.04
991356,Chloe Wang,Apartment,Outer Suburb,2,2,6,4.12,13,No,7,60.0,1,6.0,Yes,269.49
994329,Wei Brown,House,Regional,3,3,6,4.41,55,No,14,67.0,3,8.0,No,464.39
993484,Samuel Young,Studio,Regional,1,2,4,4.42,9,No,1,57.0,1,4.0,No,145.89
995580,Ben Nguyen,House,Regional,2,2,4,4.15,100,Yes,1,55.0,1,5.0,No,312.97
990233,Lucas King,House,CBD,4,3,9,4.95,24,No,3,83.0,1,8.0,Yes,419.65
997745,Liam Wilson,Apartment,CBD,1,1,4,4.85,21,No,1,26.0,3,5.0,Yes,208.49
990646,Hannah Walker,House,CBD,3,3,6,4.41,51,Yes,7,65.0,3,3.0,Yes,337.67
991376,Lily Nguyen,Apartment,Inner Suburb,1,2,1,4.03,49,No,7,31.0,2,2.0,Yes,131.25
993366,Priya Clark,House,Inner Suburb,4,2,7,4.09,9,No,4,72.0,1,6.0,Yes,393.39
991448,Ethan Young,Townhouse,Inner Suburb,3,2,8,4.81,44,Yes,9,59.0,7,4.0,No,319.32
990770,Hannah Thomas,Apartment,CBD,1,1,2,4.59,62,Yes,2,31.0,1,5.0,Yes,281.07
994740,Chloe Clark,Apartment,Inner Suburb,2,2,4,4.57,210,Yes,5,67.0,2,7.0,Yes,289.24
997406,Lily Patel,Apartment,Outer Suburb,1,1,4,4.92,60,Yes,5,40.0,1,6.0,Yes,256.12
991331,Arjun Martin,Townhouse,Outer Suburb,2,1,6,4.11,46,Yes,5,36.0,3,3.0,Yes,265.49
996672,Amelia Le,House,Inner Suburb,3,3,7,4.55,11,No,2,77.0,1,7.0,Yes,375.41
991809,Wei Tran,Apartment,Outer Suburb,2,1,6,4.71,48,No,6,64.0,2,6.0,Yes,280.57
994579,Omar Wang,House,Inner Suburb,4,2,8,4.48,24,No,4,85.0,7,6.0,Yes,420.2
990336,Lily Scott,Townhouse,Inner Suburb,2,1,4,4.21,19,Yes,1,49.0,1,6.0,Yes,265.45
993897,Daniel Nguyen,House,Inner Suburb,3,2,8,4.62,15,No,2,74.0,1,6.0,No,392.38
992092,Priya King,House,Regional,4,2,8,4.32,52,No,0,90.0,4,6.0,Yes,339.73
995495,Anna Taylor,Apartment,Inner Suburb,1,2,3,4.29,24,No,4,46.0,4,5.0,No,347.47
995661,Aisha Lee,Studio,Regional,1,2,4,4.51,23,No,3,60.0,1,4.0,No,177.02
992675,Michael Anderson,Studio,Regional,1,1,3,4.57,70,No,15,50.0,1,6.0,No,146.94
991989,Grace Harris,Apartment,CBD,2,2,4,4.11,16,No,3,48.0,3,4.0,No,268.4
995353,Isla Anderson,Townhouse,Inner Suburb,2,2,4,4.49,56,Yes,10,49.0,2,4.0,Yes,290.29
995044,Mia Singh,Townhouse,Outer Suburb,3,2,6,,28,No,3,,2,6.0,Yes,353.8
992999,Emily Anderson,House,CBD,4,2,7,4.5,9,No,3,76.0,3,7.0,No,456.56
994907,Noah Young,House,CBD,5,4,10,4.46,45,No,12,99.0,1,9.0,Yes,497.66
991949,Henry Wilson,Apartment,Outer Suburb,2,2,6,4.05,8,No,2,60.0,2,4.0,Yes,199.55
991884,Liam Jones,Townhouse,Inner Suburb,3,2,6,4.26,21,No,8,79.0,1,7.0,No,316.39
995708,Olivia Walker,Apartment,Outer Suburb,2,3,6,4.42,8,No,2,69.0,1,6.0,Yes,324.37
996133,Sophie Wilson,Apartment,Inner Suburb,2,1,6,3.98,17,No,1,67.0,3,,Yes,337.65
996635,Amelia Thomas,Apartment,CBD,1,1,2,4.56,73,Yes,7,44.0,1,5.0,No,96.96
994510,Lucas Singh,Apartment,Inner Suburb,1,1,4,4.32,41,Yes,7,41.0,3,5.0,Yes,198.84
997007,Zoe Taylor,House,Outer Suburb,4,3,8,4.86,110,Yes,2,75.0,4,7.0,No,300.5
992316,Anna Martin,House,Inner Suburb,4,4,8,4.4,12,Yes,0,84.0,4,8.0,No,444.88
992447,Liam Lee,Apartment,Regional,3,2,6,4.56,25,Yes,4,79.0,3,8.0,No,339.38
996606,Sophie Tran,House,Outer Suburb,3,2,6,4.02,24,Yes,0,62.0,7,6.0,Yes,272.52
990402,An Patel,Apartment,Regional,1,1,4,4.53,12,No,2,48.0,1,6.0,Yes,154.75
990436,Jack Thomas,House,Outer Suburb,2,2,6,4.72,44,Yes,3,62.0,2,7.0,Yes,467.59
997089,Isla Brown,Studio,Inner Suburb,1,2,1,4.33,22,Yes,5,63.0,2,8.0,Yes,158.39
994963,Daniel Walker,House,Inner Suburb,5,3,9,4.39,48,Yes,11,106.0,5,6.0,Yes,467.04
992747,Jack Khan,Studio,Outer Suburb,1,2,2,4.15,104,Yes,8,31.0,2,3.0,Yes,236.54
995414,Arjun Nguyen,Apartment,Inner Suburb,1,2,1,4.43,22,No,0,65.0,2,7.0,Yes,240.58
997134,David Martin,Studio,Inner Suburb,1,1,2,4.72,78,Yes,12,38.0,3,5.0,Yes,236.94
991045,Emma Clark,Apartment,Inner Suburb,1,2,2,4.35,9,No,1,70.0,3,7.0,No,335.19
990555,An Harris,Villa,Inner Suburb,5,3,10,4.76,108,Yes,6,110.0,2,10.0,No,525.65
991703,Arjun Smith,Apartment,Outer Suburb,1,1,1,4.17,30,No,6,63.0,2,7.0,No,245.4
995993,Emily Patel,Apartment,Outer Suburb,1,1,2,4.51,80,Yes,9,57.0,1,6.0,Yes,137.57
992245,Sarah Walker,Studio,Outer Suburb,1,1,2,4.63,57,Yes,4,41.0,4,3.0,Yes,141.46
994601,Ben Singh,Studio,Inner Suburb,1,2,3,4.55,16,No,1,74.0,1,6.0,Yes,198.56
991603,James Chen,Studio,Regional,1,2,4,4.15,35,No,9,36.0,1,5.0,Yes,155.21
993653,Thomas Smith,House,CBD,3,3,6,4.25,86,No,0,79.0,3,9.0,Yes,424.56
995479,Omar Scott,House,Inner Suburb,2,2,6,4.29,96,No,3,73.0,3,5.0,Yes,283.15
996407,Noah Walker,Apartment,Outer Suburb,2,2,4,5.0,151,No,6,56.0,2,6.0,No,300.91
995854,Wei Thomas,Studio,CBD,1,2,2,4.29,134,Y,8,56.0,2,7.0,No,324.07
996813,Mei Chen,House,CBD,2,1,4,4.27,165,Yes,6,56.0,3,6.0,Yes,290.77
994836,Omar White,Apartment,CBD,1,1,4,4.33,87,Yes,7,22.0,1,3.0,Yes,217.98
990214,Zoe Smith,House,Inner Suburb,2,2,6,4.34,18,No,3,62.0,1,6.0,No,310.86
991863,Isla Young,Studio,Inner Suburb,1,2,3,4.51,53,Yes,2,34.0,2,4.0,Yes,190.49
993184,Amelia Singh,Apartment,Inner Suburb,1,1,3,4.28,83,Yes,12,47.0,3,6.0,Yes,316.41
990186,Grace Harris,House,Outer Suburb,4,3,8,4.64,68,Yes,3,105.0,3,7.0,Yes,530.25
993856,Henry Le,Studio,Inner Suburb,1,1,2,4.4,17,No,6,53.0,5,6.0,No,301.71
993289,Olivia Singh,Villa,Outer Suburb,4,2,9,4.28,189,Yes,1,77.0,1,5.0,Yes,424.99
993381,Ava Taylor,Studio ,CBD,1,2,2,4.89,8,No,1,48.0,3,4.0,No,202.78
994165,Lily Harris,Townhouse,Inner Suburb,2,2,5,4.7,71,No,7,60.0,1,5.0,No,297.14
990270,Minh Young,House,Outer Suburb,3,2,8,,21,No,2,,1,5.0,No,365.11
993098,Hannah Nguyen,House,Regional,4,3,8,4.21,115,Yes,15,91.0,3,3.0,Yes,379.19
992130,James Ali,Townhouse,Inner Suburb,3,2,5,4.69,7,No,3,85.0,1,8.0,Yes,347.0
994254,Noah Le,House,Outer Suburb,3,2,8,4.76,80,No,4,54.0,3,3.0,Yes,375.3
996471,Zoe White,Apartment,Inner Suburb,1,2,1,,59,Yes,9,,1,6.0,Yes,290.58
997672,James Le,House,Inner Suburb,4,2,8,,58,No,7,,2,6.0,No,441.28
991477,Amelia Le,Apartment,CBD,2,3,6,4.26,32,No,1,58.0,1,6.0,Yes,355.41
992147,Minh Patel,Apartment,Regional,1,1,2,4.38,30,No,4,51.0,1,8.0,Yes,146.48
993380,William Singh,Studio,Outer Suburb,1,1,2,3.63,71,No,8,25.0,2,1.0,No,55.0
991338,Amelia Thomas,House,Regional,3,2,7,4.57,26,No,2,83.0,3,4.0,Yes,215.75
996145,Henry Patel,Apartment,Outer Suburb,1,2,4,4.24,28,No,5,56.0,3,5.0,No,300.96
992648,Emily Harris,Apartment,CBD,2,2,4,4.39,68,No,8,47.0,1,3.0,Yes,260.88
994458,Isla Ali,Studio,Inner Suburb,1,1,2,4.36,50,No,4,48.0,1,5.0,Yes,122.84
992172,Hannah Young,Townhouse,Regional,3,2,8,4.1,1,No,1,60.0,1,5.0,Yes,301.3
997407,Isla Lee,Apartment,CBD,2,1,5,4.09,28,Yes,4,65.0,2,7.0,Yes,340.91
996181,Emily Ali,House,Outer Suburb,5,3,9,4.41,75,No,5,83.0,3,7.0,No,365.36
992740,Amelia Chen,Apartment,Inner Suburb,1,1,1,4.79,58,Yes,6,61.0,4,5.0,Yes,146.86
996300,Arjun Patel,House,Outer Suburb,3,3,6,4.28,26,No,1,85.0,1,7.0,No,401.62
990776,Olivia Ali,Townhouse,Outer Suburb,3,2,6,4.13,146,No,4,94.0,5,7.0,No,256.95
994943,Aisha Taylor,House,CBD,4,3,7,4.91,21,Yes,3,107.0,2,9.0,Yes,445.97
996303,Hannah Nguyen,Studio,Regional,1,1,2,4.5,65,Yes,6,50.0,7,3.0,Yes,98.04
990333,Ethan Brown,Studio,Inner Suburb,1,2,3,4.43,48,Yes,8,56.0,2,5.0,Yes,315.03
993921,Thomas Lee,Villa,Inner Suburb,3,3,5,4.74,35,No,2,59.0,2,6.0,No,468.97
992322,Isla Young,Studio,Inner Suburb,1,2,3,4.36,53,No,15,63.0,7,5.0,Yes,163.16
995612,Omar Nguyen,House,Inner Suburb,4,2,10,4.72,21,No,9,91.0,2,8.0,Yes,371.5
992580,Liam Jones,Villa,Inner Suburb,4,3,7,4.71,23,Yes,2,98.0,2,7.0,No,558.36
993292,Thomas King,Studio,Outer Suburb,1,2,2,4.64,58,No,1,43.0,3,5.0,Yes,245.16
992481,Mei Lee,House,Outer Suburb,4,4,9,4.2,32,No,0,99.0,2,5.0,Yes,328.04
993211,Mei Martin,Apartment,Outer Suburb,2,2,3,4.42,30,No,3,50.0,2,5.0,No,185.67
996350,Olivia Khan,House,Regional,4,3,7,4.61,16,No,3,72.0,1,5.0,Yes,429.37
996188,Ben Jones,Apartment,CBD,1,2,2,4.39,33,Yes,7,53.0,2,5.0,Yes,273.23
992981,Omar Nguyen,Villa,Inner Suburb,4,3,8,4.82,131,No,8,96.0,1,8.0,Yes,476.12
996576,Amelia Nguyen,Townhouse,Outer Suburb,2,1,6,3.84,94,No,0,62.0,5,5.0,Yes,221.29
992983,Samuel Taylor,House,Regional,5,3,10,4.86,68,No,3,112.0,1,10.0,Yes,485.68
994932,Minh Harris,Villa,Outer Suburb,4,2,10,4.54,26,No,1,99.0,3,8.0,Yes,544.59
991446,Hannah Khan,House,Regional,3,2,6,4.69,71,Yes,9,74.0,5,4.0,Yes,347.12
991456,Liam Young,Apartment,Inner Suburb,2,1,5,,40,Yes,1,45.0,4,5.0,Yes,311.6
992182,Minh Wang,House,Regional,3,2,7,4.46,33,No,0,86.0,1,7.0,No,313.42
994151,Ava Scott,Apartment,CBD,2,2,3,3.74,71,No,1,59.0,3,3.0,Yes,211.61
990939,Samuel Thomas,Studio,Inner Suburb,1,1,3,4.39,29,Yes,0,42.0,2,6.0,No,323.92
991240,Emma Chen,House,Inner Suburb,3,2,6,4.54,25,Yes,3,81.0,2,9.0,Yes,398.06
992621,Emily Scott,Apartment,Regional,1,2,3,4.37,41,Yes,2,56.0,1,4.0,No,155.37
996518,Omar Scott,Apartment,Outer Suburb,2,2,3,4.75,15,Yes,2,51.0,3,4.0,No,119.94
991236,Daniel Young,House,CBD,2,2,3,4.43,91,Yes,11,68.0,1,5.0,Yes,393.46
997132,Amelia Singh,Studio,CBD,1,1,2,4.65,35,Yes,0,41.0,1,6.0,No,173.82
996853,Minh Thomas,Townhouse,Outer Suburb,2,2,4,3.88,3,No,1,59.0,1,8.0,Yes,290.19
992404,David Harris,Townhouse,Outer Suburb,2,2,6,4.5,45,Yes,8,69.0,2,8.0,Yes,416.22
997350,Zoe Chen,Studio,Inner Suburb,1,1,3,4.17,100,No,6,59.0,1,5.0,Yes,226.16
993745,Jack Tran,House,Outer Suburb,2,2,4,4.19,36,Yes,6,71.0,2,6.0,Yes,319.79
992944,Aisha Lee,Studio,CBD,1,2,4,4.22,42,No,1,57.0,1,6.0,No,255.62
996347,Sophie Wilson,Apartment,Outer Suburb,1,2,3,3.99,5,No,1,53.0,1,3.0,No,243.83
992596,William Patel,Studio,CBD,1,2,2,3.8,65,Yes,9,49.0,3,3.0,No,241.23
995133,Wei Thomas,Apartment,CBD,1,1,2,4.36,11,No,4,30.0,10,6.0,No,312.34
990580,An Le,Studio,Inner Suburb,1,2,1,4.61,54,Yes,2,54.0,1,6.0,No,263.84
996378,Isla Tran,Apartment,Regional,3,2,7,,31,No,2,,2,7.0,Yes,334.81
997473,Grace Taylor,Townhouse,CBD,3,2,6,4.55,57,Yes,2,87.0,1,6.0,Yes,372.85
993998,Wei Jones,Apartment,Inner Suburb,1,1,2,3.91,39,No,9,42.0,4,3.0,Yes,185.5
997877,Emma King,Apartment,CBD,1,1,2,4.77,146,Yes,5,57.0,2,5.0,Yes,251.96
992450,William Khan,Studio,Outer Suburb,1,2,3,4.75,29,No,6,35.0,3,5.0,Yes,150.51
990187,Sophie Anderson,House,Inner Suburb,4,2,7,4.5,14,No,4,85.0,3,8.0,Yes,439.5
997991,Samuel Chen,Villa,Inner Suburb,4,3,10,4.42,41,Yes,7,90.0,10,8.0,Yes,518.85
992160,Anna Le,Studio,CBD,1,2,4,4.35,40,Yes,0,77.0,1,7.0,Yes,255.99
990308,Aisha White,Apartment,Outer Suburb,1,2,2,4.94,25,No,3,50.0,2,8.0,No,251.39
994648,Daniel Harris,Studio,Inner Suburb,1,1,2,4.08,301,No,0,48.0,3,3.0,No,213.77
992457,Lily Anderson,Apartment,Regional,1,1,2,4.73,88,Yes,5,43.0,1,5.0,Yes,186.18
990084,Ben Walker,Apartment,Inner Suburb,2,2,4,3.93,43,No,11,66.0,1,6.0,No,260.82
992092,Priya King,House,Regional,4,2,8,4.32,52,No,0,90.0,4,6.0,Yes,339.73
990212,Wei Patel,Studio,Inner Suburb,1,2,3,3.86,129,No,7,52.0,2,4.0,Yes,193.02
991621,Minh Ali,House,Outer Suburb,5,3,10,4.57,29,No,0,88.0,2,6.0,Yes,487.24
997424,Priya Ali,Apartment,Outer Suburb,1,2,1,4.53,13,No,1,64.0,1,7.0,Yes,172.73
995384,Mai Singh,House,Outer Suburb,3,3,5,4.48,33,No,2,68.0,1,5.0,Yes,386.96
997004,Grace Young,Townhouse,CBD,3,3,6,4.67,48,No,5,89.0,2,6.0,Yes,423.99
992655,Mia Wang,Apartment,Inner Suburb,1,2,2,4.63,33,Yes,2,60.0,10,5.0,Yes,226.24
995440,Noah Thomas,Apartment,CBD,1,1,4,4.13,31,Yes,3,62.0,2,7.0,Yes,320.34
991713,Mai Walker,Apartment,Inner Suburb,1,2,2,3.91,9,No,3,51.0,1,3.0,No,160.94
997302,Mia Martin,Apartment,CBD,1,2,2,4.29,23,No,1,59.0,4,5.0,No,324.81
995937,Hannah Young,Apartment,Inner Suburb,1,1,4,4.73,15,No,2,41.0,2,6.0,Yes,265.87
992817,Sophie Tran,Studio,Regional,1,2,1,4.58,3,No,1,56.0,1,8.0,No,234.34
990485,Wei Nguyen,Apartment,Inner Suburb,1,1,3,4.93,28,Yes,2,27.0,2,4.0,Yes,223.62
997041,Sarah Harris,House,Regional,3,3,6,4.46,85,No,1,91.0,2,8.0,Yes,321.69
997871,David Jones,Townhouse,CBD,3,2,6,4.17,9,No,0,74.0,1,3.0,Yes,402.28
994970,Ava Young,Apartment,Inner Suburb,2,2,4,4.97,49,Yes,8,57.0,1,5.0,No,272.61
996729,Emily Le,Apartment,CBD,1,1,3,4.14,130,No,13,75.0,4,7.0,No,249.35
991208,William Chen,Apartment,Outer Suburb,2,1,6,4.53,52,Yes,8,52.0,2,4.0,Yes,275.49
990663,Ben Tran,Apartment,Outer Suburb,1,1,3,4.17,42,No,3,18.0,1,5.0,Yes,175.3
997336,Oliver Clark,Townhouse,Inner Suburb,3,2,8,4.49,19,No,0,63.0,2,7.0,No,384.14
994164,Noah Tran,House,CBD,4,2,10,4.24,18,Yes,1,75.0,1,3.0,Yes,544.1
990809,Sophie Martin,Studio,Outer Suburb,1,1,1,4.76,44,No,2,38.0,1,7.0,No,218.84
994638,Anna Wang,House,Outer Suburb,5,3,9,4.29,73,No,1,113.0,1,6.0,Yes,404.11
996402,Lucas Smith,Apartment,Inner Suburb,2,2,6,,45,Yes,1,,1,7.0,Yes,388.18
993018,Samuel Nguyen,House,Regional,4,3,7,4.63,46,Yes,5,77.0,2,4.0,No,364.79
996248,Jack Clark,Apartment,Outer Suburb,2,2,6,3.97,31,Yes,1,60.0,2,4.0,Yes,123.06
990803,Grace Clark,Apartment,Outer Suburb,2,2,6,4.74,54,Yes,3,64.0,2,6.0,No,319.31
995281,Isla Singh,Studio,Outer Suburb,1,1,2,4.66,57,Yes,13,43.0,1,6.0,Yes,223.53
997835,Liam Harris,Apartment,Outer Suburb,3,2,5,4.33,45,No,1,74.0,3,6.0,No,205.47
996075,Jack Anderson,Apartment,Regional,2,2,5,4.44,55,Yes,4,55.0,1,6.0,Yes,188.15
990751,Emily Thomas,House,Regional,3,2,6,4.31,83,Yes,4,62.0,5,5.0,Yes,283.33
992958,Minh Thomas,Villa,Inner Suburb,5,3,10,4.0,76,No,5,92.0,2,9.0,No,580.51
994617,Grace Harris,Apartment,CBD,2,2,4,4.57,59,No,8,39.0,4,4.0,Yes,337.4
996691,Aisha Lee,Villa,Outer Suburb,4,3,9,4.28,11,No,2,82.0,1,6.0,No,399.53
990174,Oliver Martin,House,Regional,2,2,3,3.99,98,No,3,59.0,1,5.0,No,259.6
992000,An Ali,Apartment,Inner Suburb,1,2,3,4.63,82,Yes,0,47.0,2,6.0,Yes,200.26
997373,Linh Le,Apartment,CBD,1,1,1,4.61,36,No,2,41.0,1,3.0,No,349.4
994043,Wei Wilson,Studio,CBD,1,2,2,4.31,7,No,4,59.0,1,5.0,No,262.88
996974,Zoe King,Villa,CBD,3,2,7,4.83,79,Yes,7,78.0,2,8.0,Yes,496.43
991094,Emily Lee,Studio,Regional,1,1,1,4.51,60,Yes,2,59.0,2,6.0,No,121.93
992617,David Harris,House,Outer Suburb,3,2,7,4.31,24,No,1,84.0,3,6.0,No,344.36
991829,Omar Nguyen,Townhouse,Outer Suburb,3,3,7,4.69,45,Yes,4,73.0,1,5.0,Yes,395.53
994139,Samuel Wang,Apartment,CBD,2,1,6,4.07,33,No,6,60.0,3,,Yes,297.53
991320,Grace Patel,Apartment,Regional,1,2,1,4.66,44,No,1,65.0,2,6.0,Yes,94.68
991682,Arjun Clark,Townhouse,Outer Suburb,3,2,7,3.95,119,No,11,82.0,1,8.0,Yes,399.09
996752,Emma Smith,Townhouse,CBD,2,1,3,4.44,16,No,2,63.0,2,4.0,Yes,306.88
996277,Oliver Young,Studio,Regional,1,1,3,4.53,57,Yes,4,46.0,1,4.0,Yes,326.87
990788,Ethan Singh,Apartment,Regional,1,1,3,4.76,71,Yes,5,44.0,2,5.0,Yes,243.53
996346,William Chen,House,Outer Suburb,3,2,7,4.69,56,Yes,13,94.0,1,9.0,No,341.73
995606,Grace Tran,Villa,CBD,5,3,10,4.22,8,No,3,113.0,4,,No,564.43
991418,Aisha Chen,Apartment,Inner Suburb,1,2,1,4.36,52,Yes,2,42.0,1,3.0,Yes,223.15
991997,Emma Khan,Apartment,CBD,2,1,4,4.37,26,No,6,51.0,2,4.0,Yes,367.71
997793,An Walker,Villa,Outer Suburb,5,3,10,,41,No,9,102.0,2,8.0,No,466.57
992180,Jack Singh,Apartment,Regional,1,1,4,,64,Yes,15,,5,5.0,No,246.86
990052,Thomas Thomas,House,Regional,2,3,6,4.96,29,Yes,2,81.0,1,9.0,No,334.07
997955,Linh Smith,Apartment,Outer Suburb,2,1,5,4.82,73,No,14,72.0,4,8.0,Yes,334.81
991831,Hannah Thomas,House,Inner Suburb,4,2,10,4.45,42,No,10,80.0,5,4.0,Yes,395.41
997556,Samuel Lee,Townhouse,Inner Suburb,3,1,7,,23,Yes,0,75.0,3,8.0,Yes,365.0
990990,Zoe Smith,House,Outer Suburb,4,3,8,4.49,70,No,9,89.0,1,5.0,No,344.4
995311,Chloe Jones,House,CBD,4,3,8,4.76,37,No,3,80.0,2,5.0,No,563.67
991564,Ethan Singh,House,Outer Suburb,3,2,6,3.87,100,Yes,9,67.0,1,4.0,Yes,306.43
995734,James Young,Apartment,Regional,3,3,6,4.82,96,No,2,96.0,2,8.0,No,250.89
995087,Olivia Brown,Studio,CBD,1,2,2,4.36,57,No,4,67.0,1,4.0,Yes,256.98
997212,An Martin,Studio,Outer Suburb,1,2,1,5.0,44,Yes,2,44.0,4,5.0,Yes,207.03
993925,Priya Khan,Villa,Outer Suburb,4,3,8,4.58,16,No,2,87.0,1,7.0,No,435.31
992504,Anna White,Apartment,Regional,1,1,2,4.59,21,No,9,36.0,1,4.0,No,137.96
996486,Mai Lee,House,Inner Suburb,3,3,5,4.51,53,Yes,3,60.0,4,7.0,Yes,367.7
990035,Michael Singh,Villa,CBD,2,2,3,4.3,29,Yes,11,54.0,1,5.0,No,386.62
990444,Michael Anderson,Villa,Outer Suburb,4,2,7,4.67,42,Yes,10,100.0,4,7.0,No,524.3
995433,Zoe Harris,House,CBD,5,3,9,4.19,28,No,2,109.0,4,5.0,No,445.67
993873,Chloe King,apartment,Inner Suburb,3,2,6,4.51,62,No,3,71.0,2,5.0,No,409.87
993281,Emily Young,Studio,Regional,1,2,2,3.88,27,No,8,46.0,2,1.0,No,150.56
993819,Priya Nguyen,House,Outer Suburb,2,1,3,4.25,45,No,1,57.0,4,3.0,No,194.67
992170,Zoe Wilson,Apartment,CBD,3,3,6,4.48,34,No,3,81.0,4,8.0,No,354.91
995221,Chloe Lee,Studio,Regional,1,2,2,4.85,38,Yes,6,66.0,1,7.0,Yes,235.72
994079,Arjun Wang,Townhouse,Inner Suburb,3,3,8,4.68,87,Yes,2,61.0,2,3.0,No,252.32
996864,Oliver Clark,House,Outer Suburb,4,3,8,4.47,7,No,1,63.0,1,5.0,No,371.57
994476,Aisha Anderson,Apartment,Outer Suburb,1,1,1,4.5,57,Yes,6,46.0,2,,Yes,272.43
991993,Wei King,Townhouse,CBD,3,2,6,4.53,31,No,0,63.0,2,8.0,No,381.07
991624,James Khan,Townhouse,Regional,2,2,4,4.92,38,Yes,4,66.0,10,7.0,Yes,181.46
990644,David Tran,Townhouse,Regional,3,3,7,,58,No,5,,1,7.0,No,301.72
997276,Grace Harris,Apartment,Inner Suburb,2,1,3,4.42,18,Yes,0,56.0,10,5.0,Yes,222.88
992885,Noah Singh,Studio,Outer Suburb,1,2,3,4.5,17,No,1,55.0,2,4.0,Yes,160.4
994842,Ben King,Apartment,CBD,2,2,3,4.52,97,Yes,9,72.0,1,7.0,Yes,308.52
991576,Samuel Singh,Townhouse,Inner Suburb,2,1,6,4.38,175,Yes,3,40.0,2,,Yes,400.8
992631,Ben Singh,Townhouse,Regional,3,2,7,4.43,51,Yes,1,89.0,2,5.0,No,235.36
990592,Ethan Anderson,Villa,Inner Suburb,4,3,8,5.0,91,No,1,80.0,2,10.0,Yes,512.69
991892,Ava Nguyen,Apartment,CBD,1,2,2,4.25,80,Yes,15,42.0,2,5.0,No,298.71
992895,Ben Taylor,Apartment,CBD,2,1,4,4.39,38,No,2,57.0,1,6.0,No,390.29
993230,Emma Jones,Apartment,Outer Suburb,1,2,2,4.81,115,No,5,59.0,3,7.0,Yes,278.49
997177,Lucas Taylor,Apartment,Outer Suburb,2,2,6,4.24,33,Yes,1,78.0,7,6.0,Yes,226.15
993842,Lucas Wang,House,CBD,2,1,5,4.57,95,Yes,13,45.0,3,6.0,Yes,409.37
991065,Samuel Tran,House,CBD,2,1,4,4.43,7,No,2,70.0,2,6.0,Yes,425.72
992687,Priya King,House,Inner Suburb,4,2,9,4.54,19,No,1,94.0,1,8.0,Yes,382.91
997968,Minh Young,Studio,CBD,1,2,1,4.24,14,No,1,45.0,3,6.0,No,276.93
990050,William Chen,Apartment,CBD,2,2,4,4.74,36,No,4,64.0,1,9.0,No,303.75
997952,Amelia Khan,Apartment,CBD,2,3,3,3.84,29,Yes,2,85.0,1,6.0,Yes,384.83
994347,Chloe Anderson,Studio,Outer Suburb,1,2,3,4.69,48,Yes,2,42.0,2,5.0,Yes,162.19
997499,Oliver Singh,House,Regional,4,3,7,4.63,40,No,7,98.0,1,7.0,Yes,350.25
992914,Thomas Smith,Studio,CBD,1,1,2,4.64,235,No,4,64.0,10,6.0,Yes,205.15
995594,Daniel Tran,Townhouse,Regional,4,3,7,4.45,31,No,6,106.0,1,8.0,Yes,576.13
997938,Mei Patel,Apartment,Inner Suburb,2,2,4,4.45,73,Yes,3,68.0,3,4.0,Yes,400.05
990272,Liam Tran,Apartment,Regional,1,1,2,4.54,65,Yes,10,57.0,2,,No,251.37
992503,Lucas Taylor,House,Outer Suburb,3,1,7,4.16,91,Yes,13,78.0,2,5.0,Yes,320.14
992253,Emma Ali,Apartment,Regional,2,2,6,4.58,22,No,0,59.0,2,4.0,Yes,162.86
996780,Daniel Le,Apartment,Outer Suburb,1,1,2,4.56,9,No,0,45.0,4,5.0,Yes,159.26
995397,Daniel Harris,Apartment,Outer Suburb,1,1,2,4.55,22,No,6,48.0,2,7.0,No,208.51
991082,Ethan Ali,Studio,CBD,1,1,4,4.15,56,Yes,5,46.0,1,7.0,No,220.04
990806,Grace Wang,Apartment,Inner Suburb,1,1,2,4.54,3,No,1,46.0,2,1.0,No,80.91
990865,An Tran,House,Regional,4,2,7,4.36,42,Yes,0,71.0,1,7.0,Yes,245.93
992148,Lily Walker,House,Regional,2,2,3,4.26,16,No,2,59.0,2,7.0,Yes,277.8
990792,Hannah Thomas,House,Outer Suburb,4,2,8,4.24,9,No,2,77.0,1,7.0,No,388.4
991656,William Singh,Studio,CBD,1,2,1,4.49,47,No,9,48.0,7,6.0,Yes,331.64
992107,Chloe Chen,Apartment,CBD,1,1,3,4.32,112,No,0,53.0,3,5.0,No,229.07
995806,Omar King,House,CBD,4,2,7,4.52,22,No,6,99.0,3,7.0,Yes,423.11
990690,Anna Tran,Apartment,CBD,1,1,4,4.32,60,Yes,4,38.0,1,,No,264.31
991432,Samuel Taylor,Apartment,Inner Suburb,3,4,6,4.17,25,Yes,2,89.0,3,,Yes,402.38
992778,Lily Le,Villa,CBD,4,3,9,4.43,32,No,8,94.0,3,7.0,Yes,598.04
993743,Michael Thomas,Studio,Regional,1,1,3,4.88,9,No,6,42.0,3,6.0,No,122.0
996124,Sarah Patel,Apartment,Regional,2,2,3,4.35,21,No,1,72.0,2,5.0,No,230.08
993359,Oliver Harris,Apartment,CBD,2,2,3,4.45,13,No,1,49.0,14,7.0,No,328.09
991930,Michael Ali,Apartment,Regional,1,1,2,4.18,23,Yes,1,44.0,1,6.0,Yes,177.25
992658,Aisha Lee,House,CBD,4,2,7,4.72,162,Yes,9,82.0,2,8.0,Yes,497.48
993010,Jack Martin,Studio,CBD,1,2,2,4.32,171,No,2,43.0,4,2.0,No,263.74
994228,Daniel Le,House,Outer Suburb,3,2,5,4.17,61,No,2,56.0,4,4.0,Yes,356.33
994931,An White,House,Outer Suburb,3,2,7,3.81,60,No,1,76.0,1,5.0,Yes,368.49
997461,Mia Lee,Townhouse,Outer Suburb,3,3,6,4.49,53,Yes,3,65.0,2,7.0,No,416.45
991825,Ava Wilson,House,Inner Suburb,4,3,7,4.43,82,Yes,10,64.0,1,2.0,Yes,418.51
995164,Omar King,House,Regional,3,2,6,5.0,66,Yes,0,73.0,2,7.0,Yes,415.67
997380,Liam Scott,House,Regional,5,3,10,4.45,27,No,1,95.0,1,7.0,No,386.69
994383,Thomas White,Apartment,Inner Suburb,1,1,3,4.22,50,Yes,15,50.0,3,4.0,No,201.16
996167,Hannah Smith,Apartment,CBD,2,2,5,,43,No,1,,5,4.0,Yes,400.75
990771,Oliver Tran,Studio,Outer Suburb,1,2,3,4.13,39,No,2,24.0,2,5.0,Yes,55.0
991047,Anna Scott,Studio,Inner Suburb,1,1,2,4.43,58,No,4,43.0,3,6.0,Yes,153.88
994217,Thomas Ali,Apartment,CBD,1,2,4,4.37,103,Yes,4,65.0,4,6.0,Yes,410.55
993061,An Ali,Studio,Inner Suburb,1,2,2,4.28,17,No,8,69.0,1,7.0,Yes,187.7
994817,Grace Wilson,Apartment,Inner Suburb,1,2,1,4.39,25,No,0,64.0,1,6.0,Yes,253.03
995568,Amelia Chen,Townhouse,Regional,2,2,5,4.27,99,Yes,5,66.0,2,3.0,Yes,251.17
994761,Ethan Young,Apartment,CBD,1,1,4,,86,No,9,52.0,2,6.0,No,305.09
996033,James Nguyen,Villa,Regional,4,3,9,4.59,51,No,0,90.0,1,9.0,Yes,453.28
993986,Isla Taylor,Apartment,Outer Suburb,2,2,4,4.8,200,Yes,15,63.0,1,6.0,Yes,303.33
994616,Sophie Jones,Apartment,CBD,2,2,4,4.26,60,No,12,64.0,2,3.0,Yes,313.23
996361,An Walker,Apartment,Outer Suburb,1,1,1,4.39,69,No,3,62.0,7,6.0,Yes,202.94
990786,Linh Singh,House,Outer Suburb,4,3,10,4.7,191,Yes,1,97.0,1,6.0,Yes,404.89
994679,Emily Walker,Apartment,Regional,1,2,3,4.41,16,No,4,48.0,1,4.0,Yes,178.78
997278,James Singh,Villa,Outer Suburb,5,4,10,4.57,47,Yes,12,111.0,1,7.0,Yes,545.92
996770,Lucas Le,Apartment,Inner Suburb,3,2,7,4.2,171,No,5,72.0,1,7.0,No,382.32
995219,Amelia Singh,Studio,Inner Suburb,1,2,3,4.31,34,No,15,48.0,2,7.0,No,214.86
990963,An Young,Apartment,CBD,2,1,3,4.49,19,No,8,67.0,2,5.0,Yes,394.01
990929,Samuel Clark,Apartment,Outer Suburb,1,1,3,4.44,40,Yes,3,36.0,1,3.0,Yes,171.88
993601,Henry Martin,Studio,Regional,1,2,2,4.57,43,Yes,3,62.0,3,6.0,No,145.99
994102,Ava Chen,Apartment,Inner Suburb,2,1,6,,36,No,11,,2,6.0,Yes,290.25
993854,Olivia Ali,Apartment,Regional,2,2,5,4.63,65,Yes,14,68.0,2,6.0,No,241.34
992470,Jack Patel,Studio,CBD,1,1,4,4.71,27,No,0,45.0,3,3.0,Yes,263.54
996284,Linh Smith,House,Inner Suburb,4,2,7,4.71,84,No,4,91.0,7,6.0,No,403.48
990037,Minh Nguyen,Apartment,Inner Suburb,1,1,4,4.41,78,Yes,11,44.0,2,3.0,No,295.44
993770,Olivia Le,Apartment,CBD,3,2,8,4.75,162,Yes,8,46.0,4,4.0,No,295.83
992877,Henry Brown,Apartment,Inner Suburb,1,1,3,4.44,39,No,3,59.0,1,7.0,Yes,148.48
995771,David Wilson,Apartment,Inner Suburb,1,1,4,4.84,22,No,3,41.0,3,6.0,Yes,244.85
993002,Daniel Wang,Apartment,Inner Suburb,1,1,2,4.39,60,No,5,49.0,2,5.0,No,155.71
991427,Aisha Singh,House,Outer Suburb,4,3,8,4.32,62,No,6,68.0,3,3.0,No,352.51
994575,Wei Wang,Townhouse,Regional,2,2,5,4.71,3,No,2,73.0,10,6.0,No,245.56
997676,Omar Wilson,Studio,Outer Suburb,1,1,2,4.51,24,No,1,30.0,2,2.0,No,137.64
997925,Daniel Walker,Apartment,Regional,2,2,6,4.5,55,Yes,8,42.0,1,5.0,Yes,220.4
996683,Michael Le,Apartment,Outer Suburb,1,1,2,4.61,25,No,5,36.0,3,6.0,Yes,206.18
992022,Emma Young,Apartment,Inner Suburb,1,1,2,4.33,69,Yes,12,51.0,2,7.0,Yes,243.78
992335,Henry Brown,Apartment,Outer Suburb,2,2,6,4.54,84,No,9,76.0,5,7.0,No,232.86
994637,Noah Thomas,Apartment,Inner Suburb,2,2,4,4.21,7,No,1,47.0,2,5.0,Yes,358.45
990556,Mei Walker,Apartment,CBD,1,1,4,4.36,68,No,3,38.0,1,3.0,No,240.37
991238,Emily Harris,Apartment,Inner Suburb,1,2,2,4.44,37,No,9,51.0,1,5.0,Yes,224.37
995293,David Singh,Studio,Inner Suburb,1,1,4,4.78,33,Yes,5,53.0,5,8.0,No,229.85
995105,Ava Ali,Apartment,Regional,1,1,2,4.48,40,Yes,4,48.0,2,5.0,No,216.78
995389,Liam Martin,House,Inner Suburb,4,3,8,4.87,36,Yes,3,97.0,1,,No,445.32
993271,Arjun White,House,Outer Suburb,4,3,10,4.09,76,Yes,15,89.0,14,6.0,No,511.75
994602,Aisha Tran,Studio,Inner Suburb,1,2,4,4.46,19,No,1,59.0,3,,Yes,187.29
995420,Arjun Chen,House,Inner Suburb,3,2,5,4.76,77,No,3,53.0,3,3.0,Yes,270.12
996085,Daniel Patel,Townhouse,Regional,2,2,3,4.83,76,Yes,5,56.0,2,7.0,No,352.36
994061,Hannah Scott,House,CBD,5,2,10,4.16,74,Yes,9,103.0,3,7.0,No,458.58
997661,Minh Walker,Townhouse,Regional,3,2,6,4.9,77,No,2,61.0,1,6.0,Yes,373.34
993894,Ben Jones,Studio,Regional,1,2,3,4.31,114,Yes,1,54.0,1,5.0,Yes,108.93
991475,Lucas Singh,Studio,Outer Suburb,1,1,4,4.25,4,No,1,62.0,1,7.0,Yes,99.3
997709,Mia Lee,Apartment,CBD,1,1,4,4.68,52,Yes,7,50.0,1,7.0,Yes,362.77
995855,Anna Anderson,Townhouse,Outer Suburb,2,2,4,4.06,13,No,4,44.0,1,,No,286.35
995529,Linh King,Townhouse,CBD,2,3,3,4.35,60,Yes,15,50.0,4,5.0,Yes,426.1
991909,Noah Khan,Villa,Inner Suburb,5,3,10,4.77,22,No,9,80.0,2,9.0,Yes,582.83
995234,Aisha Young,Apartment,Outer Suburb,1,1,2,4.14,67,No,7,54.0,1,4.0,No,262.44
994798,Emily Patel,Apartment,Regional,1,1,1,3.82,91,No,3,45.0,2,4.0,No,152.24
997677,Sarah Clark,Townhouse,CBD,3,2,8,4.75,66,Yes,4,67.0,5,5.0,No,423.02
992295,Lucas Jones,Apartment,Outer Suburb,2,1,5,4.12,57,No,3,56.0,1,5.0,No,331.5
996558,Omar Tran,House,Inner Suburb,3,2,5,4.93,29,No,7,77.0,1,8.0,Yes,322.06
994187,Daniel Martin,Townhouse,Regional,3,2,6,4.13,23,No,3,62.0,5,5.0,No,201.16
994768,Henry Chen,Townhouse,Regional,2,2,4,4.78,23,No,7,52.0,1,6.0,Yes,219.34
993973,Emma Chen,Villa,Outer Suburb,3,2,8,4.54,82,Yes,1,89.0,2,10.0,No,478.03
991927,James Clark,Apartment,Inner Suburb,1,1,4,4.84,11,No,6,44.0,2,7.0,No,290.55
994886,Liam Anderson,Apartment,CBD,1,1,2,4.21,55,Yes,9,48.0,3,3.0,No,284.69
995324,Mei Taylor,Apartment,Regional,2,3,4,4.2,10,No,0,67.0,3,6.0,No,219.6
997357,Minh Anderson,House,Outer Suburb,3,2,8,4.25,37,Yes,6,77.0,1,4.0,Yes,303.63
990104,Mai Jones,Townhouse,Outer Suburb,3,2,8,4.3,69,Yes,13,69.0,3,9.0,Yes,329.27
995632,Michael Nguyen,Apartment,CBD,1,2,2,4.43,9,No,2,63.0,3,4.0,Yes,261.67
993865,Mia Harris,Apartment,Regional,2,2,4,4.68,40,No,3,61.0,1,6.0,Yes,268.29
994805,Aisha Le,House,Regional,4,3,9,4.52,43,Yes,1,88.0,3,8.0,No,519.63
992104,Michael Singh,Townhouse,CBD,3,3,6,4.94,132,Yes,1,73.0,3,8.0,No,335.13
997140,Noah Khan,Apartment,CBD,3,3,6,4.37,57,No,6,69.0,1,5.0,No,288.08
997592,Olivia Harris,Apartment,CBD,1,1,4,4.38,81,Yes,12,41.0,2,6.0,Yes,297.32
992761,Wei Scott,Apartment,Outer Suburb,3,2,6,4.63,28,No,1,62.0,3,6.0,Yes,273.36
996750,Emily Walker,Villa,CBD,3,2,8,4.68,40,Yes,1,76.0,1,5.0,No,451.72
992801,Isla Chen,Studio,Inner Suburb,1,1,1,4.7,28,No,0,45.0,2,7.0,Yes,246.38
990911,James Wilson,Apartment,Regional,2,2,5,4.66,26,No,1,69.0,3,10.0,Yes,225.32
997366,Emma Young,Studio,Inner Suburb,1,1,3,4.88,20,Yes,1,57.0,2,5.0,Yes,328.31
990445,James Walker,House,Inner Suburb,2,1,5,4.56,44,No,5,61.0,1,8.0,No,274.43
997202,Zoe Chen,Apartment,Regional,1,1,4,4.27,88,Yes,3,50.0,2,4.0,Yes,70.57
994450,Michael Martin,Apartment,Inner Suburb,1,1,2,4.56,25,Yes,1,55.0,2,7.0,No,257.15
990054,Minh Scott,Studio,Outer Suburb,1,2,2,4.78,94,Yes,6,73.0,3,5.0,Yes,188.57
994926,Oliver Jones,Townhouse,Inner Suburb,2,2,4,4.44,79,Yes,4,76.0,3,8.0,Yes,293.05
994962,An Scott,House,Outer Suburb,4,2,8,3.95,79,No,14,84.0,1,6.0,No,311.31
994214,Wei King,Apartment,Regional,1,1,2,4.64,57,Yes,15,38.0,3,5.0,No,205.06
992495,James Wilson,Studio,CBD,1,1,1,4.64,15,No,3,38.0,1,5.0,No,244.56
991538,Isla Le,Studio,CBD,1,1,3,4.55,9,No,0,51.0,3,4.0,Yes,269.19
991006,Noah Harris,Studio,Outer Suburb,1,1,4,4.86,36,No,1,53.0,1,5.0,No,208.03
990040,Mai Thomas,Apartment,Regional,2,2,3,4.61,46,Yes,0,62.0,1,6.0,Yes,342.55
995991,Minh Wang,Apartment,Outer Suburb,1,1,1,3.98,26,Yes,0,36.0,1,5.0,Yes,194.77
993805,Mia Martin,House,Outer Suburb,3,3,6,4.09,53,No,1,84.0,1,5.0,Yes,354.43
997085,Oliver Smith,Villa,Outer Suburb,4,3,9,4.97,60,No,2,94.0,3,8.0,No,515.39
991982,Liam Singh,Apartment,Inner Suburb,1,1,4,4.72,37,No,3,45.0,1,5.0,Yes,262.82
995238,Omar Scott,Townhouse,Regional,3,2,5,4.67,45,No,11,61.0,1,8.0,No,320.0
991426,David Nguyen,Townhouse,Outer Suburb,2,1,4,4.45,46,No,9,48.0,7,4.0,Yes,308.1
991180,Samuel Wang,Apartment,Outer Suburb,3,2,8,4.57,14,No,1,76.0,2,8.0,No,378.64
991983,Linh Jones,Apartment,Outer Suburb,1,1,3,4.35,85,No,3,35.0,10,3.0,No,156.81
997552,James Jones,Apartment,CBD,1,2,4,4.37,134,No,1,60.0,3,7.0,No,289.51
991515,Samuel Le,House,Outer Suburb,4,3,8,4.51,47,Yes,6,94.0,7,8.0,Yes,433.71
996280,Liam Khan,Studio,Regional,1,2,1,4.29,24,No,3,54.0,7,,Yes,153.76
994541,Oliver Martin,Apartment,Outer Suburb,1,1,2,4.29,53,No,2,42.0,2,6.0,Yes,210.09
993463,William Brown,House,Inner Suburb,3,3,6,4.2,33,Yes,1,69.0,1,5.0,No,338.14
991647,Mai Walker,Apartment,Outer Suburb,2,2,4,4.83,58,Yes,7,68.0,3,8.0,No,277.02
995735,Sarah Tran,Apartment,Inner Suburb,1,2,2,4.34,103,Yes,13,40.0,5,4.0,Yes,256.88
990415,Hannah Scott,Studio,CBD,1,2,1,4.0,97,Yes,3,54.0,2,6.0,No,217.59
997992,Lily White,House,Regional,5,4,10,4.13,102,No,1,115.0,2,7.0,Yes,480.77
993393,Henry Le,Villa,Outer Suburb,5,2,10,4.7,46,No,1,91.0,3,9.0,Yes,494.71
992397,Ben White,Studio,Inner Suburb,1,1,3,4.85,66,Yes,8,56.0,2,6.0,Yes,251.26
990004,Emma Harris,House,CBD,3,2,5,4.65,42,Yes,7,57.0,3,3.0,No,340.54
997685,Mei Khan,Apartment,CBD,3,2,6,4.68,11,No,2,73.0,3,5.0,Yes,329.76
995502,Oliver Lee,Apartment,Outer Suburb,1,2,2,4.2,63,No,0,60.0,5,7.0,No,257.4
997020,William Singh,Apartment,Outer Suburb,1,2,4,4.32,81,Yes,8,62.0,3,5.0,No,272.67
996831,Zoe Chen,Townhouse,Inner Suburb,3,2,6,4.28,69,No,0,68.0,2,5.0,Yes,323.53
991060,Thomas Young,Studio,CBD,1,2,2,,145,No,0,,1,3.0,Yes,205.51
997215,Sophie Chen,House,Inner Suburb,3,2,5,4.49,46,No,1,68.0,2,7.0,Yes,365.08
993011,James Jones,Townhouse,Outer Suburb,4,3,10,4.65,42,No,1,89.0,3,6.0,No,461.49
997178,Sophie Wang,Townhouse,Inner Suburb,2,1,4,4.25,8,No,2,57.0,1,4.0,No,312.82
992622,Daniel Ali,House,CBD,4,2,8,3.89,28,No,1,96.0,1,7.0,No,463.38
997283,Ben Smith,House,CBD,2,2,3,4.16,40,No,1,54.0,2,4.0,No,448.31
990633,Michael Lee,Apartment,Outer Suburb,2,2,4,4.62,43,No,4,63.0,2,5.0,Yes,336.83
996761,Minh Anderson,Studio,Regional,1,1,3,4.76,11,No,2,23.0,1,5.0,No,147.64
993748,Michael Ali,Apartment,CBD,2,2,6,4.53,63,No,1,38.0,1,6.0,Yes,215.07
994712,Henry Wilson,House,Inner Suburb,5,4,10,4.44,56,Yes,12,93.0,3,7.0,Yes,483.13
995863,An Chen,Apartment,Outer Suburb,1,2,4,4.52,12,No,5,39.0,1,5.0,Yes,254.17
991178,Amelia Brown,Townhouse,Inner Suburb,3,2,6,4.16,66,No,1,80.0,2,7.0,Yes,300.74
996362,Samuel Le,House,Outer Suburb,4,2,7,4.58,66,Yes,10,67.0,3,7.0,No,427.81
996883,Mai Scott,House,Regional,2,2,3,4.03,8,No,2,68.0,2,7.0,Yes,297.23
991296,Sophie Thomas,Villa,Inner Suburb,4,3,10,4.29,31,No,6,86.0,1,5.0,No,477.04
996128,Ava Martin,Apartment,Outer Suburb,1,2,2,4.47,22,No,2,56.0,2,6.0,Yes,175.67
995869,Emily Scott,House,Inner Suburb,3,2,6,4.5,10,No,6,68.0,1,5.0,Yes,370.61
997847,Lily Smith,Apartment,Regional,2,2,4,4.55,130,No,1,42.0,2,4.0,No,213.7
993375,Grace King,Apartment,Inner Suburb,1,2,1,4.47,28,No,3,39.0,3,4.0,No,174.87
990518,Olivia Wilson,Townhouse,Outer Suburb,3,2,6,4.53,23,No,1,69.0,3,8.0,Yes,419.76
997687,Samuel Wilson,House,Inner Suburb,4,3,8,3.98,40,No,2,85.0,1,6.0,Yes,361.4
993838,Oliver Tran,Apartment,CBD,1,1,4,4.76,38,Yes,2,43.0,1,6.0,No,395.66
997897,Emma Brown,Apartment,Inner Suburb,2,1,6,4.76,68,Yes,6,44.0,1,7.0,Yes,285.04
994669,Zoe Taylor,House,Inner Suburb,3,2,6,4.45,87,No,2,81.0,1,9.0,Yes,415.21
994110,Linh Wilson,House,Inner Suburb,3,3,5,4.55,22,No,0,91.0,1,8.0,Yes,486.21
994464,Samuel Thomas,Apartment,Inner Suburb,1,2,2,4.28,31,No,3,38.0,5,5.0,Yes,254.9
995075,Michael Martin,Townhouse,Regional,3,3,8,4.58,14,No,0,72.0,1,8.0,Yes,347.88
996712,Olivia Nguyen,House,Inner Suburb,4,3,7,4.08,14,No,2,87.0,1,6.0,No,396.7
994280,Linh Martin,Apartment,Outer Suburb,1,2,1,4.19,59,Yes,1,40.0,2,4.0,Yes,254.3
993686,Jack Lee,Apartment,Inner Suburb,1,1,3,4.19,15,No,4,30.0,5,4.0,No,232.26
996149,Mai Wang,Apartment,Outer Suburb,2,3,5,4.56,89,Yes,15,66.0,1,5.0,No,302.01
997776,Liam Wang,Studio,Outer Suburb,1,1,1,4.56,54,Yes,4,33.0,4,3.0,Yes,208.22
993424,Mei White,Studio,Outer Suburb,1,2,2,4.06,30,No,5,54.0,2,3.0,No,100.11
990693,Chloe Smith,Apartment,Outer Suburb,2,2,3,4.48,55,No,0,54.0,1,5.0,Yes,214.64
997270,Anna Walker,Apartment,CBD,1,2,2,4.56,64,No,0,43.0,3,6.0,Yes,297.74
992256,Ethan Thomas,House,Outer Suburb,4,3,7,4.65,14,Yes,1,97.0,5,7.0,Yes,322.05
993462,Aisha Wilson,Townhouse,CBD,3,3,6,4.69,37,No,1,94.0,1,9.0,Yes,387.85
992538,Minh Clark,Studio,Outer Suburb,1,1,3,4.35,28,Yes,2,62.0,1,9.0,No,213.76
990872,Lucas Scott,Apartment,CBD,1,2,2,4.52,41,No,4,41.0,1,3.0,Yes,268.52
997873,Mei Tran,House,Outer Suburb,3,3,5,4.11,43,No,3,65.0,1,3.0,Yes,301.38
997181,Liam Nguyen,House,Regional,4,3,8,5.0,12,No,0,99.0,2,9.0,No,439.96
997692,Isla Khan,Apartment,Outer Suburb,1,1,2,4.32,60,No,8,62.0,1,7.0,Yes,245.07
997509,Zoe Anderson,Villa,CBD,3,2,6,4.63,61,Yes,15,75.0,1,7.0,Yes,435.95
992558,Grace Scott,House,Outer Suburb,3,2,5,3.81,15,No,2,58.0,1,5.0,No,390.69
994094,Liam Patel,House,CBD,2,2,6,4.44,24,Yes,7,75.0,3,7.0,Yes,410.34
990322,Ben King,Studio,Outer Suburb,1,2,1,4.57,63,Yes,3,45.0,2,4.0,No,217.22
993675,Mei Wilson,Apartment,Outer Suburb,1,1,4,4.53,34,No,3,55.0,2,9.0,Yes,204.75
995443,Hannah Wilson,Townhouse,Outer Suburb,2,2,6,4.23,77,No,3,63.0,1,8.0,No,309.78
993004,Sarah Walker,Apartment,CBD,2,1,4,4.78,10,No,8,55.0,2,7.0,Yes,313.04
996473,Priya Thomas,Apartment,Outer Suburb,2,2,4,4.07,8,No,1,46.0,2,6.0,Yes,238.95
992211,Zoe Martin,Townhouse,Outer Suburb,2,2,6,4.28,39,No,6,59.0,2,4.0,Yes,273.27
990636,Aisha Jones,House,Regional,3,3,8,4.65,65,No,11,73.0,1,5.0,Yes,318.97
991154,Olivia Brown,Villa,Outer Suburb,4,3,10,4.58,107,Yes,7,80.0,1,6.0,No,533.05
995093,William Khan,Studio,CBD,1,1,4,,33,Yes,9,,1,3.0,No,197.48
994952,Henry Young,Apartment,Outer Suburb,1,1,4,4.81,51,Yes,4,48.0,1,5.0,No,161.26
992650,Lucas White,Apartment,CBD,2,2,6,4.57,53,No,8,70.0,2,7.0,Yes,472.47
996846,Henry Wang,House,Outer Suburb,3,2,6,4.63,143,No,3,67.0,10,6.0,Yes,302.55
996198,Wei Singh,Townhouse,Regional,3,2,7,4.67,30,No,2,89.0,3,5.0,Yes,254.27
990203,Amelia Scott,House,Inner Suburb,5,3,10,4.28,70,Yes,7,99.0,2,7.0,No,414.84
994613,Michael Brown,House,Inner Suburb,3,2,7,4.32,29,No,4,60.0,4,5.0,No,335.82
993309,Omar Wang,Apartment,CBD,1,2,3,4.34,52,No,0,48.0,3,4.0,Yes,238.85
990889,William Anderson,Townhouse,CBD,4,2,8,4.46,37,Yes,3,68.0,4,7.0,No,456.19
993134,William Walker,Townhouse,Inner Suburb,3,3,8,4.75,80,Yes,8,82.0,2,8.0,Yes,394.63
994843,Noah Chen,House,Inner Suburb,5,3,10,4.45,28,No,8,96.0,1,7.0,Yes,539.56
995513,Thomas Chen,Apartment,Inner Suburb,2,2,4,4.79,47,Yes,2,55.0,1,4.0,No,217.03
990159,David Young,Apartment,Inner Suburb,1,1,4,4.14,94,Yes,2,55.0,2,4.0,Yes,187.6
991996,Emily Ali,Apartment,CBD,2,3,4,,11,No,0,69.0,1,7.0,No,331.62
990017,Olivia Smith,Villa,Outer Suburb,3,2,6,4.82,25,Yes,4,85.0,2,8.0,Yes,390.9
991444,Mia Ali,Studio,CBD,1,2,3,4.53,34,No,6,32.0,3,3.0,Yes,294.9
995441,Minh Lee,House,Outer Suburb,4,2,7,4.48,57,No,10,77.0,1,5.0,Yes,360.18
992945,Minh Chen,Studio,Inner Suburb,1,1,3,4.4,55,No,1,54.0,4,6.0,No,236.87
995851,Arjun Wilson,Studio,Outer Suburb,1,1,2,4.13,17,No,0,47.0,2,,Yes,148.27
996239,Ben Chen,Apartment,Inner Suburb,1,1,2,4.95,108,Yes,4,51.0,1,4.0,No,160.49
995035,Henry Harris,House,Outer Suburb,3,3,7,4.23,29,No,1,75.0,3,7.0,No,301.41
994979,Emma White,Apartment,Regional,1,1,4,4.68,69,No,1,42.0,7,4.0,Yes,165.55
994833,Samuel Singh,House,Regional,3,2,6,4.25,8,No,1,79.0,3,7.0,Yes,242.52
990164,Olivia Martin,Apartment,Outer Suburb,1,2,3,4.68,55,Yes,2,41.0,2,4.0,No,169.42
994366,David Clark,House,Inner Suburb,5,3,10,4.82,21,No,1,82.0,2,6.0,Yes,458.11
990381,Hannah Brown,Apartment,Outer Suburb,2,1,5,4.4,72,No,15,46.0,1,5.0,No,143.52
996913,Noah Tran,Studio,Inner Suburb,1,2,3,4.2,11,No,3,60.0,1,5.0,Yes,149.77
994188,Anna Anderson,Villa,Outer Suburb,3,2,6,4.37,17,No,7,77.0,2,4.0,Yes,369.08
993813,Mei Nguyen,House,Inner Suburb,4,3,8,4.64,36,No,3,106.0,2,9.0,Yes,449.81
991230,Olivia White,Apartment,Regional,1,1,2,4.39,48,No,1,49.0,1,7.0,Yes,130.56
991513,Thomas Smith,Apartment,Outer Suburb,2,1,5,4.28,19,No,4,65.0,2,4.0,No,252.83
991450,Sophie King,Apartment,Inner Suburb,2,2,3,4.12,317,No,2,68.0,1,6.0,Yes,170.38
996434,Mei Lee,Villa,Regional,5,3,10,4.49,17,No,4,85.0,1,6.0,Yes,494.2
993185,David Wilson,Studio,CBD,1,1,3,4.81,12,No,1,43.0,3,4.0,Yes,199.19
996028,Hannah Wang,Apartment,Regional,2,2,4,4.8,23,No,2,52.0,3,8.0,No,262.52
995641,Priya Patel,Apartment,Regional,3,2,8,,49,No,9,,3,6.0,Yes,279.38
990562,Emma Lee,Townhouse,Outer Suburb,3,3,8,4.57,41,No,6,55.0,3,7.0,No,429.47
992040,Olivia Clark,Apartment,Inner Suburb,1,2,1,4.64,14,No,1,62.0,1,6.0,No,242.69
997018,Grace Anderson,Apartment,Inner Suburb,2,2,4,4.78,16,No,7,65.0,1,8.0,Yes,279.0
993058,Minh Brown,Villa,Outer Suburb,4,2,7,4.02,52,No,1,91.0,1,9.0,Yes,457.95
995289,Oliver Patel,Apartment,CBD,2,2,3,4.34,64,Yes,4,56.0,1,5.0,Yes,384.77
991472,Ava Ali,House,CBD,3,3,5,4.36,34,No,1,76.0,14,6.0,No,376.0
991203,Emily Harris,Apartment,CBD,3,2,8,4.46,107,Yes,15,75.0,1,6.0,No,385.13
993392,Lucas Jones,House,Regional,4,3,10,4.49,13,Yes,1,87.0,7,8.0,Yes,375.64
990758,Henry Khan,Villa,CBD,4,3,10,4.22,70,No,0,106.0,2,7.0,No,521.71
997253,Michael Taylor,Apartment,CBD,2,1,5,4.86,21,No,4,57.0,1,6.0,Yes,316.86
997139,Emily Harris,Apartment,CBD,1,1,4,4.49,35,Yes,7,50.0,2,4.0,Yes,275.22
996856,Omar Martin,House,Regional,3,2,5,4.41,19,No,6,66.0,1,5.0,No,386.46
993574,Mei Lee,House,Outer Suburb,3,2,6,3.98,27,No,7,59.0,2,5.0,Yes,384.82
993794,Henry Thomas,Townhouse,Inner Suburb,3,2,8,4.49,30,Yes,7,84.0,2,7.0,No,430.27
996153,Mai Taylor,Apartment,Outer Suburb,3,2,5,4.25,28,No,0,79.0,2,4.0,Yes,282.43
995266,Michael Patel,Townhouse,Inner Suburb,2,2,4,4.4,29,No,2,60.0,5,4.0,No,222.46
996866,Emily King,Apartment,Outer Suburb,1,2,1,4.49,52,No,1,41.0,1,4.0,Yes,164.6
990411,Grace Jones,House,CBD,3,2,5,4.35,35,No,13,68.0,3,6.0,No,448.69
996193,Ben Martin,Townhouse,CBD,3,2,7,4.35,60,Yes,2,62.0,1,7.0,Yes,386.23
993957,Isla Ali,Apartment,Outer Suburb,1,1,1,4.66,82,Yes,15,38.0,2,6.0,Yes,233.86
995602,Priya Tran,House,Inner Suburb,3,2,6,4.17,42,No,3,65.0,1,5.0,Yes,219.88
990699,Isla Jones,Apartment,Inner Suburb,2,1,4,4.26,63,No,14,52.0,3,5.0,No,314.96
996296,Mei Taylor,Studio,Inner Suburb,1,1,2,4.23,9,No,6,65.0,1,6.0,Yes,179.28
992949,Daniel Clark,Apartment,Inner Suburb,2,2,3,4.51,38,Yes,0,75.0,2,4.0,Yes,329.28
993318,Aisha Anderson,Apartment,Regional,1,1,4,,23,Yes,7,,1,2.0,Yes,92.41
994568,Omar Smith,Studio,Outer Suburb,1,1,3,4.9,19,No,5,52.0,1,7.0,Yes,266.99
997671,Arjun Thomas,Apartment,Inner Suburb,3,2,6,4.36,114,Yes,12,82.0,1,,No,368.89
991708,Grace Singh,Apartment,Inner Suburb,1,2,2,4.52,14,No,1,55.0,3,7.0,Yes,192.67
997271,Hannah Martin,House,CBD,2,2,3,4.35,30,Yes,2,59.0,2,7.0,Yes,374.56
992525,Omar Thomas,Apartment,Regional,1,2,2,4.15,47,No,2,52.0,7,7.0,No,160.16
993693,Grace Nguyen,House,Regional,4,2,8,4.44,119,Yes,1,91.0,2,6.0,Yes,328.91
993962,Zoe Brown,Studio,CBD,1,2,3,4.81,67,Yes,6,54.0,2,7.0,Yes,324.33
993264,Noah Walker,Townhouse,Inner Suburb,4,3,9,4.38,72,No,3,106.0,2,7.0,Yes,445.97
994192,Amelia Thomas,House,Inner Suburb,4,3,7,4.36,66,No,1,82.0,1,7.0,Yes,419.22
992012,Emma Taylor,House,Inner Suburb,5,3,10,4.54,64,No,8,89.0,3,7.0,No,415.01
997352,Sarah Young,Studio,Regional,1,1,1,4.39,61,No,0,39.0,1,4.0,Yes,125.41
997412,Priya Anderson,House,Outer Suburb,2,2,6,4.63,26,No,2,65.0,1,7.0,No,263.02
997111,Mei Khan,House,CBD,4,2,7,5.0,11,No,3,68.0,1,7.0,Yes,390.29
990609,Thomas Thomas,Studio,Regional,1,1,4,4.71,165,Yes,2,43.0,2,3.0,Yes,126.45
997247,Wei Thomas,Apartment,CBD,2,2,6,4.13,46,Yes,3,72.0,1,7.0,Yes,326.37
997114,Zoe Anderson,House,Outer Suburb,3,3,6,4.39,91,No,0,79.0,2,2.0,No,262.83
991757,Wei Le,Apartment,Inner Suburb,2,2,4,4.68,60,Yes,9,66.0,1,6.0,Yes,299.45
990089,Noah Nguyen,House,Inner Suburb,2,1,4,4.32,21,No,2,45.0,1,3.0,Yes,318.3
996991,Ben Ali,Apartment,Inner Suburb,1,2,2,4.33,36,Yes,5,44.0,5,4.0,No,224.33
992961,Grace Anderson,Townhouse,Outer Suburb,3,2,7,4.36,21,Yes,0,62.0,2,2.0,Yes,396.45
992321,Omar Jones,House,Outer Suburb,4,3,7,4.63,27,No,0,71.0,1,5.0,Yes,327.03
993720,Thomas Walker,House,Regional,3,2,5,5.0,53,Yes,9,82.0,3,6.0,Yes,327.52
994287,An Tran,Studio,Inner Suburb,1,2,2,5.0,64,No,11,54.0,2,7.0,Yes,171.76
995669,Chloe Ali,House,Inner Suburb,4,3,8,4.17,26,No,1,78.0,1,5.0,No,374.87
990430,Samuel Ali,Apartment,CBD,1,1,3,4.44,46,Yes,5,55.0,2,5.0,No,233.77
997693,Mei Lee,House,CBD,2,1,4,4.31,43,No,1,67.0,1,6.0,Yes,320.87
990873,Thomas Chen,Apartment,Regional,1,1,4,4.57,32,Yes,1,38.0,1,7.0,No,204.39
990392,Liam Walker,Apartment,Inner Suburb,1,1,2,4.41,42,No,8,62.0,2,5.0,Yes,268.04
994075,Wei Clark,Villa,Outer Suburb,5,3,10,4.28,70,Yes,2,104.0,3,9.0,Yes,481.91
994693,James King,House,Outer Suburb,2,1,5,4.38,54,No,6,52.0,3,6.0,No,300.96
995926,Sarah Taylor,Studio,CBD,1,1,2,4.22,57,Yes,0,45.0,1,6.0,No,202.48
991425,Wei Nguyen,Apartment,Outer Suburb,3,2,6,4.13,4,No,1,78.0,3,6.0,Yes,225.32
993553,Mia Taylor,House,CBD,3,2,8,4.78,53,Yes,6,56.0,1,5.0,No,399.03
992731,Liam Harris,Apartment,Inner Suburb,2,1,4,4.53,29,No,0,64.0,1,8.0,No,177.69
991370,Mai Harris,Studio,Outer Suburb,1,2,3,4.66,20,No,3,57.0,3,7.0,No,249.48
994610,Daniel Tran,Apartment,Regional,2,2,5,4.76,27,Yes,1,63.0,3,6.0,No,226.58
991064,Amelia Walker,Apartment,Outer Suburb,1,1,2,4.69,27,No,4,46.0,1,5.0,No,274.24
990553,Daniel Walker,Apartment,Regional,1,1,4,4.19,23,No,0,58.0,1,,No,89.42
994031,Arjun Martin,Studio,Outer Suburb,1,1,2,4.42,13,No,1,35.0,1,3.0,Yes,78.5
990095,Samuel Brown,House,Inner Suburb,3,2,6,4.34,65,Yes,7,62.0,2,7.0,Yes,308.47
992927,Samuel Harris,Studio,CBD,1,1,3,4.25,22,No,1,61.0,2,4.0,Yes,196.02
994124,Ava Thomas,Studio,Regional,1,1,2,4.46,94,Yes,2,53.0,2,5.0,Yes,203.89
996497,Isla Jones,Townhouse,Inner Suburb,3,3,6,4.26,25,No,0,65.0,3,4.0,Yes,328.27
996074,Sarah Scott,Studio,Inner Suburb,1,2,4,4.67,163,No,7,62.0,2,8.0,No,225.9
992511,Arjun Tran,Apartment,Outer Suburb,1,1,4,4.37,43,No,4,45.0,1,3.0,Yes,81.02
992517,Mai Nguyen,Studio,CBD,1,2,1,4.88,46,No,1,35.0,2,3.0,Yes,229.37
994573,Omar White,Apartment,Regional,2,1,5,4.13,50,No,11,49.0,2,3.0,No,171.76
994993,Lily Nguyen,Apartment,Inner Suburb,1,1,2,4.16,65,No,2,54.0,2,5.0,Yes,178.71
991213,Zoe Brown,Apartment,Regional,1,1,1,4.35,6,No,1,50.0,3,4.0,Yes,180.73
992815,Oliver Tran,Apartment,Outer Suburb,1,1,2,4.65,34,No,2,51.0,1,3.0,No,248.58
997862,Ethan Clark,House,Regional,3,2,6,4.27,110,Yes,10,64.0,7,5.0,No,312.14
994088,Noah Ali,Apartment,Inner Suburb,1,1,1,4.26,31,No,1,64.0,1,4.0,Yes,140.62
990913,Oliver Clark,Villa,Outer Suburb,5,3,10,4.54,156,No,12,86.0,2,7.0,Yes,490.6
992618,Michael Harris,Apartment,Inner Suburb,2,1,5,4.38,47,No,1,79.0,2,6.0,Yes,293.86
990461,Omar King,Apartment,Inner Suburb,3,3,7,4.89,51,Yes,9,62.0,1,4.0,Yes,291.1
995071,Mia Chen,Studio,Outer Suburb,1,2,3,4.43,129,Yes,0,45.0,2,4.0,Yes,245.44
997091,Chloe Walker,House,Inner Suburb,4,3,9,4.72,137,No,6,99.0,4,7.0,No,431.76
995045,Noah Scott,Apartment,Inner Suburb,1,1,1,4.29,1,No,1,74.0,1,6.0,Yes,116.86
992475,Mei Harris,Villa,CBD,3,2,7,4.39,57,No,2,77.0,2,7.0,No,447.7
993835,Jack Wilson,House,Outer Suburb,3,2,5,4.42,31,No,2,73.0,7,4.0,Yes,366.24
993595,Wei Wang,Studio,CBD,1,2,2,4.25,35,No,6,55.0,2,4.0,Yes,256.41
990401,Oliver Lee,Studio,Inner Suburb,1,1,3,4.52,49,No,1,59.0,7,5.0,No,232.9
997682,Mai King,Townhouse,Inner Suburb,2,1,4,4.47,23,No,9,50.0,2,6.0,No,351.41
996967,David Harris,House,Inner Suburb,4,3,7,4.61,49,No,2,98.0,1,8.0,Yes,442.52
995137,David Clark,Studio,Regional,1,1,2,4.09,14,No,5,52.0,5,3.0,Yes,108.91
996204,Linh Brown,Apartment,Inner Suburb,1,1,2,4.69,31,No,3,31.0,3,4.0,Yes,244.83
997841,Emily Taylor,Apartment,CBD,1,2,1,4.43,16,No,2,64.0,1,7.0,No,242.97
995294,Anna Le,Townhouse,Outer Suburb,3,2,6,4.59,54,No,8,79.0,5,7.0,Yes,308.95
992947,Isla Wilson,House,Inner Suburb,4,3,8,4.8,28,No,3,78.0,1,7.0,Yes,459.4
996247,Hannah Smith,Apartment,Regional,2,2,4,4.54,33,No,0,70.0,1,6.0,Yes,381.16
994359,Lily Singh,House,CBD,2,2,5,4.21,41,No,1,50.0,2,6.0,No,422.82
997962,Zoe King,Apartment,Regional,1,2,2,4.53,63,No,4,74.0,3,6.0,No,165.22
993187,Mai King,House,Inner Suburb,5,4,9,5.0,29,Yes,4,111.0,2,7.0,Yes,524.99
990992,Sarah Smith,Apartment,Outer Suburb,2,2,4,4.1,23,No,0,71.0,2,5.0,No,203.39
991485,Amelia Khan,Apartment,Inner Suburb,2,2,3,4.36,55,Yes,1,52.0,2,2.0,Yes,274.33
990839,William Brown,House,Regional,5,3,9,4.15,4,No,1,85.0,2,5.0,No,431.5
995662,Omar Smith,Villa,CBD,4,2,8,4.35,48,No,2,76.0,1,8.0,No,506.37
996358,Sophie Chen,House,CBD,3,2,6,4.6,85,Yes,2,86.0,2,8.0,No,441.28
993985,David Clark,Townhouse,Outer Suburb,2,2,5,4.23,3,No,1,64.0,1,6.0,No,215.02
991633,Samuel Khan,Apartment,Inner Suburb,2,2,4,4.59,18,Yes,0,66.0,2,7.0,No,319.8
994732,Priya Nguyen,Townhouse,CBD,2,2,4,4.43,48,No,2,64.0,1,4.0,Yes,398.84
990462,Priya Jones,Apartment,Inner Suburb,1,1,2,4.58,37,No,5,55.0,2,6.0,No,183.97
990708,Sophie King,Studio,Inner Suburb,1,2,2,4.49,86,No,4,39.0,3,5.0,No,216.2
990887,Samuel Brown,Townhouse,CBD,3,2,8,4.71,53,Yes,1,90.0,1,8.0,Yes,521.36
996719,Isla Ali,Villa,CBD,4,4,8,4.56,8,No,1,100.0,1,,No,430.35
995300,Linh Scott,House,Inner Suburb,4,3,10,4.13,28,Yes,1,81.0,7,3.0,No,334.84
996690,Minh Thomas,Townhouse,CBD,2,3,5,4.77,57,No,0,65.0,2,7.0,No,352.27
994954,Amelia Singh,Townhouse,Regional,4,3,8,4.56,89,Yes,12,79.0,3,6.0,Yes,341.13
996076,William Walker,Apartment,Inner Suburb,1,2,2,4.44,4,No,1,30.0,1,6.0,Yes,225.22
997339,James Nguyen,Studio,Outer Suburb,1,2,2,4.37,23,Yes,8,65.0,2,7.0,Yes,144.97
997060,Linh Wilson,Villa,Regional,5,3,9,4.65,72,No,4,97.0,5,,Yes,557.34
994478,Ethan Martin,Townhouse,Regional,4,3,9,4.47,26,Yes,0,73.0,1,5.0,Yes,311.6
990138,Lucas Smith,House,Outer Suburb,2,1,5,,78,No,4,,1,6.0,Yes,253.41
997906,Emma Khan,Studio,Regional,1,1,4,4.3,5,No,0,41.0,1,4.0,Yes,171.83
995339,Lily Thomas,Apartment,CBD,1,1,3,4.61,27,No,9,42.0,2,4.0,No,290.77
994090,Linh Singh,Apartment,CBD,1,2,2,4.75,29,Yes,2,52.0,2,5.0,Yes,374.59
992122,Ethan Young,Apartment,CBD,2,2,6,4.5,34,No,8,67.0,2,7.0,Yes,277.76
992019,Hannah Singh,Studio,CBD,1,2,4,4.3,66,No,1,46.0,1,5.0,Yes,304.76
996125,An Clark,Apartment,Outer Suburb,1,2,4,4.36,18,No,3,56.0,1,5.0,Yes,164.26
990418,Ava Jones,Apartment,Inner Suburb,3,2,5,4.58,66,Yes,3,76.0,4,6.0,Yes,366.28
994348,Lucas Nguyen,House,Regional,3,2,8,4.81,52,Yes,3,71.0,2,8.0,Yes,311.28
990539,Oliver Brown,Studio,Outer Suburb,1,2,4,4.45,30,Yes,8,40.0,2,3.0,Yes,286.9
996413,Omar Nguyen,Townhouse,Regional,2,2,4,4.33,208,No,7,65.0,2,7.0,Yes,372.8
990480,Hannah Clark,Villa,CBD,5,3,10,5.0,34,Yes,1,99.0,1,8.0,Yes,556.24
996257,James Scott,Townhouse,Inner Suburb,3,2,7,4.36,56,Yes,2,66.0,1,3.0,Yes,385.1
996046,Omar Brown,House,Regional,3,1,6,4.58,54,Yes,2,69.0,1,7.0,Yes,320.68
991897,Omar Jones,Studio,Inner Suburb,1,1,4,4.21,152,Yes,12,47.0,2,6.0,No,224.03
994755,Jack Le,Apartment,Outer Suburb,1,2,4,,67,No,12,56.0,2,7.0,No,201.06
995619,Sarah Anderson,House,Outer Suburb,2,2,4,3.98,33,No,1,68.0,10,5.0,Yes,221.63
997842,Thomas Young,Apartment,Inner Suburb,1,1,3,4.28,19,No,1,43.0,7,4.0,No,204.69
995442,Ava Martin,Townhouse,Outer Suburb,3,2,5,4.93,35,Yes,4,85.0,4,7.0,No,342.0
995327,Mei Clark,House,CBD,4,3,10,4.44,84,No,2,85.0,2,6.0,Yes,531.07
991218,Mia Martin,House,Outer Suburb,2,2,4,4.58,33,No,7,80.0,1,5.0,Yes,317.32
994978,Ethan White,Villa,Inner Suburb,4,3,7,4.46,78,No,9,97.0,1,8.0,Yes,550.34
994444,Isla Singh,House,Outer Suburb,3,2,6,4.62,42,Yes,1,74.0,2,6.0,Yes,266.14
995317,Sophie Khan,Apartment,Outer Suburb,1,2,2,4.49,25,No,3,56.0,1,8.0,No,225.45
990122,Arjun Tran,Apartment,Outer Suburb,2,1,6,4.32,46,No,4,52.0,2,4.0,No,248.46
992430,Emma Anderson,Townhouse,Outer Suburb,3,2,5,4.82,71,Yes,9,70.0,3,6.0,No,331.98
993091,William Smith,House,Regional,2,1,3,4.31,75,Yes,5,55.0,1,5.0,Yes,294.09
993452,Grace Walker,House,Outer Suburb,3,2,8,4.36,27,Yes,1,93.0,2,9.0,No,426.59
997810,Daniel Walker,Studio,CBD,1,2,2,4.35,40,Yes,2,38.0,2,3.0,Yes,212.55
993688,Ethan Anderson,House,CBD,5,3,10,4.89,15,No,0,112.0,3,10.0,No,511.46
997073,Chloe Le,House,Outer Suburb,4,3,7,4.17,19,No,5,81.0,2,5.0,No,340.68
994513,Michael Walker,House,Inner Suburb,4,3,9,4.7,40,Yes,3,109.0,4,9.0,No,524.9
993874,Aisha Khan,Apartment,Regional,1,2,3,4.53,47,No,4,60.0,2,6.0,Yes,238.17
996122,Anna Brown,Townhouse,Outer Suburb,2,1,5,5.0,40,Yes,4,64.0,2,,No,314.58
994748,Oliver White,Studio,Inner Suburb,1,2,2,4.71,56,No,2,49.0,3,4.0,No,225.51
994574,Mei Wilson,Studio,CBD,1,1,1,4.14,14,No,1,54.0,7,4.0,No,175.78
991688,Henry King,Studio,Inner Suburb,1,2,2,4.6,13,No,1,39.0,3,4.0,Yes,197.43
991915,Aisha Scott,Apartment,Outer Suburb,2,2,4,4.13,58,No,3,60.0,1,7.0,Yes,278.45
991629,Daniel Clark,Townhouse,Inner Suburb,3,1,5,4.55,18,No,1,73.0,2,8.0,No,375.74
996599,William Wang,House,CBD,3,2,8,4.71,36,Yes,5,53.0,2,7.0,Yes,554.36
994300,Samuel Ali,Townhouse,Regional,3,3,8,4.45,24,No,1,65.0,2,5.0,No,292.32
996116,James Wang,Apartment,Outer Suburb,2,1,5,4.6,21,No,2,66.0,2,6.0,Yes,221.15
994021,Minh Tran,Studio,Regional,1,1,2,3.82,37,No,12,46.0,2,3.0,Yes,178.68
993005,Linh Wilson,House,Outer Suburb,3,2,7,4.59,41,Yes,4,63.0,3,,Yes,313.08
993786,Linh Lee,House,Outer Suburb,3,2,6,4.36,11,No,3,61.0,1,4.0,No,323.49
992704,William Chen,Townhouse,CBD,4,2,9,4.83,156,No,5,84.0,3,5.0,No,491.38
992408,Aisha Martin,House,Outer Suburb,4,3,7,4.57,18,No,2,115.0,1,10.0,No,281.14
993063,James Wilson,House,Outer Suburb,3,2,7,4.79,36,Yes,8,71.0,2,9.0,Yes,343.3
994938,Henry Le,Townhouse,Regional,2,2,5,4.49,35,No,2,60.0,2,3.0,Yes,266.39
997120,Jack Nguyen,House,CBD,3,3,6,4.63,62,No,2,84.0,1,6.0,No,415.66
990014,Ben Wilson,Apartment,CBD,1,2,2,4.67,34,No,9,63.0,1,4.0,No,241.11
990003,Jack Young,House,Regional,2,2,6,4.58,65,Yes,14,69.0,1,7.0,Yes,355.78
990143,Mia Le,House,Outer Suburb,4,3,7,4.15,80,No,6,97.0,2,6.0,Yes,354.52
991617,Oliver Clark,Apartment,Outer Suburb,3,2,6,4.34,31,Yes,4,74.0,3,5.0,No,290.94
997078,Zoe Wilson,House,Outer Suburb,3,2,5,4.38,50,No,4,70.0,1,4.0,Yes,345.99
992445,Linh King,Apartment,CBD,2,2,4,4.57,12,Yes,1,68.0,1,6.0,Yes,345.91
990761,Aisha Young,House,Outer Suburb,4,3,8,3.86,43,No,1,86.0,3,6.0,Yes,286.78
993490,Minh Chen,Apartment,Inner Suburb,1,2,2,4.2,6,N,2,45.0,7,6.0,Yes,212.54
993871,Lucas Lee,House,Outer Suburb,2,2,6,4.51,1,No,0,57.0,3,5.0,Yes,282.09
992689,Priya Scott,Studio,Inner Suburb,1,1,1,4.45,29,No,2,43.0,5,6.0,No,201.68
996008,Henry Jones,House,Regional,3,2,8,4.83,39,No,11,74.0,1,7.0,Yes,459.22
995054,Daniel Wang,Apartment,Outer Suburb,1,2,1,4.35,30,Yes,4,65.0,1,8.0,No,240.81
996018,William Lee,Townhouse,Inner Suburb,3,2,8,4.39,37,No,4,72.0,3,8.0,Yes,376.16
995431,Anna White,Apartment,Outer Suburb,1,1,3,4.78,25,No,2,40.0,1,6.0,Yes,151.99
993700,Michael Scott,Apartment,CBD,2,1,6,,73,No,1,68.0,2,7.0,No,286.09
990286,Minh Nguyen,Apartment,Outer Suburb,1,2,2,4.2,33,No,4,45.0,2,5.0,Yes,254.72
997762,Jack Lee,House,CBD,3,3,6,4.46,106,No,6,75.0,2,8.0,Yes,364.35
993129,Thomas King,Apartment,Outer Suburb,1,1,2,4.23,48,No,3,48.0,2,5.0,Yes,198.32
995031,Sarah Clark,Villa,CBD,2,2,5,4.33,103,Yes,3,58.0,2,7.0,No,353.46
997308,Michael Clark,House,Outer Suburb,4,3,8,4.25,77,No,1,83.0,1,5.0,No,290.66
992082,Mei Wilson,Apartment,Inner Suburb,2,2,6,4.71,31,Yes,7,62.0,2,9.0,No,357.88
992518,Jack Nguyen,House,Inner Suburb,4,3,8,4.65,60,No,4,88.0,1,7.0,No,465.06
991146,Mai King,Apartment,Inner Suburb,2,1,6,4.34,22,No,2,63.0,3,5.0,No,301.97
990466,William Le,Apartment,Regional,1,2,1,4.39,1,No,1,48.0,1,4.0,Yes,111.21
992134,Arjun Jones,Apartment,Inner Suburb,1,1,2,4.22,21,No,1,33.0,3,2.0,No,171.33
995601,Amelia Le,House,Regional,3,2,7,4.82,46,Yes,7,76.0,3,7.0,No,399.84
993891,Lucas Smith,House,Regional,2,2,4,4.56,57,No,9,53.0,2,5.0,No,300.65
991652,Ben King,Villa,Regional,4,2,7,4.19,95,Yes,0,82.0,1,8.0,No,409.46
995309,Thomas Walker,House,Outer Suburb,5,3,10,4.24,88,No,4,99.0,2,5.0,No,473.37
996383,Grace King,House,Regional,4,2,8,,63,No,5,,1,8.0,Yes,297.89
997061,Anna Patel,Apartment,Inner Suburb,2,1,5,4.66,4,No,0,58.0,1,6.0,Yes,271.64
993050,William Wilson,Apartment,Regional,1,1,3,4.53,45,No,1,41.0,1,6.0,Yes,273.11
995538,Lily Khan,Apartment,Outer Suburb,2,1,6,4.27,9,No,3,46.0,1,7.0,No,306.03
995903,Ben Jones,Apartment,Outer Suburb,1,1,2,4.35,107,Yes,13,52.0,2,3.0,Yes,245.9
992941,Aisha Ali,Apartment,CBD,1,1,2,4.74,22,No,2,42.0,2,5.0,No,367.63
997042,Zoe Martin,Townhouse,Inner Suburb,3,2,6,4.43,75,Yes,3,75.0,4,7.0,No,236.51
994562,Emily Thomas,Apartment,Outer Suburb,2,1,4,4.83,19,Yes,2,58.0,3,6.0,Yes,252.84
990853,Ethan Ali,Apartment,Outer Suburb,1,2,2,4.53,87,No,6,51.0,2,6.0,Yes,243.13
990189,Ava Singh,Studio,Inner Suburb,1,2,2,4.34,50,Yes,2,53.0,3,5.0,No,152.85
996880,Mia Harris,House,CBD,3,3,8,4.9,14,No,4,70.0,1,5.0,Yes,475.8
992825,Arjun Ali,Apartment,Outer Suburb,1,1,1,4.48,55,Yes,5,36.0,2,6.0,Yes,288.69
991664,Isla Nguyen,Villa,Inner Suburb,3,2,6,4.8,26,No,3,78.0,3,7.0,Yes,401.9
992265,Samuel Walker,Apartment,Regional,3,2,7,4.31,65,Yes,6,71.0,1,5.0,No,328.5
991439,Priya Thomas,Townhouse,Regional,3,2,5,4.65,21,No,1,81.0,2,6.0,Yes,316.98
994582,Samuel Young,Apartment,Outer Suburb,2,2,3,4.51,94,No,1,65.0,2,5.0,No,120.69
995613,Mai Harris,Apartment,Inner Suburb,1,1,2,4.92,57,Yes,9,55.0,1,8.0,Yes,317.59
992234,Ben Lee,House,CBD,5,4,9,4.81,141,Yes,8,99.0,1,8.0,No,538.42
990106,Linh King,Apartment,Outer Suburb,1,1,2,4.38,39,Yes,5,35.0,2,5.0,Yes,188.29
993847,Chloe Smith,Studio,Outer Suburb,1,1,2,4.29,12,No,2,55.0,1,6.0,Yes,267.89
995222,Olivia Chen,Apartment,Inner Suburb,2,2,4,4.18,84,No,2,53.0,5,2.0,Yes,185.5
991924,Samuel Young,Apartment,Outer Suburb,1,2,3,4.16,48,No,15,44.0,2,4.0,Yes,387.86
992623,Daniel Thomas,House,Outer Suburb,3,2,7,4.57,63,Yes,5,75.0,3,7.0,Yes,285.95
992150,Zoe Brown,Apartment,CBD,1,1,4,4.51,32,Yes,1,48.0,1,4.0,Yes,270.07
995468,Emily Nguyen,House,Outer Suburb,5,2,9,4.2,17,No,3,102.0,2,7.0,Yes,517.93
997371,Ethan Scott,Townhouse,Outer Suburb,3,2,8,4.61,83,Yes,13,89.0,1,6.0,No,407.57
993092,Ben Chen,apartment,CBD,2,1,4,4.48,15,No,3,65.0,2,6.0,Yes,246.32
990100,Emily Tran,Townhouse,CBD,2,1,4,4.2,31,No,8,67.0,3,6.0,No,314.1
994364,Oliver Clark,Studio,Outer Suburb,1,2,1,4.6,0,No,0,72.0,1,8.0,Yes,291.68
992922,Omar Brown,Apartment,Outer Suburb,2,1,6,4.11,20,No,2,71.0,2,5.0,Yes,211.51
996985,An Singh,House,Regional,3,2,6,4.5,82,Yes,13,51.0,3,7.0,Yes,409.29
992036,James Walker,House,CBD,4,3,8,4.07,48,No,5,72.0,1,4.0,Yes,337.41
990533,Thomas Singh,Townhouse,Inner Suburb,3,3,5,4.47,48,Yes,7,79.0,2,4.0,Yes,274.93
994299,Emma Smith,House,CBD,3,2,6,4.5,67,No,5,83.0,1,9.0,No,440.44
992436,Amelia Wilson,House,CBD,3,2,8,4.65,41,No,8,68.0,2,5.0,Yes,451.22
992557,Linh Jones,Apartment,Inner Suburb,3,2,6,4.22,60,Yes,1,73.0,1,8.0,No,374.48
997954,Emily Wang,House,CBD,5,3,10,4.4,145,No,0,87.0,2,6.0,Yes,494.43
994171,Daniel Brown,Townhouse,Outer Suburb,2,2,4,4.73,86,No,14,68.0,2,7.0,Yes,288.55
995244,Ethan Anderson,House,CBD,2,2,4,4.29,45,Yes,2,60.0,3,5.0,Yes,407.16
997749,An Patel,Apartment,CBD,1,2,2,4.34,46,No,1,61.0,3,5.0,Yes,309.68
992966,Omar King,House,Inner Suburb,3,3,5,4.49,32,No,6,72.0,3,5.0,Yes,303.88
997820,James Walker,Apartment,Regional,1,1,2,4.66,8,No,2,37.0,3,3.0,Yes,114.4
992912,Lily Singh,Townhouse,Outer Suburb,2,1,6,,16,Yes,1,59.0,3,4.0,Yes,378.47
997525,An Le,Studio,Inner Suburb,1,1,2,4.64,66,No,15,59.0,1,8.0,No,198.44
997892,Priya Jones,Studio,Inner Suburb,1,2,2,4.53,16,No,4,56.0,3,7.0,Yes,183.59
992318,Noah Martin,House,Outer Suburb,5,3,10,4.67,5,No,1,125.0,1,9.0,No,415.15
991680,Amelia Wilson,Townhouse,Inner Suburb,3,2,7,4.2,42,No,1,59.0,2,5.0,No,320.26
997792,Sophie Chen,Apartment,Outer Suburb,2,1,4,4.75,70,Yes,0,58.0,2,7.0,Yes,202.73
995338,Amelia Singh,House,Regional,4,2,8,4.27,30,Yes,5,81.0,2,7.0,No,435.55
995875,Grace Taylor,Apartment,Outer Suburb,1,1,2,4.15,39,No,5,52.0,1,6.0,No,167.01
995452,Ava Wang,House,Regional,4,3,10,4.78,69,Yes,4,96.0,2,6.0,Yes,302.8
997884,Mai Jones,Studio,CBD,1,1,3,4.71,19,No,3,71.0,2,6.0,Yes,194.07
993496,Ava Young,Villa,CBD,5,4,10,4.05,36,Yes,1,98.0,1,8.0,Yes,724.23
990163,Hannah Chen,Townhouse,Inner Suburb,2,2,3,3.97,150,No,1,56.0,2,6.0,No,302.72
994664,Wei Tran,House,Outer Suburb,3,3,6,4.11,27,Yes,0,75.0,1,5.0,Yes,366.4
993177,Omar Patel,House,Regional,5,2,10,4.03,95,No,3,78.0,3,5.0,No,335.35
991291,Arjun Patel,House,Outer Suburb,3,3,6,4.48,33,Yes,1,80.0,2,7.0,Yes,283.89
993552,Grace Khan,Apartment,CBD,2,2,4,4.78,15,No,3,59.0,3,5.0,Yes,275.22
996554,Olivia Jones,Townhouse,Outer Suburb,3,3,8,4.47,10,N,1,85.0,3,8.0,Yes,393.17
992940,Michael Clark,Townhouse,Inner Suburb,3,3,5,4.45,27,Yes,5,86.0,2,7.0,No,333.33
990432,Samuel Wang,Apartment,CBD,2,1,4,4.64,94,No,6,76.0,2,7.0,Yes,319.04
993949,Mia Jones,House,Outer Suburb,3,3,6,4.31,22,No,7,86.0,3,7.0,Yes,442.06
995332,Linh Jones,House,Inner Suburb,3,3,6,4.07,91,Yes,12,86.0,1,,Yes,407.59
996535,Chloe Walker,Apartment,CBD,1,1,4,4.38,20,No,6,34.0,3,4.0,Yes,232.19
991337,Samuel Wang,Apartment,Inner Suburb,2,1,6,4.2,52,Yes,2,55.0,2,6.0,No,332.92
995983,Arjun Wang,Apartment,CBD,2,1,6,4.67,54,Yes,6,67.0,3,6.0,No,333.35
992282,Mia Clark,Apartment,Regional,1,1,1,4.56,232,Yes,8,43.0,1,2.0,No,299.18
995778,Zoe Harris,Apartment,Inner Suburb,2,2,6,4.99,53,No,7,64.0,4,4.0,No,320.25
990750,Priya Smith,House,CBD,2,1,4,4.9,32,No,3,56.0,2,3.0,Yes,373.72
996332,David Wilson,House,Outer Suburb,3,2,7,4.77,168,Yes,12,70.0,14,7.0,No,392.86
997886,Emma Brown,House,Inner Suburb,4,2,9,4.76,121,Yes,3,81.0,2,7.0,No,427.62
996014,Sarah King,House,Inner Suburb,2,2,4,4.54,0,No,0,69.0,1,6.0,No,404.51
995980,Lucas Wang,Apartment,Outer Suburb,1,1,1,4.79,91,Yes,0,40.0,2,4.0,No,194.09
990135,Samuel Wilson,Apartment,CBD,1,1,2,,66,Yes,5,,2,7.0,Yes,361.04
991771,Wei Thomas,Apartment,Inner Suburb,1,2,2,,97,No,4,55.0,4,4.0,No,177.96
997541,Emily Singh,Villa,Outer Suburb,4,3,8,4.32,32,Yes,3,92.0,3,7.0,Yes,559.78
991870,Jack Taylor,Apartment,Regional,1,2,2,4.26,24,No,4,53.0,3,4.0,Yes,239.37
992856,Wei Lee,House,Inner Suburb,2,2,4,4.79,35,No,10,59.0,1,5.0,Yes,407.57
997495,Priya Walker,House,Outer Suburb,4,3,8,4.47,23,Yes,3,86.0,1,7.0,Yes,451.55
996452,Daniel King,Apartment,Inner Suburb,1,1,1,4.57,168,No,5,52.0,7,8.0,No,256.3
997191,Emily Harris,Townhouse,Regional,3,2,5,3.88,37,No,2,86.0,3,6.0,No,343.79
997643,Sarah Lee,Apartment,Inner Suburb,1,1,3,4.27,47,Yes,3,50.0,1,5.0,No,286.43
991051,Wei Chen,Townhouse,Outer Suburb,4,3,10,4.69,130,Yes,7,91.0,2,8.0,No,483.19
990933,An King,Studio,Outer Suburb,1,1,4,4.35,98,No,9,77.0,1,6.0,Yes,159.02
993103,Chloe Smith,Studio,CBD,1,1,4,4.58,14,No,4,50.0,2,6.0,No,281.91
994698,Emma Khan,House,CBD,2,1,5,4.2,54,Yes,1,45.0,1,5.0,No,371.92
997565,Minh King,Apartment,CBD,2,2,3,4.39,16,No,5,56.0,1,6.0,Yes,256.64
991115,Jack Brown,House,Regional,4,3,10,4.58,16,No,4,98.0,2,6.0,Yes,375.74
992313,Noah Chen,Apartment,CBD,1,1,1,4.45,101,No,1,53.0,2,8.0,Yes,266.0
990055,Grace Nguyen,House,Inner Suburb,5,2,10,4.43,52,No,15,95.0,1,9.0,Yes,472.54
995790,Noah Taylor,Apartment,Regional,1,1,3,4.97,12,Yes,1,41.0,7,3.0,No,154.45
996231,David White,Apartment,Inner Suburb,3,3,6,4.34,15,No,1,65.0,2,7.0,Yes,375.28
990884,Aisha Clark,House,CBD,3,2,6,4.66,23,Yes,1,78.0,5,7.0,No,400.09
991211,Daniel Patel,House,Inner Suburb,2,2,5,4.24,50,No,3,65.0,2,4.0,Yes,345.72
992972,Henry Ali,House,CBD,2,2,4,4.35,43,No,12,59.0,1,4.0,Yes,413.27
996632,Henry Taylor,House,Outer Suburb,2,2,4,4.46,89,No,11,60.0,1,6.0,Yes,373.97
996377,Jack Smith,House,Regional,3,1,5,4.67,75,Yes,10,71.0,2,10.0,Yes,295.33
992434,Ava Patel,Townhouse,CBD,3,3,6,4.41,23,No,6,81.0,1,7.0,No,420.98
993590,Sophie Anderson,Apartment,Outer Suburb,1,1,4,4.31,34,No,1,26.0,1,3.0,Yes,241.83
992323,Wei Smith,Apartment,Outer Suburb,2,2,6,4.58,105,No,0,54.0,2,4.0,No,248.84
997535,Ethan Lee,Studio,Regional,1,2,3,4.43,14,No,1,35.0,3,5.0,Yes,66.0
992294,Amelia White,House,Regional,3,2,8,4.74,81,Yes,10,84.0,2,5.0,Yes,349.03
995134,Emma Harris,Apartment,Outer Suburb,1,1,4,4.55,6,No,0,36.0,3,3.0,Yes,151.34
990973,Ava Smith,Studio,Inner Suburb,1,2,3,4.71,79,Yes,3,41.0,1,5.0,Yes,235.73
993933,Michael Jones,House,CBD,4,4,7,4.07,69,No,15,82.0,3,4.0,No,468.38
990814,Henry White,Apartment,Inner Suburb,1,1,2,4.44,87,No,2,49.0,2,5.0,Yes,277.02
992589,Ethan Taylor,Apartment,Inner Suburb,1,2,2,4.39,8,No,1,70.0,7,7.0,Yes,272.53
997026,Mai Patel,apartment,Inner Suburb,2,2,4,4.23,32,No,3,25.0,2,5.0,No,198.51
995254,Ethan Patel,House,Regional,4,3,8,4.36,90,No,15,90.0,2,7.0,Yes,539.41
995195,Arjun Wilson,Apartment,Outer Suburb,1,1,2,4.42,24,Yes,1,33.0,1,6.0,Yes,170.98
993099,William Brown,Townhouse,Outer Suburb,3,2,6,4.73,3,No,1,75.0,2,6.0,Yes,284.05
997774,An Martin,House,Regional,3,2,6,4.29,43,No,1,71.0,2,7.0,Yes,295.82
993646,Noah Brown,House,Outer Suburb,3,3,7,4.38,12,No,7,63.0,7,6.0,No,396.76
994730,Samuel Khan,Studio,Inner Suburb,1,2,2,4.46,43,No,7,52.0,1,3.0,Yes,205.45
992737,Amelia Patel,House,Inner Suburb,5,3,10,4.72,23,No,3,89.0,3,7.0,Yes,477.52
994117,Mai White,Apartment,Inner Suburb,2,1,4,4.83,76,No,9,63.0,2,5.0,No,268.96
990330,Mai White,Apartment,Inner Suburb,2,1,4,4.31,86,No,0,72.0,2,3.0,No,247.68
997838,Sarah Anderson,House,CBD,5,3,10,4.66,55,No,7,96.0,1,9.0,No,582.08
993804,Sarah Ali,Apartment,CBD,3,2,5,3.97,42,No,5,69.0,2,8.0,Yes,268.44
990387,Aisha Wilson,House,Inner Suburb,2,2,6,4.73,105,No,8,60.0,1,5.0,No,323.84
991428,Samuel Harris,House,Outer Suburb,5,3,10,4.44,33,No,6,118.0,3,7.0,Yes,460.74
993047,David Ali,Apartment,Inner Suburb,1,2,1,4.15,17,No,0,53.0,3,3.0,Yes,251.31
995351,Minh Ali,Apartment,Inner Suburb,1,1,3,4.45,50,No,4,50.0,1,6.0,Yes,293.48
996694,Grace Chen,Apartment,Inner Suburb,3,2,5,4.3,65,Yes,0,71.0,1,6.0,No,283.64
996899,Lily Anderson,Studio,Outer Suburb,1,1,2,4.74,114,No,15,33.0,1,5.0,Yes,97.71
997130,Lily Wilson,Studio,Inner Suburb,1,2,2,4.45,39,Yes,4,37.0,1,4.0,Yes,165.07
991804,Ethan Wilson,Studio,Inner Suburb,1,1,4,4.33,10,No,3,37.0,2,,Yes,189.93
990193,Linh Ali,Apartment,Inner Suburb,2,2,4,4.87,19,No,2,65.0,5,8.0,No,287.71
993125,Sarah Jones,House,CBD,4,3,10,5.0,68,Yes,1,68.0,2,9.0,No,565.35
996159,Ethan Nguyen,Apartment,CBD,2,2,4,4.91,42,Yes,3,68.0,3,5.0,Yes,361.58
992552,Anna Wang,Villa,Outer Suburb,4,2,10,4.72,28,No,4,93.0,1,8.0,No,461.89
996835,Ava Taylor,House,CBD,3,2,7,4.34,24,No,2,73.0,1,8.0,Yes,451.03
991170,Lucas Jones,House,Outer Suburb,4,3,9,4.4,23,No,2,104.0,3,8.0,Yes,402.32
996731,Emily King,House,Inner Suburb,5,3,10,4.36,75,Yes,3,89.0,2,9.0,No,519.73
994114,Lily Nguyen,Apartment,CBD,2,2,4,4.36,55,Yes,15,69.0,1,6.0,Yes,287.43
993763,Daniel Tran,Townhouse,Outer Suburb,2,2,4,4.25,68,Yes,1,58.0,3,7.0,Yes,324.36
992616,Mai Ali,Studio,CBD,1,1,3,4.82,46,No,13,41.0,1,6.0,Yes,296.56
996528,Emma Nguyen,Apartment,CBD,2,2,6,4.34,60,Yes,3,76.0,2,7.0,No,407.06
996498,An Harris,House,Outer Suburb,5,4,10,4.22,66,No,4,103.0,2,10.0,No,498.31
992845,An Harris,House,Outer Suburb,4,2,8,4.64,60,Yes,12,65.0,1,8.0,No,386.71
994845,Thomas Walker,Apartment,Inner Suburb,1,2,1,4.48,24,No,1,32.0,2,3.0,No,232.31
996072,Isla White,Apartment,CBD,1,1,4,4.36,103,No,3,55.0,2,5.0,Yes,275.07
992328,Lily Brown,Studio,CBD,1,1,1,4.07,32,No,5,59.0,2,7.0,No,228.1
992100,Priya King,House,CBD,4,2,9,4.35,71,Yes,5,85.0,1,5.0,Yes,528.38
991083,Chloe Martin,Apartment,Inner Suburb,1,1,3,3.92,56,Yes,2,35.0,2,3.0,Yes,216.71
992779,Emma Ali,Studio,Inner Suburb,1,2,3,4.55,32,No,1,54.0,1,6.0,Yes,211.36
996781,Arjun Clark,Apartment,CBD,2,2,4,4.71,23,No,3,54.0,3,5.0,Yes,390.18
990916,Michael Smith,Villa,Regional,3,3,8,4.71,92,Yes,5,86.0,2,9.0,No,443.54
990953,Hannah Jones,House,Regional,4,2,8,4.59,47,No,14,74.0,2,5.0,No,338.96
991430,Ben Thomas,Townhouse,Inner Suburb,3,2,7,4.41,10,No,1,65.0,3,5.0,No,257.21
995471,Zoe Chen,Apartment,Inner Suburb,1,1,2,4.93,31,Yes,3,62.0,3,8.0,Yes,268.95
991210,Chloe Scott,Apartment,Regional,2,2,6,4.17,22,No,1,46.0,3,3.0,Yes,266.23
993303,Michael Patel,House,Inner Suburb,4,2,9,4.48,26,No,4,76.0,2,7.0,No,367.1
991810,Arjun Martin,House,Inner Suburb,2,2,6,4.08,19,No,6,73.0,1,,Yes,499.16
990789,Lily Clark,Studio,Regional,1,1,3,4.51,139,No,1,41.0,2,8.0,Yes,94.15
997413,Ava Ali,Studio,Inner Suburb,1,2,1,4.12,76,No,0,61.0,4,3.0,No,179.67
997422,David Walker,Apartment,Outer Suburb,1,1,1,4.0,61,Yes,5,48.0,1,4.0,Yes,304.04
990967,Sophie Martin,Apartment,Outer Suburb,1,1,3,4.78,69,No,1,43.0,1,7.0,No,170.13
996833,Emily Chen,Apartment,Inner Suburb,1,1,2,4.37,64,No,7,34.0,5,5.0,Yes,241.4
995320,Arjun Martin,House,Inner Suburb,4,2,10,4.3,9,No,3,71.0,2,4.0,No,473.7
997573,Olivia Nguyen,House,CBD,3,3,8,4.2,72,Yes,2,72.0,1,5.0,Yes,494.0
993031,Ava Tran,Studio,Outer Suburb,1,1,2,4.27,145,Yes,1,30.0,1,2.0,No,167.73
997860,David Clark,Apartment,CBD,2,2,6,4.41,36,No,2,49.0,2,6.0,No,260.11
997599,Olivia Chen,Apartment,Outer Suburb,1,1,3,4.54,33,No,4,47.0,3,5.0,Yes,170.42
996429,Liam Scott,House,Inner Suburb,3,3,6,,28,No,0,71.0,5,5.0,Yes,289.27
991085,William Singh,House,Regional,4,2,7,4.08,21,No,6,84.0,2,8.0,Yes,463.98
992719,Ava Khan,House,Inner Suburb,4,3,10,4.65,36,Yes,3,75.0,2,8.0,No,470.12
996190,Mai Nguyen,Apartment,Outer Suburb,1,2,4,4.3,11,No,1,52.0,1,5.0,Yes,205.15
993512,Samuel Walker,House,Inner Suburb,4,3,8,4.58,9,No,0,77.0,3,5.0,Yes,391.23
991712,Oliver Ali,Apartment,Outer Suburb,2,1,4,4.07,8,No,1,37.0,3,4.0,Yes,242.33
994387,David Wilson,House,Inner Suburb,3,2,7,3.7,27,Yes,10,56.0,3,4.0,No,363.71
992598,Minh Clark,Apartment,CBD,1,1,2,4.36,29,No,1,60.0,2,5.0,No,147.5
997167,Ethan Young,Apartment,Inner Suburb,3,2,8,4.08,78,No,10,75.0,1,6.0,No,303.61
995697,Sophie Chen,House,Outer Suburb,2,2,5,4.07,72,Yes,4,87.0,4,8.0,No,404.79
995149,Henry Smith,Townhouse,CBD,2,2,5,4.64,20,No,1,70.0,1,5.0,No,365.49
994846,Thomas Taylor,House,CBD,3,3,6,4.46,40,No,4,71.0,1,6.0,Yes,371.07
992564,Minh Singh,House,CBD,3,2,7,4.42,86,No,4,80.0,1,5.0,No,406.89
993977,Arjun Scott,Apartment,CBD,1,2,1,4.68,16,No,0,54.0,4,5.0,No,258.97
992909,Isla Lee,Townhouse,Outer Suburb,3,2,7,4.43,15,No,3,75.0,4,7.0,Yes,295.78
994097,Noah Smith,Studio,Inner Suburb,1,2,4,4.12,24,Yes,1,52.0,10,5.0,Yes,122.34
993065,William Singh,Apartment,Regional,2,2,6,4.06,10,No,2,53.0,7,3.0,No,191.76
991786,Anna King,Apartment,Outer Suburb,3,2,6,4.83,32,No,5,78.0,2,6.0,Yes,212.32
991273,Ava Harris,Townhouse,Inner Suburb,3,1,6,4.28,25,No,1,76.0,2,6.0,Yes,206.16
993539,David Martin,Apartment,Inner Suburb,2,2,6,4.46,12,No,1,62.0,5,5.0,Yes,320.9
991214,Jack White,House,Regional,2,2,6,4.47,85,No,3,59.0,2,7.0,Yes,307.99
990605,Lucas Jones,Apartment,CBD,2,2,5,4.45,31,No,5,54.0,2,4.0,Yes,295.6
996197,Mei Le,House,Outer Suburb,4,3,10,4.56,108,Yes,13,96.0,3,4.0,Yes,310.62
994793,Sarah Taylor,Apartment,CBD,2,1,3,4.58,76,Yes,6,61.0,1,8.0,Yes,343.7
991367,Ethan Harris,Studio,CBD,1,2,2,4.57,9,No,3,56.0,5,6.0,Yes,291.67
991495,Oliver Scott,Apartment,Outer Suburb,2,2,6,4.5,156,Yes,1,75.0,5,8.0,No,319.51
994211,Ethan Chen,Apartment,CBD,2,2,5,4.85,115,No,2,61.0,1,5.0,Yes,369.55
997896,Henry Young,Townhouse,Inner Suburb,3,2,5,4.84,79,No,4,90.0,1,7.0,No,444.34
990779,Lily Lee,Apartment,Outer Suburb,2,1,4,4.51,26,Yes,9,62.0,1,6.0,No,158.24
997245,Sophie Wang,House,Inner Suburb,5,3,9,4.33,32,Yes,3,92.0,1,3.0,Yes,488.03
992928,Samuel Walker,Apartment,CBD,2,2,3,4.59,111,No,9,65.0,2,6.0,No,327.49
990540,Minh Wang,Apartment,Outer Suburb,1,2,4,4.29,52,Yes,14,57.0,2,4.0,No,234.83
997721,Arjun Singh,House,CBD,2,2,5,4.58,28,Yes,2,75.0,7,8.0,No,327.25
990300,Amelia Le,Apartment,Outer Suburb,2,2,4,4.48,19,No,4,41.0,3,4.0,No,334.01
994576,Sophie Wang,Apartment,CBD,2,1,5,4.55,113,No,1,64.0,1,7.0,Yes,278.48
992286,Omar Ali,Apartment,CBD,1,1,1,4.03,15,No,1,45.0,3,4.0,Yes,338.83
990142,Emily Jones,Apartment,Regional,1,1,3,4.45,47,No,1,45.0,7,6.0,Yes,134.14
997216,Omar Le,House,Outer Suburb,2,1,3,4.44,14,No,3,50.0,5,3.0,Yes,152.95
992645,Isla King,Studio,Regional,1,2,2,4.12,23,No,6,50.0,4,2.0,No,203.59
995488,Sophie Le,House,Regional,3,2,5,4.37,79,No,13,49.0,1,3.0,No,378.9
991794,Sophie Taylor,Studio,Outer Suburb,1,2,3,4.06,44,No,6,65.0,3,6.0,Yes,69.68
991030,Linh Wilson,Villa,Inner Suburb,5,3,10,4.74,39,No,7,115.0,10,10.0,Yes,504.84
992144,Ethan Tran,Villa,Outer Suburb,2,2,4,4.6,65,Yes,15,77.0,2,6.0,Yes,468.56
991528,Mia Thomas,Apartment,Inner Suburb,2,2,3,4.45,18,No,1,43.0,1,2.0,No,304.01
993194,Ethan Martin,Villa,CBD,5,3,9,4.3,56,No,1,116.0,3,8.0,No,547.14
991007,Isla Nguyen,Townhouse,Inner Suburb,2,2,3,4.75,21,No,7,64.0,1,5.0,Yes,241.65
994915,Jack White,House,Outer Suburb,4,3,8,4.51,13,No,6,95.0,1,6.0,No,388.57
995166,Linh Nguyen,Studio,Inner Suburb,1,2,2,4.68,21,No,1,54.0,14,7.0,Yes,197.84
992774,Zoe Martin,House,Inner Suburb,3,2,7,4.44,22,Yes,0,62.0,2,5.0,No,430.22
992459,Emma Le,Apartment,Inner Suburb,1,2,1,4.68,48,No,7,50.0,5,5.0,No,273.15
990134,Michael Patel,Apartment,CBD,3,2,8,4.49,57,Yes,9,69.0,2,6.0,Yes,378.26
993411,Noah Scott,Apartment,CBD,1,1,3,4.82,40,Yes,3,49.0,1,7.0,No,165.22
991709,Mai Anderson,Apartment,CBD,1,2,1,4.45,43,No,9,70.0,4,6.0,Yes,353.59
990200,Sarah Patel,Apartment,CBD,2,2,5,4.64,48,No,0,66.0,1,5.0,Yes,323.07
994850,Anna Patel,Apartment,CBD,1,2,1,4.27,96,No,13,66.0,2,6.0,Yes,324.96
993799,Lucas Wilson,Apartment,Outer Suburb,1,1,4,4.36,25,Yes,2,55.0,4,2.0,No,215.36
990530,Omar Harris,Apartment,Outer Suburb,1,1,2,4.46,37,No,4,52.0,2,5.0,No,187.61
992767,Priya Patel,Apartment,CBD,2,2,3,4.22,44,No,3,43.0,1,1.0,Yes,230.83
994515,Oliver Singh,Apartment,Regional,2,2,6,,159,Yes,15,,1,8.0,No,208.14
994847,Samuel Jones,Apartment,Regional,2,2,4,4.26,39,Yes,1,45.0,4,4.0,Yes,212.28
992859,Mai Lee,Townhouse,Inner Suburb,3,2,6,4.39,70,Yes,4,65.0,5,7.0,No,374.97
997506,Zoe Young,Apartment,Regional,2,1,6,4.49,48,Yes,14,81.0,1,8.0,Yes,248.38
995424,William Chen,House,Inner Suburb,5,3,10,5.0,59,Yes,13,106.0,2,8.0,Yes,481.13
992527,Mai King,Townhouse,Outer Suburb,3,2,6,4.55,38,No,0,76.0,2,4.0,Yes,280.28
990611,James Ali,Apartment,Outer Suburb,1,2,2,3.96,11,No,2,63.0,1,5.0,No,213.44
996080,Amelia Brown,Apartment,Inner Suburb,2,2,5,3.97,24,No,4,63.0,3,7.0,No,302.29
990748,Ava Patel,House,Inner Suburb,3,2,6,4.79,33,No,2,83.0,2,6.0,No,424.41
997141,Emily Taylor,Townhouse,CBD,4,2,9,5.0,51,Yes,6,91.0,10,8.0,Yes,536.33
992341,Thomas Anderson,Townhouse,Inner Suburb,4,2,8,4.42,19,No,1,87.0,1,5.0,No,331.51
995127,Emily Le,Studio,Inner Suburb,1,1,3,4.39,58,Yes,6,67.0,2,5.0,No,209.69
990542,Lucas Ali,House,Regional,3,2,6,4.94,39,Yes,2,66.0,2,5.0,Yes,252.53
996058,Amelia Jones,Villa,CBD,4,3,10,3.62,61,No,10,85.0,2,8.0,Yes,587.02
996146,Lily Thomas,Apartment,Inner Suburb,1,1,1,4.12,16,No,2,29.0,2,5.0,No,248.52
995852,Mei Walker,Apartment,CBD,1,1,2,4.6,40,No,4,50.0,7,6.0,No,234.15
997707,Jack Wilson,Apartment,Regional,1,1,2,4.4,14,No,1,48.0,1,6.0,Yes,169.67
996114,Jack Young,Studio,Regional,1,1,1,4.33,31,No,0,65.0,3,6.0,No,164.96
995769,Anna Tran,Townhouse,Outer Suburb,2,1,3,4.3,99,No,3,59.0,1,3.0,Yes,309.15
996968,Ava Brown,Apartment,Outer Suburb,2,2,4,,136,Yes,0,,1,6.0,Yes,249.42
990659,Grace Anderson,House,Inner Suburb,2,2,6,3.66,18,No,4,50.0,1,2.0,No,304.76
996648,William Thomas,Apartment,Inner Suburb,1,2,1,4.3,80,No,2,40.0,1,4.0,Yes,238.64
997501,Grace Taylor,Apartment,CBD,3,2,6,4.41,72,Yes,2,61.0,1,7.0,No,324.41
993209,Lucas Smith,Townhouse,CBD,4,3,10,4.54,63,Yes,9,79.0,2,6.0,No,383.69
997554,Daniel Taylor,House,Inner Suburb,4,2,7,4.36,31,Yes,0,72.0,2,5.0,Yes,341.36
994146,Emily Tran,House,CBD,2,2,6,4.29,28,No,2,69.0,1,8.0,Yes,400.9
993676,Henry Walker,Studio,Outer Suburb,1,1,3,4.3,39,Yes,9,41.0,3,4.0,No,78.89
991136,Anna Walker,Townhouse,Inner Suburb,2,2,3,4.42,109,No,2,79.0,1,6.0,Yes,262.3
992128,Jack Martin,House,Outer Suburb,3,2,8,4.99,61,Yes,1,79.0,3,8.0,Yes,398.16
995049,Emily Patel,Apartment,Inner Suburb,1,1,3,,17,No,4,,1,8.0,No,158.01
994543,Jack Wang,Apartment,CBD,2,2,4,4.44,58,Yes,4,55.0,1,5.0,No,327.55
991046,Hannah Lee,Apartment,Outer Suburb,1,1,3,4.51,9,No,2,45.0,1,4.0,No,149.67
993836,Omar Harris,Studio,Inner Suburb,1,1,2,4.46,97,No,10,37.0,1,4.0,Yes,185.1
994412,David Chen,House,Inner Suburb,2,2,4,3.98,43,No,3,72.0,1,6.0,No,367.33
992369,Emma Le,Studio,Regional,1,2,2,4.47,50,No,1,40.0,3,4.0,Yes,173.6
997889,Grace Clark,Townhouse,Inner Suburb,3,3,5,4.2,68,No,7,79.0,2,6.0,Yes,374.87
991827,Sarah King,Apartment,Outer Suburb,1,1,4,4.74,20,No,1,44.0,1,4.0,No,107.49
993223,Ben Ali,Studio,Inner Suburb,1,1,2,4.45,54,Yes,2,37.0,1,4.0,No,122.61
990256,Chloe Clark,Apartment,Inner Suburb,1,1,4,4.28,38,Yes,2,65.0,2,6.0,Yes,205.48
991126,Ben King,Apartment,CBD,2,2,4,4.49,25,No,6,54.0,4,6.0,No,277.28
990729,Samuel Harris,House,Inner Suburb,3,2,7,3.92,45,Yes,6,70.0,1,5.0,No,336.39
994999,Thomas Brown,Townhouse,Outer Suburb,3,2,7,4.59,8,No,1,60.0,2,5.0,No,304.54
991319,Emma Chen,Townhouse,Inner Suburb,3,2,6,4.41,127,No,0,63.0,4,9.0,No,352.26
993561,Lily Tran,Villa,Inner Suburb,5,3,10,5.0,61,Yes,6,100.0,2,7.0,No,588.63
995780,Sarah Le,Studio,Outer Suburb,1,2,3,4.54,45,No,5,55.0,3,,Yes,142.17
996542,Lily Singh,Apartment,Outer Suburb,1,1,1,4.69,92,No,2,68.0,1,6.0,Yes,212.11
994851,Sophie Wang,Apartment,Regional,2,1,5,4.96,76,Yes,5,78.0,1,7.0,Yes,270.31
996055,Thomas Patel,House,CBD,3,2,8,4.7,55,No,3,105.0,1,10.0,Yes,347.47
993159,Michael Ali,Studio,Regional,1,1,3,4.22,120,Yes,4,58.0,3,7.0,No,161.27
990541,Olivia Clark,Studio,Regional,1,2,1,4.29,29,Yes,2,42.0,2,4.0,Yes,186.62
997046,Michael Wang,House,Regional,3,3,6,,58,Yes,3,,1,4.0,Yes,317.99
996965,Hannah Taylor,Apartment,Outer Suburb,1,2,2,4.29,66,Yes,0,56.0,2,8.0,Yes,226.12
997859,Anna Smith,Studio,Inner Suburb,1,2,2,4.09,24,No,7,45.0,3,3.0,No,114.07
992785,Lucas Brown,Apartment,Inner Suburb,2,2,3,4.78,32,Yes,0,59.0,2,6.0,Yes,232.26
996591,James Scott,Apartment,CBD,2,1,4,4.53,64,Yes,3,39.0,1,6.0,No,321.0
993833,Thomas Anderson,Townhouse,Regional,2,2,5,4.56,21,No,4,51.0,2,4.0,Yes,306.33
996565,Aisha Anderson,Apartment,Inner Suburb,1,1,2,3.97,166,No,6,49.0,2,6.0,Yes,332.73
992858,Arjun Wang,Apartment,Inner Suburb,1,1,3,5.0,80,Yes,1,75.0,1,9.0,Yes,360.06
991177,Ava Ali,House,Inner Suburb,2,2,4,4.77,5,No,1,58.0,1,7.0,Yes,388.78
994823,Noah Thomas,Apartment,Regional,3,2,5,3.96,155,No,4,61.0,1,6.0,Yes,171.32
994276,Daniel Nguyen,Apartment,CBD,1,1,4,4.35,99,No,10,39.0,1,5.0,No,411.3
996202,Emily Brown,Townhouse,Outer Suburb,3,2,8,4.63,59,Yes,12,90.0,2,8.0,Yes,349.29
991032,Emily Taylor,House,Inner Suburb,2,2,3,4.17,22,No,6,40.0,3,4.0,No,304.31
994056,Samuel King,Apartment,Inner Suburb,2,2,4,4.48,142,No,9,46.0,2,5.0,No,261.66
994700,Priya Le,Villa,CBD,4,2,9,4.65,64,No,15,84.0,2,7.0,Yes,519.8
992179,Lily Harris,Apartment,Outer Suburb,1,1,3,,183,No,8,,1,8.0,No,283.39
990760,Amelia Wilson,Apartment,Inner Suburb,1,2,2,4.14,95,Yes,13,55.0,1,4.0,No,186.22
994528,William Khan,Studio,Regional,1,1,2,4.87,57,Yes,15,51.0,10,5.0,Yes,214.3
995401,Noah Ali,Apartment,Inner Suburb,1,2,3,4.52,21,Yes,2,45.0,3,4.0,No,302.64
992196,Ethan Lee,Apartment,Inner Suburb,1,1,2,4.61,20,No,6,30.0,2,2.0,Yes,111.1
994884,Hannah Young,Studio,Inner Suburb,1,2,2,4.53,65,No,4,58.0,1,5.0,No,269.08
995549,Amelia King,Studio,Outer Suburb,1,1,1,4.39,16,No,10,37.0,2,7.0,Yes,291.99
996070,David Tran,Apartment,Regional,1,1,2,4.36,50,Yes,3,46.0,3,4.0,No,128.2
994375,Ava White,Apartment,CBD,1,2,3,4.51,41,Yes,3,51.0,1,3.0,Yes,331.36
997121,Arjun Young,Townhouse,Outer Suburb,3,2,5,4.55,187,Yes,3,65.0,5,5.0,Yes,384.84
994522,Minh Singh,Townhouse,Outer Suburb,2,2,4,4.33,65,No,8,60.0,1,7.0,Yes,261.07
993097,Priya White,Townhouse,Inner Suburb,4,3,7,4.36,53,No,3,96.0,1,6.0,Yes,310.94
995050,Amelia Thomas,House,Outer Suburb,4,3,8,4.41,23,Yes,1,75.0,3,7.0,Yes,358.17
992630,Emma King,Villa,Outer Suburb,5,3,10,4.66,2,No,1,106.0,1,7.0,No,577.99
990248,Amelia Taylor,House,CBD,4,2,7,4.68,26,No,15,113.0,1,10.0,Yes,494.09
997570,Minh Smith,House,Regional,2,2,4,4.99,53,Yes,7,65.0,1,8.0,Yes,257.36
993509,Priya Patel,Studio,Inner Suburb,1,2,2,4.46,43,No,2,58.0,2,7.0,No,221.93
994246,James Martin,Apartment,Inner Suburb,1,2,1,4.58,91,No,6,34.0,1,4.0,No,173.81
997102,Priya Wang,Studio,CBD,1,1,3,4.42,23,No,5,48.0,5,4.0,No,223.94
995506,Omar Smith,Apartment,CBD,2,3,3,,62,Yes,7,,4,6.0,No,365.78
996685,Amelia Harris,Studio,Inner Suburb,1,1,2,4.41,37,Yes,5,48.0,1,6.0,No,91.5
995626,Olivia Harris,Apartment,Regional,2,1,4,4.25,30,No,4,48.0,3,5.0,No,171.39
991634,Zoe Jones,House,CBD,4,2,7,4.79,41,No,5,79.0,1,7.0,Yes,434.04
991161,Emma Thomas,apartment,Regional,1,2,1,4.55,81,No,1,54.0,5,6.0,Yes,200.41
990610,William Taylor,Apartment,Outer Suburb,3,3,5,4.98,27,No,15,88.0,4,9.0,Yes,307.29
993014,Olivia Singh,Apartment,Inner Suburb,1,1,3,4.47,122,Yes,6,57.0,1,6.0,No,233.8
994584,Michael Tran,Townhouse,Regional,3,4,6,4.57,66,No,2,61.0,3,6.0,Yes,379.65
996972,Mai Wang,Apartment,Inner Suburb,3,2,5,4.08,110,No,15,72.0,2,6.0,Yes,337.67
996794,Lucas Scott,House,CBD,2,2,4,4.28,44,No,0,42.0,1,5.0,Yes,305.28
992548,Thomas Singh,House,CBD,4,2,10,4.79,17,No,2,81.0,2,8.0,Yes,388.63
993581,Lily Jones,Studio,Outer Suburb,1,1,4,4.27,195,No,1,33.0,2,4.0,Yes,137.84
996851,Anna Singh,Apartment,Inner Suburb,1,2,3,4.28,9,No,2,56.0,2,5.0,No,240.15
990596,Emma Walker,Villa,CBD,4,2,8,4.6,33,Yes,3,76.0,2,8.0,Yes,525.45
991694,Lily Harris,Apartment,Inner Suburb,2,1,4,3.9,43,No,7,63.0,3,5.0,No,223.04
997652,Noah Walker,Townhouse,Outer Suburb,3,3,6,4.92,22,Yes,0,74.0,4,4.0,No,164.21
994457,Ethan Anderson,Apartment,Regional,2,1,3,4.43,25,No,4,55.0,2,6.0,Yes,194.93
994871,James Anderson,Townhouse,Inner Suburb,2,2,5,5.0,79,No,1,82.0,2,10.0,No,358.53
995605,Chloe Wilson,Townhouse,Outer Suburb,3,3,7,4.61,41,Yes,8,85.0,2,5.0,Yes,327.57
997726,Lucas Harris,Studio,Regional,1,1,2,4.5,39,No,2,51.0,10,4.0,Yes,84.49
995249,Daniel Thomas,Apartment,CBD,2,2,5,4.52,82,No,0,60.0,2,6.0,Yes,328.21
994703,Ava Khan,Townhouse,Inner Suburb,2,2,6,4.74,84,No,1,52.0,1,5.0,Yes,325.5
993662,Chloe Anderson,Studio,Inner Suburb,1,1,2,4.71,75,No,1,47.0,4,,No,251.43
990391,Ben Le,Apartment,Inner Suburb,3,2,6,4.29,37,Yes,1,68.0,2,7.0,Yes,400.11
997920,Samuel Wilson,apartment,Regional,2,2,4,4.48,47,Yes,7,60.0,1,8.0,No,253.82
993991,Omar Chen,House,CBD,3,3,8,4.47,47,No,2,66.0,1,5.0,Yes,414.58
994969,Ava Taylor,Apartment,Inner Suburb,2,2,3,4.45,95,Yes,13,63.0,2,5.0,No,227.31
997462,Mia King,Apartment,Outer Suburb,2,1,6,4.04,109,Yes,7,54.0,2,4.0,No,169.83
994419,Michael Walker,Townhouse,CBD,4,3,8,4.57,65,Yes,2,87.0,2,5.0,Yes,455.75
991156,Mei Lee,House,Outer Suburb,3,3,8,3.95,55,No,8,65.0,3,4.0,Yes,292.69
992763,Noah Nguyen,House,Inner Suburb,3,2,8,4.29,15,No,1,78.0,1,7.0,No,467.75
992555,Lucas Smith,House,Inner Suburb,3,3,5,4.7,40,No,4,78.0,7,8.0,No,365.22
990146,David Smith,House,Regional,2,1,6,4.26,40,Yes,1,67.0,7,6.0,Yes,359.12
993300,Hannah Brown,Townhouse,Outer Suburb,4,2,7,4.4,96,No,5,76.0,2,5.0,No,469.47
991354,Wei Chen,Apartment,Regional,3,2,8,4.53,5,No,2,74.0,3,8.0,No,345.55
993051,Isla Ali,House,Regional,2,2,6,3.83,129,No,15,83.0,2,7.0,Yes,232.0
990532,Chloe Tran,Apartment,CBD,1,1,3,4.5,86,No,4,35.0,2,4.0,No,227.97
997983,Isla Ali,House,Outer Suburb,4,3,8,4.11,74,Y,3,90.0,1,5.0,Yes,514.44
994991,Hannah Young,Studio,Outer Suburb,1,2,3,4.38,51,Yes,4,37.0,1,6.0,No,148.5
993169,Aisha Martin,House,Regional,4,3,9,4.36,27,Yes,0,73.0,2,6.0,Yes,388.63
994234,Hannah Jones,House,CBD,4,3,7,4.76,46,Yes,4,86.0,2,5.0,No,480.51
990290,Isla White,Apartment,Inner Suburb,1,1,2,4.48,119,No,4,52.0,1,5.0,No,237.88
995822,Samuel Brown,Studio,Inner Suburb,1,1,4,4.24,67,No,8,33.0,1,4.0,No,220.26
993615,William Wilson,Apartment,CBD,2,2,4,4.5,43,No,9,60.0,1,3.0,No,469.34
995738,Ethan Lee,Apartment,Outer Suburb,1,2,1,4.58,38,No,2,69.0,4,7.0,Yes,207.8
994959,Henry Wilson,Townhouse,Inner Suburb,3,3,7,4.16,71,Yes,6,66.0,2,8.0,Yes,379.95
996288,An Harris,Apartment,Outer Suburb,1,2,2,4.26,43,No,4,45.0,2,3.0,Yes,173.9
993250,Grace Wang,Apartment,Regional,2,1,6,4.76,111,No,2,46.0,4,5.0,Yes,205.9
992600,Henry Harris,Apartment,Regional,1,2,2,4.61,24,No,5,40.0,3,6.0,Yes,264.29
992008,Mai Jones,Villa,Inner Suburb,4,2,7,4.29,149,No,15,84.0,1,5.0,Yes,620.66
995472,Sarah Jones,Townhouse,Regional,2,2,3,4.21,3,No,0,73.0,2,6.0,No,192.74
997972,Michael Brown,Apartment,Inner Suburb,2,2,3,4.26,95,Yes,13,59.0,1,6.0,No,262.79
996045,Olivia Scott,Villa,CBD,5,3,10,4.49,20,No,6,98.0,1,9.0,Yes,549.73
996302,Lily White,Apartment,Outer Suburb,1,1,4,4.06,60,Yes,3,55.0,2,6.0,No,251.4
994979,Emma White,Apartment,Regional,1,1,4,4.68,69,No,1,42.0,7,4.0,Yes,165.55
997637,Michael Wilson,Studio,Outer Suburb,1,1,3,4.2,17,No,4,46.0,1,3.0,Yes,169.94
996464,Emily Anderson,Apartment,Outer Suburb,2,1,4,4.08,60,No,5,55.0,7,5.0,Yes,261.05
997689,Omar Lee,Apartment,Outer Suburb,3,2,6,4.71,13,No,1,81.0,1,7.0,Yes,278.81
990813,Emma Le,Studio,CBD,1,2,1,4.35,46,Yes,1,62.0,2,7.0,Yes,235.45
991589,Omar Le,Apartment,Outer Suburb,2,1,4,3.99,39,No,0,48.0,1,3.0,Yes,212.54
995153,Isla Patel,Apartment,CBD,1,1,2,4.93,26,No,5,36.0,1,6.0,No,264.72
992248,William Ali,Apartment,CBD,1,1,2,4.29,72,Yes,13,70.0,1,6.0,No,345.8
997429,Grace Harris,House,Inner Suburb,3,2,6,4.25,38,No,11,74.0,3,7.0,Yes,385.53
993713,Aisha Scott,Apartment,CBD,3,2,8,4.65,29,No,4,77.0,2,8.0,No,365.02
990350,Grace Wang,Apartment,Inner Suburb,1,2,1,4.62,19,No,0,66.0,1,9.0,Yes,201.24
997112,Jack Tran,House,Inner Suburb,2,2,6,3.81,118,No,5,52.0,3,7.0,Yes,376.16
991398,Linh Ali,House,Inner Suburb,3,2,5,4.25,11,No,2,81.0,1,5.0,No,426.92
993884,Arjun Young,Townhouse,Outer Suburb,2,1,5,4.41,23,No,5,54.0,1,3.0,Yes,263.7
997098,Linh Singh,House,Outer Suburb,3,2,8,4.32,175,Yes,2,72.0,2,6.0,Yes,337.25
994903,Arjun Lee,Villa,Regional,4,3,7,4.52,9,No,3,87.0,1,9.0,No,386.84
993751,Daniel Brown,House,Inner Suburb,2,1,6,4.15,18,No,9,54.0,1,5.0,Yes,314.6
990175,Anna Lee,House,CBD,3,2,5,4.65,52,No,7,66.0,2,8.0,No,403.36
991359,Priya Le,Apartment,CBD,2,2,4,4.28,103,Yes,3,67.0,3,7.0,Yes,337.75
993657,William King,House,Regional,3,2,8,4.62,47,No,6,55.0,1,5.0,Yes,209.63
996460,Henry Martin,Villa,Outer Suburb,3,3,7,4.09,78,Yes,3,81.0,1,7.0,Yes,474.23
990637,Thomas Chen,House,Inner Suburb,5,3,10,4.34,82,Yes,0,99.0,1,7.0,Yes,484.71
991586,Amelia Singh,House,CBD,4,2,8,4.05,69,Yes,4,91.0,1,7.0,Yes,484.89
995408,Liam Singh,Apartment,Inner Suburb,1,1,1,4.73,100,Yes,9,44.0,2,4.0,Yes,171.62
991447,Samuel Lee,House,CBD,3,2,6,4.24,33,No,2,75.0,2,5.0,Yes,437.69
996451,Grace Anderson,Apartment,Outer Suburb,1,1,2,4.87,110,No,2,33.0,1,5.0,Yes,244.48
997329,Grace Taylor,House,Outer Suburb,3,2,6,4.26,39,No,5,73.0,2,5.0,Yes,336.04
995147,Chloe Jones,House,Regional,4,3,7,4.76,67,Yes,15,89.0,2,8.0,No,425.71
994549,David Wilson,Villa,Inner Suburb,4,3,8,4.2,23,No,4,92.0,1,9.0,Yes,557.01
996501,Mia Thomas,Townhouse,Regional,3,2,5,4.51,109,No,2,76.0,1,7.0,Yes,275.78
994980,Noah Singh,House,Regional,4,3,10,4.81,72,Yes,10,80.0,1,7.0,Yes,493.32
996707,Mai Patel,Apartment,Outer Suburb,1,2,3,4.6,114,Yes,6,40.0,3,4.0,No,139.93
997254,Isla Tran,Apartment,CBD,3,3,6,4.18,48,No,4,51.0,2,4.0,Yes,313.61
992108,Zoe Ali,Townhouse,Outer Suburb,3,2,7,4.75,81,Yes,4,82.0,2,7.0,No,338.1
990517,William Harris,House,Inner Suburb,4,2,10,4.63,24,No,6,97.0,7,9.0,Yes,478.96
993035,Mia Martin,Studio,Inner Suburb,1,1,2,4.51,84,No,0,49.0,2,6.0,No,196.25
995663,Priya Young,Townhouse,CBD,2,3,4,5.0,29,Yes,4,64.0,2,5.0,Yes,420.69
997785,Aisha White,House,Outer Suburb,3,3,8,4.95,2,No,1,85.0,2,8.0,Yes,407.54
992716,Anna Tran,Studio,Inner Suburb,1,1,2,4.43,37,No,5,49.0,1,2.0,No,202.49
994126,Wei Taylor,Apartment,CBD,2,2,5,4.22,47,Yes,7,73.0,2,6.0,No,342.54
997691,Wei Lee,House,Inner Suburb,3,2,6,4.72,74,Yes,9,78.0,4,8.0,No,269.08
996118,Aisha Nguyen,Studio,Outer Suburb,1,1,2,4.45,51,No,4,28.0,3,5.0,Yes,232.26
992781,Thomas Martin,Studio,CBD,1,2,4,4.57,84,Yes,1,55.0,2,7.0,Yes,255.71
992931,Linh Thomas,House,Regional,3,2,6,4.24,14,No,1,57.0,3,5.0,No,346.58
992363,David White,House,CBD,4,3,10,4.68,71,No,4,90.0,3,8.0,Yes,401.25
993033,Zoe Wilson,Apartment,CBD,1,1,4,4.29,52,No,5,62.0,7,7.0,No,236.3
993982,Daniel Ali,Apartment,Outer Suburb,1,1,1,4.31,85,Yes,1,54.0,2,5.0,No,207.0
991122,Emily Smith,Apartment,Inner Suburb,2,2,3,4.34,1,No,1,74.0,3,8.0,No,266.01
992117,Mia Ali,House,Regional,5,3,9,4.65,22,No,5,100.0,2,7.0,Yes,382.93
991790,Olivia Brown,Apartment,CBD,2,2,5,4.07,36,No,0,56.0,1,6.0,Yes,379.51
991817,Amelia Wang,villa,Outer Suburb,5,3,10,4.28,18,No,5,86.0,2,5.0,Yes,464.41
990724,Oliver Clark,House,Inner Suburb,4,2,9,4.54,0,No,0,99.0,1,9.0,Yes,537.92
991581,Jack Chen,Apartment,Inner Suburb,2,2,5,4.37,12,No,1,58.0,1,5.0,No,262.96
990155,Amelia Chen,House,Outer Suburb,2,2,4,4.97,24,Yes,1,58.0,1,6.0,Yes,344.57
992405,Michael Le,Apartment,Outer Suburb,1,2,1,,197,No,0,,1,3.0,No,76.22
995894,Minh Smith,Apartment,Inner Suburb,2,2,3,4.51,59,Yes,7,66.0,2,5.0,Yes,232.76
992775,Amelia Walker,Studio,Outer Suburb,1,2,2,4.34,19,No,1,69.0,1,6.0,Yes,288.08
993559,Oliver Singh,Studio,CBD,1,1,2,4.79,22,No,2,40.0,1,4.0,No,161.87
994143,Arjun Ali,House,Regional,3,2,7,4.19,111,Yes,0,78.0,2,6.0,Yes,249.04
994028,Grace Smith,Apartment,Inner Suburb,1,1,2,4.03,79,No,2,40.0,1,3.0,Yes,195.59
994807,Amelia Patel,Studio,Regional,1,1,2,4.29,58,Yes,8,41.0,2,5.0,Yes,125.35
995208,Grace Clark,Apartment,Outer Suburb,2,1,6,4.24,24,No,7,58.0,2,7.0,Yes,267.97
991570,Liam Le,Townhouse,Outer Suburb,2,2,4,4.19,16,No,5,82.0,2,5.0,No,188.74
996255,Mei Smith,Studio,CBD,1,1,1,3.92,54,No,2,35.0,2,5.0,Yes,281.92
990384,Liam Wang,Apartment,Inner Suburb,1,1,2,4.25,31,No,0,51.0,3,5.0,Yes,244.77
993048,James Patel,Apartment,Outer Suburb,1,1,1,4.46,45,Yes,8,23.0,2,2.0,Yes,154.09
995301,Jack Wang,Apartment,Inner Suburb,1,1,2,4.44,9,No,2,60.0,3,3.0,Yes,222.0
991922,Aisha Clark,Apartment,Outer Suburb,1,1,2,4.08,25,No,0,65.0,2,5.0,Yes,226.44
991862,Oliver Patel,Apartment,Inner Suburb,1,1,1,,46,No,8,61.0,3,6.0,No,180.05
992666,Anna Clark,Apartment,Regional,1,2,1,3.86,12,No,2,48.0,5,4.0,No,189.67
991653,Amelia Wang,House,CBD,4,3,8,4.4,124,No,1,90.0,2,5.0,Yes,462.55
996727,David King,House,CBD,3,2,6,4.62,51,No,2,93.0,2,8.0,No,355.31
990623,Isla Martin,Apartment,Outer Suburb,1,2,4,4.5,9,No,1,38.0,2,3.0,Yes,167.89
996636,Omar Le,Townhouse,Outer Suburb,3,3,8,,164,Yes,2,,3,5.0,Yes,276.89
996222,Linh Anderson,Studio,Regional,1,2,3,4.28,58,Yes,10,51.0,1,6.0,No,244.75
991789,Aisha Jones,House,Outer Suburb,3,2,6,4.97,70,No,4,93.0,2,10.0,Yes,318.96
994328,Zoe Wang,House,Inner Suburb,3,2,8,4.18,62,Yes,2,76.0,3,6.0,Yes,365.72
991699,Lucas Taylor,Townhouse,Inner Suburb,3,2,8,4.09,21,No,8,75.0,2,5.0,No,331.69
990420,Sarah Scott,Apartment,CBD,2,2,5,4.04,104,Yes,13,55.0,1,3.0,Yes,328.87
992745,Minh Chen,Apartment,Inner Suburb,1,1,3,4.25,42,No,0,36.0,1,4.0,Yes,302.19
996287,Zoe Chen,Apartment,Outer Suburb,2,2,5,,110,Yes,13,53.0,1,4.0,No,256.35
993283,Mia Nguyen,Townhouse,Inner Suburb,3,2,7,3.78,134,No,7,58.0,3,3.0,No,323.0
993780,Lily White,House,CBD,4,3,10,4.65,72,No,3,93.0,2,8.0,Yes,409.26
993407,Ben Lee,Studio,CBD,1,2,2,4.58,15,No,1,57.0,2,4.0,No,280.87
997736,Emily Martin,Apartment,Inner Suburb,1,1,2,4.49,12,No,0,47.0,2,5.0,Yes,290.73
997415,Minh Smith,Apartment,CBD,2,2,3,4.88,64,No,6,73.0,1,10.0,No,416.14
991352,Emily Clark,House,Regional,3,2,7,4.12,144,No,1,83.0,1,5.0,No,358.89
994175,Anna White,House,Outer Suburb,3,3,8,4.49,24,No,5,87.0,5,7.0,No,354.97
997235,Arjun Singh,House,CBD,4,2,10,4.78,18,No,9,73.0,3,7.0,Yes,365.51
996338,Henry Brown,Studio,Inner Suburb,1,1,3,4.12,80,No,6,65.0,2,6.0,Yes,161.1
993547,Ethan Patel,Townhouse,Outer Suburb,3,3,6,4.41,65,No,3,70.0,3,4.0,Yes,245.52
990463,Arjun Anderson,Apartment,Outer Suburb,1,2,2,4.6,14,No,3,47.0,4,4.0,No,254.45
997568,William Chen,Townhouse,Inner Suburb,2,2,6,4.32,53,No,3,70.0,1,6.0,No,284.65
997505,Aisha Young,Studio,Outer Suburb,1,2,1,4.67,36,Yes,5,62.0,2,9.0,Yes,284.7
995248,Lucas Smith,Townhouse,Outer Suburb,3,3,6,4.09,38,Yes,0,63.0,3,4.0,Yes,267.01
994795,Wei Anderson,Townhouse,CBD,2,2,4,4.85,22,Yes,2,69.0,2,7.0,Yes,422.67
991317,William Jones,Apartment,Inner Suburb,1,2,2,4.68,4,No,1,33.0,1,4.0,No,253.96
997327,Arjun Young,Villa,Outer Suburb,5,3,10,4.41,24,No,0,100.0,1,6.0,Yes,413.42
995773,Amelia Wang,Apartment,Inner Suburb,1,1,2,4.51,70,No,7,54.0,2,5.0,Yes,314.6
996093,Daniel Patel,House,Inner Suburb,2,2,5,4.02,14,No,0,65.0,2,8.0,No,281.73
990876,Emily Harris,Townhouse,Inner Suburb,3,3,7,4.88,47,Yes,7,73.0,3,7.0,Yes,345.63
995039,Aisha Nguyen,Apartment,Inner Suburb,1,1,3,3.96,153,Yes,12,34.0,3,5.0,Yes,184.83
990567,Wei Young,Villa,Regional,4,3,9,4.33,99,Yes,2,91.0,1,8.0,No,457.61
991090,Olivia Lee,Townhouse,CBD,3,2,5,3.94,11,No,2,69.0,1,6.0,Yes,395.51
997853,Sarah Smith,House,Inner Suburb,3,2,7,4.72,5,No,1,64.0,2,7.0,Yes,327.88
992260,Chloe Smith,Apartment,Inner Suburb,1,2,2,4.42,33,Yes,1,56.0,10,7.0,Yes,173.72
991646,Henry Young,Studio,Inner Suburb,1,2,2,4.15,51,Yes,7,59.0,3,6.0,No,184.15
992773,An Tran,Apartment,Inner Suburb,2,2,3,4.68,8,No,2,69.0,1,7.0,No,207.84
993809,Liam Wang,Apartment,Inner Suburb,1,2,4,4.33,31,No,2,59.0,1,,No,205.53
995899,Linh Martin,House,Regional,2,2,4,4.79,32,Yes,2,57.0,2,5.0,No,231.65
991818,Isla Khan,House,CBD,2,2,3,3.7,19,No,6,70.0,2,4.0,Yes,418.73
990651,Mia Walker,Studio,CBD,1,2,2,4.25,76,Yes,5,44.0,3,5.0,No,164.65
992086,Noah Clark,Studio,Inner Suburb,1,1,1,4.42,50,No,0,63.0,2,8.0,Yes,261.26
992702,An Anderson,Apartment,Regional,1,2,3,4.7,71,Yes,7,61.0,2,6.0,No,160.94
992474,Thomas Le,Apartment,Outer Suburb,1,2,2,4.39,28,No,12,52.0,1,6.0,Yes,292.69
992310,Lily Brown,House,CBD,4,4,7,,27,No,6,,1,6.0,Yes,434.37
996581,Ethan Patel,Apartment,Inner Suburb,1,1,2,3.93,54,Yes,0,39.0,1,3.0,Yes,130.65
993299,Aisha Thomas,Studio,CBD,1,1,2,4.57,13,No,1,61.0,2,8.0,Yes,307.52
992876,Samuel Chen,Studio,Inner Suburb,1,1,3,4.73,71,Yes,12,41.0,7,4.0,No,326.47
990614,Omar Thomas,Apartment,Outer Suburb,1,1,1,4.99,36,Yes,4,45.0,4,8.0,No,243.15
995962,James White,Studio,Inner Suburb,1,1,4,4.85,62,Yes,1,32.0,4,4.0,Yes,240.57
994053,Hannah Wilson,Townhouse,CBD,2,2,4,4.49,38,Yes,4,61.0,1,8.0,No,312.14
993663,Wei King,Townhouse,Regional,3,2,6,4.3,17,No,0,75.0,1,7.0,Yes,308.87
991037,Isla Young,House,Inner Suburb,3,2,7,4.66,32,No,2,89.0,1,7.0,Yes,372.65
997734,Emily Jones,Apartment,Inner Suburb,3,2,5,4.9,101,Yes,14,79.0,3,9.0,No,392.37
996943,Aisha Jones,Studio,Inner Suburb,1,2,4,4.37,28,Yes,2,43.0,2,6.0,Yes,221.51
995721,Liam Nguyen,Apartment,Regional,1,2,4,4.13,41,Yes,5,53.0,7,5.0,No,150.34
990018,Mia Nguyen,Apartment,Inner Suburb,1,1,2,3.98,28,No,1,31.0,3,6.0,No,188.8
993554,Amelia Jones,House,Inner Suburb,3,2,8,4.65,51,No,4,83.0,2,8.0,No,353.47
990501,An Scott,House,Inner Suburb,3,2,5,4.49,54,No,2,80.0,2,7.0,No,413.34
995787,William Tran,Apartment,Inner Suburb,3,3,6,4.53,116,Yes,3,71.0,1,4.0,Yes,266.21
991937,Zoe Chen,Villa,CBD,5,3,10,4.03,68,No,6,98.0,2,6.0,No,564.65
993077,Grace Ali,House,CBD,3,2,6,4.48,54,Yes,6,64.0,2,5.0,Yes,468.53
993147,Minh Brown,Studio,Inner Suburb,1,1,2,4.67,77,No,12,43.0,1,5.0,No,131.65
991776,Samuel Taylor,Apartment,CBD,1,1,2,4.63,36,Yes,0,63.0,1,10.0,No,195.33
990317,Linh Brown,House,Inner Suburb,4,3,8,4.32,8,No,1,87.0,1,7.0,Yes,406.77
992391,Henry King,Townhouse,Regional,2,2,3,4.3,153,Yes,13,64.0,4,7.0,No,337.73
995045,Noah Scott,Apartment,Inner Suburb,1,1,1,4.29,1,No,1,74.0,1,6.0,Yes,116.86
992526,Noah Patel,Studio,Inner Suburb,1,2,3,5.0,51,Yes,10,73.0,3,8.0,No,303.58
991198,Mia Patel,Apartment,CBD,1,2,2,3.84,54,No,12,37.0,2,3.0,Yes,313.19
992834,Hannah Chen,House,Outer Suburb,4,3,8,4.51,51,Yes,9,88.0,1,7.0,No,454.92
991758,Ava Wang,Townhouse,Inner Suburb,2,2,4,4.56,29,No,5,50.0,3,5.0,Yes,185.77
994012,Minh Thomas,House,Inner Suburb,2,2,3,4.34,116,No,10,77.0,7,10.0,Yes,349.74
992491,David Jones,Apartment,Outer Suburb,2,2,4,,86,No,10,,3,8.0,Yes,320.35
990431,Omar Le,Townhouse,CBD,3,2,7,4.52,20,Yes,4,75.0,2,7.0,Yes,430.8
995454,Minh Thomas,Apartment,CBD,2,2,5,4.75,98,No,7,54.0,1,5.0,Yes,390.47
993971,Zoe Ali,House,Regional,3,2,5,4.64,25,No,2,75.0,2,6.0,Yes,449.75
994138,Grace Anderson,House,Outer Suburb,3,2,5,4.25,22,No,4,77.0,1,8.0,No,327.82
994875,Ava Patel,House,Regional,3,3,5,4.65,45,No,11,86.0,3,7.0,Yes,358.04
997109,Aisha Thomas,Apartment,Inner Suburb,1,1,2,4.12,51,Yes,15,44.0,2,6.0,Yes,183.82
995264,Noah Tran,Apartment,CBD,1,2,2,4.42,61,No,2,36.0,1,6.0,No,255.16
996312,Mia Harris,House,Inner Suburb,5,3,10,4.86,53,Yes,1,92.0,5,7.0,Yes,477.14
994085,Priya Lee,Villa,Outer Suburb,3,3,5,4.47,73,No,0,97.0,1,8.0,Yes,415.36
996515,An Lee,House,Inner Suburb,4,3,10,4.35,36,No,9,71.0,1,5.0,No,336.42
994291,Liam Ali,Villa,Outer Suburb,4,3,8,4.77,60,Yes,2,92.0,2,9.0,Yes,570.54
990741,Aisha Walker,Apartment,Inner Suburb,1,1,2,4.39,97,No,6,66.0,1,6.0,Yes,273.77
993106,Ava Wang,Townhouse,CBD,3,3,7,4.58,69,No,8,70.0,2,6.0,Yes,464.22
991992,Sarah Martin,House,Inner Suburb,3,3,7,4.64,90,No,0,78.0,2,6.0,Yes,412.9
994500,Olivia Brown,Apartment,Outer Suburb,1,2,3,3.99,6,No,3,36.0,5,2.0,Yes,254.16
996627,An Jones,House,CBD,2,2,6,4.59,58,No,10,75.0,2,6.0,Yes,445.0
991344,Isla Jones,Studio,Regional,1,1,4,4.42,50,Yes,1,55.0,1,,No,173.81
997417,Mai Young,Apartment,Inner Suburb,2,2,4,4.46,38,No,5,71.0,10,4.0,Yes,213.6
992987,Mai Wilson,House,Outer Suburb,2,2,4,3.99,26,No,3,43.0,2,4.0,No,319.37
996556,An Young,Studio,Outer Suburb,1,1,2,4.63,58,No,2,49.0,2,9.0,No,176.5
997765,Mai Wang,House,Outer Suburb,3,2,5,4.37,39,No,3,82.0,5,8.0,Yes,355.0
991813,Ethan Brown,House,Inner Suburb,3,2,8,4.38,58,Yes,12,76.0,1,7.0,Yes,380.25
997641,Priya Le,House,CBD,2,2,3,4.79,45,Yes,9,71.0,2,7.0,No,402.23
995684,Samuel Jones,Apartment,Inner Suburb,1,1,3,4.19,79,No,0,31.0,2,4.0,Yes,214.48
993882,Sarah Wang,House,Inner Suburb,3,2,6,4.49,220,Yes,11,63.0,3,5.0,Yes,413.82
992661,Chloe Smith,Apartment,Outer Suburb,1,2,4,4.17,64,No,3,37.0,2,5.0,No,165.74
991205,Daniel Brown,Townhouse,Outer Suburb,2,2,6,4.29,42,Yes,15,74.0,1,7.0,No,367.84
993870,Henry Le,House,Outer Suburb,3,2,6,4.67,82,Yes,6,91.0,1,8.0,Yes,284.5
994456,Minh Le,Apartment,CBD,1,2,4,4.41,24,No,1,30.0,5,3.0,Yes,292.35
990123,Noah Anderson,House,CBD,3,3,8,4.24,66,No,0,94.0,2,5.0,Yes,473.69
992057,David White,House,Outer Suburb,2,3,6,4.54,3,No,1,72.0,2,5.0,No,287.32
996620,Ava Lee,Apartment,Outer Suburb,3,3,7,3.83,52,Yes,10,86.0,4,3.0,No,174.97
991251,Ben Chen,Apartment,Outer Suburb,1,2,2,4.58,74,Yes,1,70.0,1,8.0,Yes,188.32
992407,Zoe Thomas,House,Inner Suburb,3,2,6,4.67,75,Yes,13,72.0,3,7.0,Yes,407.23
991373,Emily Le,House,Outer Suburb,4,2,10,3.95,24,Yes,4,74.0,2,5.0,No,285.95
993215,An Ali,Apartment,Inner Suburb,3,3,6,4.33,66,No,6,85.0,2,7.0,Yes,375.43
996900,Henry White,House,Regional,4,3,10,4.56,112,Yes,3,88.0,2,8.0,Yes,513.49
996828,Samuel Le,Studio,Inner Suburb,1,2,2,4.44,16,No,0,49.0,2,5.0,No,227.08
994561,Sophie Taylor,Apartment,CBD,2,2,4,4.28,57,No,6,72.0,5,7.0,No,308.47
994947,Sarah Jones,House,CBD,4,3,8,4.28,57,Yes,6,96.0,2,7.0,Yes,548.8
996538,Wei Young,Apartment,Regional,1,2,3,4.22,165,No,3,53.0,2,4.0,No,188.42
995998,Samuel Lee,Apartment,Inner Suburb,1,2,2,4.42,83,Yes,12,38.0,2,4.0,Yes,230.9
993995,Oliver Tran,Townhouse,Regional,2,2,5,4.61,57,Yes,4,65.0,2,6.0,Yes,319.51
993959,Mei Clark,Apartment,CBD,1,1,2,4.38,53,No,3,45.0,2,4.0,No,318.04
991732,Linh Patel,Villa,Inner Suburb,3,1,6,4.57,44,No,1,71.0,2,10.0,Yes,476.49
994623,Daniel Brown,Apartment,CBD,1,2,2,4.33,118,No,3,57.0,3,7.0,Yes,360.73
993703,Lucas Singh,Villa,CBD,3,3,6,4.35,59,Yes,4,97.0,7,8.0,Yes,572.54
995985,Ethan Patel,Studio,Regional,1,1,3,4.64,18,Yes,1,40.0,1,6.0,Yes,103.32
992652,Liam Clark,Apartment,Outer Suburb,3,2,7,4.41,80,No,5,63.0,2,6.0,Yes,281.37
990479,Ava Jones,Apartment,Inner Suburb,3,2,6,4.56,13,No,9,52.0,1,5.0,No,282.63
993459,Ben Lee,Studio,CBD,1,2,3,4.81,24,Yes,4,38.0,2,5.0,Yes,300.01
990606,Noah Chen,House,Inner Suburb,2,1,5,4.86,59,No,3,75.0,2,9.0,Yes,325.87
990486,Lucas Nguyen,Apartment,Inner Suburb,1,1,2,4.74,33,Yes,1,61.0,1,7.0,No,174.62
991911,Anna Lee,Apartment,CBD,2,2,6,4.57,27,No,1,54.0,1,5.0,No,299.13
993792,Michael Jones,Apartment,Inner Suburb,1,1,2,4.62,27,Yes,1,45.0,2,6.0,No,276.92
990864,Thomas Martin,Apartment,CBD,2,2,4,4.57,22,No,1,61.0,3,7.0,No,336.43
994437,Ben Le,Apartment,Outer Suburb,1,2,2,4.31,124,No,1,63.0,3,6.0,No,181.26
993205,Minh Tran,Villa,Inner Suburb,5,2,10,4.51,11,No,1,113.0,1,6.0,Yes,419.12
997980,Mia Anderson,Villa,Regional,3,2,6,4.07,75,Yes,15,90.0,7,6.0,No,340.12
992376,Daniel Taylor,Apartment,CBD,2,2,4,4.08,7,No,2,67.0,1,5.0,Yes,259.42
993158,Mai Young,Apartment,Outer Suburb,1,2,4,5.0,28,No,9,47.0,2,6.0,Yes,213.51
992806,Mei White,Villa,Inner Suburb,3,2,6,4.39,41,No,3,87.0,1,7.0,No,399.6
997770,Michael Ali,Villa,Outer Suburb,4,3,10,4.52,67,Yes,3,97.0,4,6.0,Yes,460.14
997831,Arjun Khan,Villa,Regional,3,2,8,4.2,54,No,0,87.0,1,9.0,Yes,390.12
993232,Sarah Patel,House,Outer Suburb,4,3,10,4.27,67,N,2,69.0,1,4.0,Yes,410.72
993956,Mia Clark,House,Regional,2,2,5,4.23,32,Yes,2,88.0,3,6.0,No,199.09
990946,Chloe Jones,House,Inner Suburb,4,3,10,4.68,37,Yes,2,80.0,3,8.0,No,556.6
997188,Arjun Ali,House,CBD,3,2,6,4.32,53,Yes,2,78.0,1,6.0,Yes,362.34
993793,Grace Tran,Apartment,Outer Suburb,1,2,3,4.69,86,Yes,1,47.0,2,5.0,Yes,140.38
996256,William Taylor,Studio,Outer Suburb,1,2,2,4.22,28,No,3,46.0,2,5.0,Yes,149.99
997584,William Thomas,Studio,Inner Suburb,1,2,1,4.14,1,No,0,39.0,1,2.0,No,179.18
996987,Noah White,Studio,CBD,1,1,2,4.13,10,No,2,46.0,5,3.0,Yes,246.77
992297,Ben Thomas,Townhouse,Inner Suburb,2,2,3,4.37,48,Yes,6,56.0,1,3.0,Yes,337.67
991424,Liam Singh,Studio,Regional,1,1,2,4.55,37,No,4,58.0,1,9.0,No,141.68
993540,Liam Khan,Apartment,CBD,1,1,4,4.42,29,No,0,48.0,1,5.0,Yes,339.51
996703,Arjun Anderson,House,Inner Suburb,4,2,8,3.91,9,No,4,70.0,1,6.0,Yes,365.99
995319,An Tran,Villa,Inner Suburb,4,3,9,4.19,103,No,15,92.0,3,6.0,Yes,586.36
997152,Grace Smith,Apartment,Outer Suburb,1,2,2,4.42,46,No,2,65.0,3,8.0,No,208.0
995002,Isla Martin,House,Inner Suburb,4,3,10,4.19,103,No,6,91.0,3,5.0,Yes,461.4
996768,Ethan Wang,House,Inner Suburb,5,4,10,4.24,28,No,4,109.0,3,7.0,No,516.05
996984,Linh Lee,Villa,CBD,5,3,10,4.61,49,No,13,109.0,2,9.0,Yes,596.09
996290,Olivia Clark,Apartment,Inner Suburb,2,1,5,4.86,91,No,3,64.0,1,7.0,Yes,278.96
995027,Sophie Young,Apartment,Inner Suburb,1,2,3,4.57,55,No,8,43.0,1,2.0,Yes,179.08
991019,Priya Young,Studio,Outer Suburb,1,1,2,4.52,47,Yes,4,46.0,1,7.0,Yes,374.26
996266,Mei Patel,House,Regional,3,2,7,4.89,62,Yes,4,72.0,1,7.0,Yes,299.41
993603,Jack Clark,House,Outer Suburb,3,3,8,4.06,56,No,10,70.0,3,4.0,Yes,364.8
997414,William Martin,Apartment,Outer Suburb,2,2,4,4.88,45,Yes,1,58.0,1,6.0,Yes,343.34
990566,Minh Thomas,House,Regional,3,2,5,4.43,47,Yes,3,63.0,1,5.0,No,341.15
993225,Daniel Scott,Townhouse,Regional,3,2,6,4.58,16,No,4,62.0,10,4.0,Yes,240.85
992609,Ben White,Apartment,Outer Suburb,1,2,1,4.65,38,Yes,6,68.0,3,10.0,Yes,322.87
997452,Sarah White,Studio,Outer Suburb,1,2,2,4.55,20,No,4,55.0,3,8.0,Yes,233.38
995961,David Ali,Apartment,CBD,2,2,3,4.2,43,No,1,67.0,1,4.0,Yes,156.56
990352,Amelia Nguyen,Apartment,CBD,1,2,3,4.39,81,No,3,54.0,3,5.0,Yes,226.0
990772,Omar Harris,Apartment,Outer Suburb,3,2,5,4.89,22,No,1,62.0,5,6.0,No,258.6
997459,Amelia Harris,Apartment,Outer Suburb,1,1,2,4.4,35,No,1,28.0,2,6.0,Yes,143.94
991800,Priya Khan,Townhouse,Outer Suburb,2,2,5,4.65,38,Yes,6,60.0,1,5.0,No,314.0
993965,Daniel Wang,House,Inner Suburb,3,2,7,4.46,41,No,0,78.0,2,7.0,Yes,389.36
990987,Omar Nguyen,House,Inner Suburb,3,3,6,4.66,45,Yes,6,70.0,3,4.0,Yes,381.42
997100,Isla Chen,Apartment,CBD,1,1,2,4.59,69,Yes,15,51.0,2,4.0,No,180.53
996089,Lily Wang,Townhouse,Outer Suburb,2,3,6,4.39,16,No,4,52.0,1,4.0,Yes,205.27
997543,Linh White,Villa,Inner Suburb,4,3,8,4.72,96,Yes,3,110.0,2,9.0,No,447.89
993296,Wei Nguyen,Apartment,Inner Suburb,2,2,6,4.25,9,No,1,63.0,1,7.0,Yes,359.96
994382,Ben Ali,Townhouse,Inner Suburb,2,1,4,4.29,40,No,15,78.0,1,8.0,Yes,363.74
991841,Zoe Singh,Apartment,Regional,1,1,3,4.65,10,No,1,47.0,1,,Yes,237.99
990241,Lucas Scott,Townhouse,Inner Suburb,3,3,8,4.36,111,No,8,90.0,1,5.0,No,383.62
996621,Emma Clark,Apartment,Inner Suburb,1,1,2,4.2,16,No,1,33.0,2,4.0,Yes,185.65
994577,Noah King,Townhouse,CBD,3,2,8,4.17,70,No,2,76.0,1,5.0,No,302.65
996367,Chloe Tran,Apartment,Regional,1,1,4,4.03,29,Yes,7,37.0,1,5.0,Yes,225.0
993186,Mia Le,Apartment,Regional,1,1,2,4.64,46,Yes,3,54.0,1,7.0,Yes,227.84
997332,Mia Patel,House,CBD,4,2,9,3.84,53,Yes,9,85.0,2,7.0,No,458.67
992458,Emily Jones,House,Inner Suburb,5,2,10,4.51,14,No,4,101.0,1,5.0,Yes,429.73
991355,Thomas Chen,Villa,Outer Suburb,3,2,5,4.35,74,Yes,3,61.0,1,7.0,No,442.82
995461,Amelia Le,Apartment,Inner Suburb,1,2,4,4.18,16,No,12,53.0,1,6.0,No,275.26
992364,Anna Jones,Apartment,Inner Suburb,2,2,4,4.78,39,No,0,55.0,1,5.0,No,250.86
997192,Chloe Young,Townhouse,Inner Suburb,2,1,5,4.27,33,No,0,56.0,3,4.0,Yes,316.24
997315,Thomas Brown,House,Outer Suburb,3,3,7,4.53,34,Yes,1,80.0,3,7.0,Yes,419.92
994397,Ben Ali,House,Regional,5,4,9,4.72,89,Yes,15,103.0,2,9.0,Yes,499.83
992203,Lily Chen,House,Inner Suburb,2,2,3,4.69,90,Yes,10,86.0,4,6.0,Yes,295.28
996946,Jack Smith,Apartment,Inner Suburb,1,2,2,3.83,46,No,11,50.0,3,2.0,No,340.23
993815,Minh King,Studio,Regional,1,1,3,4.45,15,No,3,50.0,1,6.0,No,185.4
997306,Mei Jones,Apartment,Regional,1,2,2,4.36,34,No,1,49.0,3,6.0,Yes,107.97
993008,Emily King,Studio,Inner Suburb,1,1,2,4.45,62,No,5,53.0,3,6.0,No,158.14
997999,Priya Clark,Townhouse,Inner Suburb,3,2,6,4.39,33,Yes,3,73.0,3,5.0,Yes,350.68
991261,William Tran,Apartment,Inner Suburb,2,2,6,4.29,55,No,5,65.0,2,7.0,No,278.02
994183,Minh Wang,Apartment,Outer Suburb,3,2,7,4.44,124,Yes,7,74.0,1,6.0,Yes,343.76
995437,Noah Scott,Apartment,Inner Suburb,2,2,5,4.28,37,No,11,59.0,1,4.0,Yes,264.03
994593,Ava Nguyen,Townhouse,CBD,2,2,6,4.56,32,Yes,2,43.0,1,2.0,Yes,309.01
995492,Lucas Smith,Apartment,Inner Suburb,2,2,3,4.47,53,No,2,52.0,10,2.0,Yes,249.56
992258,James Ali,Apartment,Outer Suburb,3,3,8,4.55,27,Yes,1,62.0,3,4.0,Yes,352.66
990802,An Lee,Studio,Outer Suburb,1,1,2,4.07,44,No,9,39.0,2,3.0,No,64.0
992192,Ethan Wang,Studio,Inner Suburb,1,1,3,4.56,26,No,7,47.0,7,5.0,No,155.28
993333,Isla Taylor,Apartment,Outer Suburb,1,1,4,3.9,146,Yes,2,44.0,3,4.0,No,222.13
994937,Ben King,House,Inner Suburb,5,3,10,4.42,36,Yes,2,88.0,4,9.0,Yes,565.33
992683,Arjun Young,Apartment,Inner Suburb,1,1,4,4.23,26,Yes,2,24.0,2,3.0,No,81.14
996529,James Nguyen,Studio,Regional,1,1,2,4.68,65,Yes,7,55.0,3,7.0,Yes,176.57
990211,Arjun Harris,House,Outer Suburb,3,3,6,4.65,34,No,1,66.0,3,6.0,Yes,346.11
995146,Oliver Thomas,House,Regional,3,2,5,3.98,45,No,5,62.0,2,5.0,Yes,337.32
997399,Ava Patel,Apartment,Inner Suburb,2,2,6,4.61,21,No,7,76.0,1,8.0,No,311.4
991531,Michael Taylor,Studio,Outer Suburb,1,1,1,,8,No,3,,4,6.0,Yes,227.09
990687,Aisha Harris,House,Inner Suburb,2,2,5,4.29,90,Yes,9,86.0,2,8.0,Yes,388.87
990528,Ethan Smith,Townhouse,Outer Suburb,3,3,6,3.94,47,No,2,78.0,3,6.0,Yes,362.21
991433,Mai White,Apartment,Regional,1,1,1,5.0,34,Yes,0,65.0,2,,No,171.77
994384,Amelia Ali,Apartment,Outer Suburb,1,1,3,4.5,83,No,12,37.0,2,4.0,No,237.61
997393,Hannah Ali,Villa,CBD,5,3,10,4.36,29,No,0,86.0,3,5.0,Yes,582.01
997285,David Le,Studio,Inner Suburb,1,1,4,4.91,97,Yes,14,52.0,4,6.0,Yes,251.52
992384,Omar Anderson,Apartment,Outer Suburb,1,2,4,3.85,46,No,12,45.0,3,5.0,No,259.95
994303,Lily Anderson,Apartment,Outer Suburb,1,2,2,4.5,37,Yes,1,57.0,3,9.0,No,243.41
990720,Isla Thomas,House,Regional,2,2,4,,71,No,3,,1,3.0,No,278.31
994772,Priya Scott,Studio,Inner Suburb,1,1,2,4.7,79,No,10,40.0,2,6.0,Yes,321.89
995188,Amelia Singh,Apartment,Inner Suburb,1,1,4,4.17,63,Yes,3,53.0,4,4.0,No,275.64
994037,Ethan Lee,Apartment,CBD,1,1,3,4.42,26,No,1,58.0,2,7.0,No,300.51
997375,Isla Brown,Apartment,Regional,1,1,3,4.4,16,No,4,46.0,1,6.0,Yes,185.0
993273,Arjun Young,Apartment,Inner Suburb,1,2,2,4.68,21,Yes,0,42.0,1,4.0,No,228.36
994981,Thomas Nguyen,House,Inner Suburb,3,2,8,4.7,48,No,1,69.0,2,5.0,Yes,324.12
995316,Daniel Khan,House,Inner Suburb,5,3,10,4.49,130,Yes,0,100.0,2,8.0,Yes,493.38
992840,Mia Wang,House,Outer Suburb,2,2,3,4.62,52,No,3,61.0,2,6.0,Yes,376.6
993483,Linh Tran,House,Outer Suburb,2,2,5,4.9,125,Yes,7,69.0,4,7.0,Yes,325.88
996044,Mai Khan,Studio,Regional,1,1,1,4.69,49,No,5,47.0,1,6.0,Yes,217.11
990612,Mai Singh,House,CBD,3,2,6,4.68,70,No,6,84.0,2,7.0,Yes,459.82
991791,David Brown,Villa,Inner Suburb,4,2,8,4.67,31,Yes,3,93.0,2,8.0,Yes,529.91
997001,Hannah Jones,House,Outer Suburb,2,2,4,4.46,86,Yes,12,71.0,3,6.0,Yes,261.63
995844,Liam Lee,Studio,CBD,1,1,3,4.52,110,No,1,49.0,2,3.0,No,168.25
995691,Amelia King,Studio,Regional,1,1,1,4.34,165,No,5,48.0,14,6.0,Yes,71.41
991504,Isla Khan,Apartment,CBD,2,1,5,4.45,81,No,7,57.0,2,6.0,No,286.39
995657,Henry Scott,Apartment,Outer Suburb,1,1,2,4.03,79,Yes,4,45.0,1,6.0,Yes,262.88
992916,Arjun Tran,House,Regional,3,2,7,4.26,22,No,1,91.0,2,5.0,No,302.49
991612,Chloe Jones,Studio,CBD,1,1,3,4.76,163,Yes,6,55.0,3,7.0,No,360.51
995887,Liam Wilson,Villa,Regional,5,3,9,4.55,47,Yes,3,105.0,1,9.0,Yes,383.6
993705,Sarah Clark,Apartment,Inner Suburb,1,2,1,4.03,100,Yes,15,56.0,10,5.0,Yes,249.21
995413,Jack King,Apartment,Inner Suburb,1,1,1,4.91,76,No,1,42.0,2,4.0,Yes,191.45
993841,Linh White,House,Regional,3,2,5,4.59,47,No,1,67.0,2,4.0,Yes,393.41
994495,Arjun Chen,Studio,Outer Suburb,1,2,1,4.41,23,No,4,53.0,2,7.0,No,117.55
997015,Noah King,Townhouse,Regional,3,1,6,4.22,15,No,1,73.0,1,7.0,Yes,333.38
990815,Olivia Lee,Studio,Inner Suburb,1,1,3,4.08,37,No,0,52.0,2,5.0,Yes,178.34
996998,Michael Khan,Apartment,Regional,1,1,1,4.09,31,No,10,35.0,1,3.0,Yes,195.64
995379,Priya Taylor,Apartment,Inner Suburb,1,1,2,4.25,3,No,1,44.0,1,5.0,Yes,279.26
990414,Anna Anderson,Apartment,Outer Suburb,2,2,4,4.25,43,Yes,2,63.0,5,7.0,No,251.69
991437,Priya Wang,Apartment,Regional,1,1,1,4.44,5,No,2,56.0,1,6.0,No,144.95
996992,An Taylor,Studio,Inner Suburb,1,2,2,,74,Yes,5,,1,5.0,Yes,179.58
995923,Michael Smith,Apartment,Regional,2,2,6,4.58,81,Yes,6,67.0,1,8.0,Yes,200.13
992749,Ben Chen,Apartment,Inner Suburb,3,3,5,4.08,85,No,1,64.0,1,5.0,No,261.93
996035,Mia Brown,House,Inner Suburb,3,2,5,4.58,33,No,4,71.0,1,5.0,No,366.55
994249,Anna Smith,Studio,Regional,1,2,2,4.34,44,No,8,38.0,2,6.0,Yes,164.75
990902,Oliver Martin,House,CBD,3,2,5,3.86,3,No,1,66.0,2,5.0,Yes,372.11
993631,Mei Walker,Townhouse,CBD,2,3,3,4.22,64,Yes,2,57.0,3,7.0,Yes,281.04
996196,Henry White,Apartment,Outer Suburb,1,1,1,4.23,32,No,2,45.0,2,6.0,No,130.7
994184,Zoe White,Apartment,CBD,2,2,4,4.93,28,No,5,54.0,2,6.0,No,357.09
990932,Aisha Wilson,House,Regional,4,3,9,4.07,41,Yes,6,94.0,1,5.0,No,400.21
996754,Linh Nguyen,House,Regional,3,2,7,5.0,49,Yes,2,86.0,2,7.0,Yes,347.26
994026,Thomas Scott,House,Inner Suburb,2,3,5,4.44,167,Yes,7,84.0,1,6.0,No,378.93
994302,An Wang,Studio,Regional,1,1,3,4.42,7,No,2,34.0,2,4.0,Yes,215.49
990667,Ben Khan,Townhouse,CBD,2,1,4,4.35,57,N,1,60.0,1,6.0,No,313.12
996025,Thomas Lee,House,Inner Suburb,3,2,5,4.31,62,Yes,2,64.0,2,8.0,No,373.23
993229,Linh Wilson,Apartment,Outer Suburb,2,1,3,4.19,40,No,5,50.0,2,5.0,No,180.6
996274,Michael Scott,Apartment,CBD,1,2,2,5.0,24,No,6,58.0,2,7.0,Yes,270.45
992136,Sophie Ali,House,Outer Suburb,3,2,6,4.72,60,No,2,74.0,2,7.0,No,455.86
990943,Emma Brown,House,Outer Suburb,4,3,8,4.79,15,No,1,83.0,7,6.0,No,428.67
995200,Samuel Tran,Studio,Outer Suburb,1,2,2,4.51,38,No,6,30.0,1,5.0,No,212.39
997761,Mei Singh,Apartment,Outer Suburb,2,1,6,4.46,5,No,1,52.0,1,6.0,No,270.45
990478,Zoe Jones,Studio,Outer Suburb,1,2,4,4.83,46,Yes,6,56.0,3,5.0,Yes,279.29
995263,Mei Thomas,Villa,Outer Suburb,4,2,10,4.17,46,No,3,92.0,2,6.0,No,383.68
991145,Priya Martin,Apartment,Regional,3,3,8,4.19,26,Yes,1,74.0,1,4.0,Yes,189.59
997524,Ava Walker,Apartment,CBD,2,2,6,4.7,30,Yes,3,84.0,3,10.0,No,308.92
991753,Thomas Smith,House,Inner Suburb,5,4,10,4.74,10,No,0,122.0,1,10.0,No,486.68
994312,Daniel Scott,Villa,CBD,4,4,7,4.65,66,Yes,11,91.0,3,5.0,No,581.94
996066,Linh Jones,Apartment,Inner Suburb,1,2,2,4.68,54,No,15,51.0,2,7.0,No,294.98
994895,Liam Khan,House,Outer Suburb,3,3,6,4.62,26,No,2,84.0,2,7.0,No,416.29
992844,Liam Harris,Studio,Inner Suburb,1,2,2,4.74,61,Yes,3,61.0,2,5.0,Yes,195.88
993614,Anna Young,Studio,CBD,1,2,4,4.26,25,Yes,2,39.0,1,6.0,Yes,233.4
990355,Samuel Clark,Apartment,Outer Suburb,1,2,3,4.47,81,No,1,64.0,2,6.0,Yes,167.65
991169,Priya Patel,Apartment,Inner Suburb,1,2,4,4.74,114,Yes,5,57.0,1,6.0,No,159.08
992189,Daniel Thomas,Apartment,Outer Suburb,2,2,6,4.18,64,No,10,46.0,3,5.0,Yes,169.34
993920,Priya Clark,Apartment,Outer Suburb,1,1,1,4.59,39,Yes,3,42.0,1,5.0,Yes,297.21
993625,Linh Nguyen,Apartment,Outer Suburb,1,1,2,4.43,46,Yes,3,46.0,2,6.0,Yes,101.13
995102,Mei Singh,Villa,Regional,4,3,7,4.69,164,No,1,112.0,1,10.0,No,545.46
992125,Grace Patel,apartment,Outer Suburb,2,2,3,5.0,5,No,2,67.0,1,8.0,No,300.14
990488,Henry Taylor,Studio,Outer Suburb,1,1,3,4.13,34,No,4,41.0,2,,Yes,174.66
991770,Noah Walker,House,Outer Suburb,2,2,5,4.08,24,No,2,53.0,1,6.0,Yes,328.15
991287,James Wang,House,Inner Suburb,4,2,10,4.65,186,Yes,2,65.0,2,7.0,Yes,461.9
990266,Daniel Walker,Apartment,Outer Suburb,1,2,2,4.43,3,No,0,40.0,1,3.0,Yes,160.89
992923,Sarah Thomas,Apartment,Regional,2,1,4,4.82,31,Yes,1,61.0,1,5.0,Yes,258.2
995557,Ben Nguyen,Apartment,CBD,1,2,2,4.32,48,No,11,64.0,3,6.0,Yes,380.17
993671,Hannah Lee,Apartment,Outer Suburb,1,1,2,4.9,91,Yes,15,50.0,3,3.0,Yes,210.9
994501,Jack Smith,Apartment,Regional,1,2,1,3.95,42,Yes,1,43.0,3,5.0,No,231.88
992964,Jack Chen,Villa,Inner Suburb,4,3,9,4.41,32,Yes,5,75.0,1,7.0,Yes,653.75
992613,James Martin,Studio,Inner Suburb,1,2,4,4.04,5,No,1,47.0,1,3.0,Yes,191.15
990976,Wei Ali,Apartment,CBD,1,1,3,4.24,16,No,1,41.0,4,3.0,No,288.57
995902,Amelia Harris,Apartment,Outer Suburb,2,2,3,4.22,30,No,1,66.0,1,5.0,Yes,281.5
990871,Emily Harris,Apartment,CBD,2,3,3,4.41,39,No,1,57.0,2,4.0,No,295.35
992252,Mei Patel,Villa,Outer Suburb,4,3,7,4.67,26,Yes,1,92.0,1,8.0,Yes,424.27
995341,Grace Singh,Townhouse,Inner Suburb,2,2,3,3.82,137,Yes,1,50.0,1,4.0,Yes,382.98
991843,Amelia Ali,Villa,Inner Suburb,3,3,6,4.62,23,No,0,68.0,7,6.0,No,434.44
990860,Linh White,House,CBD,2,3,4,4.56,40,No,3,51.0,3,4.0,Yes,394.2
996049,Chloe Tran,Villa,Inner Suburb,4,3,10,4.51,32,Yes,0,97.0,7,6.0,No,459.0
992177,Sarah Brown,House,Inner Suburb,3,2,6,4.44,7,No,0,82.0,1,4.0,No,414.16
994369,Sarah Harris,Apartment,Inner Suburb,1,2,4,4.0,128,Yes,2,65.0,1,4.0,Yes,194.92
991816,Linh Clark,Apartment,Outer Suburb,1,1,2,4.66,125,No,9,44.0,4,6.0,Yes,203.63
992025,Sophie Khan,Villa,Outer Suburb,3,2,5,4.46,61,Yes,2,82.0,1,8.0,No,430.77
993893,Zoe Chen,Apartment,Outer Suburb,2,1,4,3.91,16,No,2,59.0,1,3.0,Yes,248.4
992660,Wei Chen,Apartment,Inner Suburb,1,1,2,4.58,189,No,6,63.0,2,8.0,No,247.97
994475,Liam Tran,Studio ,Regional,1,2,1,4.5,36,Yes,2,51.0,3,6.0,No,266.1
993839,Zoe Khan,Town House,Regional,3,3,6,4.33,34,No,5,63.0,2,4.0,Yes,309.51
991671,Linh Ali,Apartment,Inner Suburb,1,1,1,4.38,88,No,3,48.0,1,5.0,No,180.99
993312,Oliver Walker,Apartment,Inner Suburb,1,1,1,4.26,94,No,0,54.0,1,6.0,Yes,285.75
990726,Lily Lee,Apartment,Outer Suburb,2,2,5,3.99,30,Yes,0,72.0,4,7.0,Yes,239.7
992556,Daniel Thomas,Apartment,Inner Suburb,3,3,8,4.26,33,Yes,5,72.0,1,5.0,Yes,263.27
992275,Omar Nguyen,House,Outer Suburb,4,2,8,4.69,114,No,10,101.0,3,8.0,Yes,473.33
994799,Lily Wang,Apartment,Inner Suburb,1,2,3,4.12,105,No,15,42.0,2,5.0,Yes,291.18
997815,Ava King,Apartment,Inner Suburb,2,2,4,4.75,87,Yes,15,48.0,1,6.0,No,327.49
992582,Grace Chen,House,Inner Suburb,3,3,6,4.46,43,Yes,15,86.0,1,5.0,No,438.61
995255,Ben Patel,Townhouse,Inner Suburb,3,3,5,4.63,100,Yes,10,61.0,1,5.0,No,360.85
991372,Arjun King,Studio,Outer Suburb,1,1,2,4.43,82,Yes,2,49.0,3,4.0,Yes,179.68
990236,Chloe Brown,Apartment,Outer Suburb,2,2,6,4.17,13,No,2,74.0,3,9.0,No,303.12
990558,Zoe Thomas,House,Outer Suburb,4,3,8,4.67,309,No,2,93.0,2,9.0,Yes,465.31
990370,Noah Taylor,Apartment,CBD,1,1,2,4.38,74,No,8,57.0,2,7.0,Yes,253.57
995857,James Lee,Apartment,Regional,1,2,2,4.66,47,Yes,0,49.0,2,8.0,Yes,199.65
995179,Emily Martin,Apartment,Inner Suburb,1,2,4,4.46,62,No,1,54.0,1,7.0,No,191.68
993252,Minh Clark,House,Outer Suburb,4,3,10,4.5,29,No,8,104.0,2,7.0,Yes,442.87
997294,Minh Walker,House,Regional,4,3,10,4.57,23,No,1,71.0,2,6.0,Yes,399.13
996499,Sarah Thomas,Townhouse,CBD,2,3,4,4.4,10,No,1,59.0,3,4.0,Yes,341.29
991043,Mei Nguyen,Apartment,Inner Suburb,1,2,1,4.23,51,No,1,58.0,3,8.0,No,325.54
997548,Chloe Le,House,CBD,2,3,4,4.55,34,No,9,82.0,1,7.0,Yes,385.98
991938,Amelia Scott,Apartment,Inner Suburb,1,1,1,4.51,23,No,1,50.0,1,6.0,No,87.98
992143,Oliver Taylor,Townhouse,Outer Suburb,2,2,4,4.45,56,No,2,52.0,1,2.0,Yes,231.86
994423,Aisha Patel,House,Outer Suburb,2,3,3,5.0,54,Yes,2,74.0,5,8.0,Yes,300.54
992664,Zoe Smith,Apartment,CBD,1,1,2,4.75,28,Yes,2,39.0,1,7.0,Yes,253.31
993518,Noah Taylor,House,CBD,3,2,6,4.16,56,Yes,2,86.0,2,7.0,Yes,417.83
992516,Mia Smith,House,Inner Suburb,4,3,8,4.64,34,No,0,84.0,1,7.0,No,427.34
994134,Jack Smith,Apartment,CBD,1,1,2,4.25,32,Yes,2,26.0,1,3.0,No,169.43
994194,Noah Clark,Apartment,Regional,3,3,8,4.51,25,Yes,4,78.0,1,4.0,Yes,255.74
997503,Liam Tran,Apartment,Regional,3,2,6,4.33,54,No,5,66.0,2,4.0,Yes,153.99
995583,Hannah Nguyen,Apartment,Inner Suburb,2,2,3,4.59,45,No,2,73.0,1,7.0,Yes,303.32
993310,James Le,Apartment,CBD,1,2,2,4.45,39,Yes,6,41.0,5,,Yes,237.06
996357,Emily Martin,Townhouse,Outer Suburb,2,2,4,4.45,3,No,1,63.0,3,6.0,No,245.55
990128,Mia Wilson,Apartment,CBD,1,2,4,5.0,66,Yes,13,47.0,2,3.0,Yes,226.87
991091,Priya White,House,Regional,2,2,4,4.58,47,Yes,6,50.0,1,6.0,Yes,183.19
990115,An Chen,Apartment,CBD,1,1,1,4.11,27,No,3,44.0,4,6.0,Yes,224.76
994467,Mai Chen,Studio,CBD,1,1,2,4.45,41,No,7,54.0,1,7.0,Yes,273.41
991784,William Nguyen,Apartment,Inner Suburb,2,2,4,4.9,41,Yes,9,52.0,7,,No,325.8
997256,Jack Scott,House,Regional,4,2,10,4.0,64,No,15,81.0,3,6.0,No,372.39
995561,Mei Wang,Apartment,Outer Suburb,1,2,2,4.37,65,No,3,52.0,2,3.0,Yes,209.99
995467,Arjun Walker,House,Outer Suburb,4,2,9,4.81,43,Yes,2,86.0,14,8.0,Yes,380.68
996162,Mei Taylor,Apartment,Inner Suburb,2,2,3,4.23,33,Yes,2,46.0,2,3.0,Yes,320.43
995967,Chloe King,House,CBD,3,2,5,4.33,71,No,5,64.0,1,5.0,Yes,389.36
990957,Grace Brown,Townhouse,Regional,3,3,6,4.17,184,No,4,82.0,2,6.0,No,357.48
994324,Priya Harris,Apartment,CBD,1,1,2,4.57,15,No,3,58.0,1,7.0,No,297.97
997295,Samuel Anderson,Townhouse,Outer Suburb,3,2,7,4.52,40,No,1,87.0,3,8.0,Yes,312.14
995507,Grace Le,Apartment,Outer Suburb,2,2,6,4.28,54,No,6,57.0,2,5.0,No,205.4
990404,Aisha Khan,Townhouse,Outer Suburb,4,2,7,4.17,15,No,1,77.0,1,7.0,Yes,269.32
996550,Minh Wilson,Apartment,Outer Suburb,1,1,2,4.53,61,Yes,5,41.0,1,5.0,Yes,256.52
997849,Thomas Young,House,Regional,4,3,7,4.66,109,Yes,1,70.0,3,9.0,No,408.2
991408,Lily Clark,Townhouse,Inner Suburb,2,2,5,4.9,71,No,5,59.0,1,4.0,No,334.11
997927,Amelia Thomas,Studio,Outer Suburb,1,1,4,4.56,14,No,0,36.0,1,7.0,No,55.0
990769,Oliver Singh,Apartment,CBD,2,2,6,4.25,276,No,1,58.0,1,6.0,Yes,353.26
993618,David Martin,Townhouse,Inner Suburb,3,2,8,5.0,80,Yes,2,67.0,1,7.0,Yes,452.77
990662,Arjun Wilson,Apartment,Inner Suburb,1,2,4,4.19,46,Yes,0,58.0,2,6.0,No,247.47
993182,David Lee,Studio,Outer Suburb,1,1,4,4.37,64,Yes,10,18.0,2,4.0,Yes,151.97
994661,Hannah Walker,Apartment,Outer Suburb,2,2,3,4.57,90,Yes,6,71.0,3,7.0,Yes,265.15
995919,Grace Young,Apartment,Inner Suburb,2,1,4,4.68,2,No,1,45.0,2,5.0,No,307.31
991849,Grace Wilson,Townhouse,Inner Suburb,4,2,7,4.73,106,Yes,3,87.0,1,9.0,No,362.33
993043,David Thomas,House,Inner Suburb,4,3,7,4.37,83,No,3,66.0,1,3.0,No,344.55
992158,Wei Walker,Apartment,Inner Suburb,1,2,2,4.11,77,No,0,44.0,2,7.0,Yes,202.51
995527,Priya Anderson,Apartment,CBD,2,2,5,4.38,45,No,7,77.0,2,6.0,Yes,344.56
991622,Noah Anderson,Apartment,Inner Suburb,1,2,1,4.12,205,No,6,50.0,2,6.0,No,231.7
993199,Sarah Chen,House,Inner Suburb,2,2,5,,153,No,6,,1,7.0,Yes,330.87
994633,Ben Scott,House,Outer Suburb,3,3,6,4.02,111,Yes,2,77.0,2,6.0,Yes,404.13
994130,Samuel Brown,Villa,Outer Suburb,5,3,10,4.07,31,No,7,106.0,2,8.0,No,445.6
993758,Lucas Martin,Apartment,Inner Suburb,1,2,2,4.53,56,No,1,60.0,3,7.0,No,207.58
990745,Ethan Smith,House,Inner Suburb,3,3,7,4.47,64,Yes,4,102.0,5,10.0,No,392.7
994924,An Clark,Apartment,Outer Suburb,2,1,3,4.25,14,No,1,47.0,3,5.0,Yes,212.86
992988,William Patel,House,CBD,5,3,10,4.71,23,Yes,3,116.0,1,10.0,Yes,592.67
990588,Noah Tran,House,Outer Suburb,4,3,10,5.0,103,Yes,15,80.0,2,7.0,Yes,439.38
993176,Mei Martin,Studio,Outer Suburb,1,2,4,4.55,53,No,9,43.0,4,5.0,No,161.23
995267,James Lee,Apartment,Outer Suburb,2,2,4,4.33,33,No,9,53.0,1,3.0,Yes,166.7
996696,Amelia Tran,Apartment,CBD,2,2,5,4.01,52,No,5,69.0,1,7.0,Yes,266.15
994454,Priya Khan,Studio,Outer Suburb,1,2,4,4.25,30,No,4,51.0,1,5.0,No,180.02
996848,Mia Tran,Apartment,Inner Suburb,1,1,2,4.14,34,Yes,1,41.0,4,4.0,Yes,205.98
995030,Sophie Young,Apartment,Outer Suburb,3,1,6,3.82,13,No,0,74.0,2,4.0,No,157.93
991928,Linh Thomas,Townhouse,Outer Suburb,3,2,8,4.33,99,Yes,5,64.0,2,6.0,No,343.46
992116,Ben Wilson,Apartment,Outer Suburb,1,2,2,4.34,37,No,3,47.0,1,3.0,Yes,209.79
997435,Thomas Nguyen,Apartment,Outer Suburb,2,2,5,4.33,17,No,6,63.0,3,4.0,Yes,242.3
993192,Linh Jones,Townhouse,CBD,4,3,8,4.39,20,No,3,86.0,2,4.0,Yes,492.74
994735,Sophie Walker,House,CBD,3,2,6,4.53,99,No,2,72.0,1,5.0,Yes,505.08
997394,Ethan Tran,Apartment,Inner Suburb,3,2,8,4.59,75,Yes,4,84.0,10,5.0,Yes,305.08
991357,Mia Khan,Studio,Outer Suburb,1,2,1,4.84,102,Yes,2,43.0,1,5.0,No,270.49
990220,Jack Chen,Studio,CBD,1,2,3,4.39,26,No,1,65.0,3,7.0,No,250.17
992974,Emma Brown,Apartment,Regional,2,1,6,4.06,95,No,0,55.0,7,5.0,Yes,284.42
991700,Anna White,Studio,CBD,1,2,2,4.39,9,No,4,51.0,5,5.0,No,261.05
991726,Chloe Scott,Studio,Inner Suburb,1,2,4,4.33,107,No,3,74.0,1,7.0,Yes,134.99
995639,Ethan Young,Apartment,Regional,3,3,8,4.12,47,No,8,82.0,1,6.0,Yes,391.77
992674,Minh Walker,Apartment,Outer Suburb,2,1,3,4.15,20,No,4,67.0,1,6.0,No,273.41
990491,Anna Ali,House,Outer Suburb,4,4,8,4.43,10,No,4,85.0,1,6.0,No,454.63
996161,Lily Wang,Apartment,Outer Suburb,2,2,4,4.8,37,Yes,13,40.0,1,5.0,Yes,313.09
990096,Mei Martin,Villa,Inner Suburb,5,4,9,4.74,47,Yes,2,103.0,1,6.0,Yes,577.8
991060,Thomas Young,Studio,CBD,1,2,2,,145,No,0,,1,3.0,Yes,205.51
993259,James Singh,Townhouse,Inner Suburb,2,2,6,4.11,102,Yes,6,57.0,2,6.0,Yes,281.75
992599,Aisha Wilson,Apartment,Regional,2,2,4,4.84,27,No,0,80.0,3,7.0,No,293.89
991040,Minh Ali,Studio,Outer Suburb,1,1,2,4.29,40,No,8,34.0,1,3.0,Yes,220.94
995651,Priya Thomas,House,CBD,3,2,6,4.74,130,Yes,7,79.0,1,5.0,Yes,407.24
996286,Sarah Walker,Villa,Outer Suburb,5,4,10,4.99,76,Yes,14,122.0,3,10.0,No,533.32
990169,Lucas White,Studio,Regional,1,2,2,4.79,44,Yes,1,58.0,1,7.0,No,130.94
991857,Emily Anderson,Townhouse,Regional,4,3,7,4.54,49,No,3,104.0,3,9.0,Yes,409.87
995576,Ava Chen,Townhouse,CBD,3,2,6,4.36,38,No,1,62.0,1,4.0,No,327.92
991062,Ava Wilson,Townhouse,Inner Suburb,2,2,5,4.5,78,Yes,8,66.0,2,5.0,No,268.07
993197,David Tran,House,CBD,3,2,8,4.47,7,No,2,69.0,3,7.0,No,440.36
991469,Henry Le,Studio,Outer Suburb,1,2,1,4.51,14,No,0,58.0,2,8.0,Yes,252.23
990544,Oliver Martin,Apartment,CBD,1,2,3,4.7,24,No,0,59.0,2,7.0,Yes,328.74
996307,Ava Walker,Townhouse,Inner Suburb,2,2,6,4.51,17,Yes,0,67.0,4,5.0,No,252.23
991379,An Le,Townhouse,Inner Suburb,2,2,6,4.99,58,Yes,12,63.0,2,6.0,Yes,356.96
996411,Liam Scott,House,Regional,5,4,10,4.67,51,Yes,1,108.0,3,8.0,No,483.09
996369,Thomas Clark,Studio,Inner Suburb,1,1,1,4.04,142,No,4,42.0,2,4.0,No,222.81
992324,Ethan Thomas,Studio,Regional,1,2,2,4.57,19,No,4,50.0,3,5.0,Yes,258.76
990713,Lucas Thomas,Townhouse,CBD,2,2,5,4.63,64,No,7,64.0,2,7.0,Yes,271.59
994995,Noah Scott,House,Outer Suburb,2,2,4,4.43,17,No,7,60.0,1,6.0,No,374.32
996408,Aisha Le,Apartment,Inner Suburb,1,1,2,4.45,68,Yes,11,46.0,1,5.0,Yes,320.06
995747,Samuel Singh,Apartment,CBD,3,2,5,4.14,2,No,0,74.0,2,7.0,No,236.17
994480,Zoe Le,House,Inner Suburb,4,3,8,4.56,14,No,3,82.0,2,5.0,No,446.8
995226,Wei Wilson,House,CBD,4,3,8,4.3,48,No,3,85.0,1,,No,472.61
993037,Minh Patel,House,Inner Suburb,4,3,10,4.45,60,No,15,96.0,3,7.0,Yes,399.45
993135,Mai Martin,Apartment,CBD,2,2,4,4.17,36,No,1,83.0,1,7.0,No,366.43
994179,Liam Tran,Townhouse,Outer Suburb,2,2,3,4.48,26,No,1,72.0,3,7.0,Yes,384.36
994326,Grace White,Townhouse,Inner Suburb,3,3,8,4.22,89,No,8,77.0,1,5.0,Yes,500.95
997365,Michael King,Apartment,Inner Suburb,1,1,3,4.67,7,No,0,33.0,3,3.0,Yes,165.81
991769,Minh Tran,Apartment,Inner Suburb,1,2,1,4.42,42,No,5,49.0,1,4.0,No,190.73
990795,Omar Anderson,Apartment,Regional,1,1,2,4.68,16,No,1,42.0,2,7.0,Yes,250.54
992168,Olivia Khan,Studio,Outer Suburb,1,1,2,4.09,155,No,12,60.0,2,6.0,Yes,230.43
991674,Lily Clark,House,Outer Suburb,3,3,5,4.59,45,No,1,78.0,3,6.0,No,365.24
995287,Olivia Wilson,Apartment,Regional,2,2,5,3.97,38,No,15,63.0,4,7.0,Yes,141.31
996945,Mai Le,Apartment,Outer Suburb,2,2,3,4.35,26,No,1,60.0,2,4.0,No,174.92
995522,Olivia Ali,Apartment,CBD,2,2,4,4.9,19,No,4,68.0,3,7.0,Yes,309.95
993094,Sarah Wang,Townhouse,Inner Suburb,3,3,8,4.32,38,No,6,70.0,7,5.0,No,414.28
996157,Mei Nguyen,Apartment,Inner Suburb,1,2,2,4.43,32,No,8,53.0,1,7.0,Yes,206.55
993664,Ethan Martin,Apartment,Inner Suburb,1,1,3,4.16,28,No,2,26.0,2,5.0,Yes,219.6
990854,Mai Le,House,Outer Suburb,4,3,8,4.33,4,No,0,103.0,1,6.0,Yes,420.07
997221,Anna Scott,House,CBD,3,2,6,4.46,41,No,4,81.0,1,5.0,Yes,422.9
993277,Anna Le,Townhouse,Regional,3,2,5,4.69,13,No,4,81.0,3,10.0,Yes,372.19
995856,Zoe Ali,Apartment,Inner Suburb,1,1,2,4.5,28,No,8,51.0,4,5.0,No,183.77
991890,Mai Wilson,House,Regional,2,2,3,4.59,58,No,1,69.0,2,3.0,Yes,284.93
993937,Daniel Khan,House,CBD,3,2,6,,24,Yes,2,,2,8.0,No,363.58
994057,Emily Walker,House,Outer Suburb,4,3,9,4.42,169,No,8,80.0,2,7.0,Yes,392.86
996689,Jack Le,House,Outer Suburb,2,1,6,4.63,17,No,0,38.0,3,4.0,Yes,363.02
997508,Olivia Walker,Apartment,Regional,2,2,6,4.29,151,Yes,4,50.0,1,3.0,Yes,122.33
997763,James Wilson,Villa,Inner Suburb,5,3,10,4.52,33,No,2,112.0,3,7.0,No,561.06
990898,Sarah Walker,Studio,Inner Suburb,1,2,4,4.59,0,No,0,71.0,3,9.0,No,254.58
997340,William Nguyen,House,Outer Suburb,3,2,6,4.5,17,No,2,66.0,2,7.0,No,328.63
990845,Mia Wang,Studio,Regional,1,1,3,4.54,4,No,1,63.0,1,6.0,Yes,179.38
993497,Ava Singh,Apartment,Inner Suburb,1,2,2,4.48,66,Yes,1,60.0,4,5.0,No,148.11
991034,Ethan Anderson,Apartment,Outer Suburb,1,2,2,4.22,94,No,1,61.0,3,6.0,No,157.79
990335,Wei White,House,Inner Suburb,5,3,10,4.27,41,No,5,95.0,1,5.0,No,516.14
997291,Mei Wang,Apartment,Regional,1,1,1,4.81,70,Yes,8,54.0,2,6.0,Yes,242.76
990685,David Wang,Townhouse,Regional,3,2,7,4.16,16,No,3,80.0,2,9.0,No,328.65
997164,Aisha Chen,Apartment,Regional,3,2,6,4.04,20,No,0,93.0,3,6.0,Yes,346.85
990165,Lily Walker,Apartment,CBD,2,2,5,4.74,22,Yes,0,62.0,1,9.0,No,356.48
997458,Lucas Scott,Townhouse,CBD,4,3,8,4.82,72,Yes,15,81.0,1,6.0,No,491.79
990207,Mai Khan,House,Regional,4,2,7,4.55,17,No,1,86.0,3,6.0,No,374.12
997312,Minh Smith,Townhouse,Inner Suburb,4,3,8,4.47,30,No,3,85.0,3,6.0,No,444.79
996840,Noah Young,House,CBD,3,2,6,4.81,135,Yes,10,73.0,1,8.0,Yes,380.84
991986,Priya King,Studio,Regional,1,2,4,4.31,70,No,15,51.0,4,4.0,Yes,103.91
994118,Arjun Harris,House,Outer Suburb,3,2,6,,50,Yes,10,,1,7.0,No,459.18
997561,Daniel Ali,Apartment,Outer Suburb,1,2,2,4.85,23,No,6,53.0,3,8.0,Yes,237.84
996665,Sarah Khan,Apartment,CBD,1,1,1,4.75,17,No,0,51.0,7,8.0,No,188.16
996252,Priya Clark,Apartment,Outer Suburb,2,2,5,4.55,25,No,3,68.0,3,7.0,No,223.89
992739,Sarah Wilson,Apartment,Regional,1,1,1,4.27,51,Yes,1,50.0,1,7.0,No,181.17
997667,Aisha Clark,House,Inner Suburb,3,2,5,4.47,61,Yes,2,83.0,1,8.0,No,290.15
994759,Lily Wang,Apartment,Outer Suburb,1,2,2,4.48,55,Yes,2,47.0,1,6.0,No,125.82
994010,Olivia Taylor,House,CBD,4,3,8,4.48,17,No,4,72.0,1,7.0,No,489.66
997600,Lucas Walker,Apartment,Inner Suburb,2,2,4,3.99,26,No,6,72.0,2,5.0,No,316.14
994095,Mia Martin,Villa,Outer Suburb,4,2,8,4.15,27,No,1,68.0,2,8.0,No,494.65
992953,Zoe Brown,Apartment,CBD,1,1,2,4.27,56,No,9,71.0,5,8.0,No,269.98
996561,Noah King,House,Inner Suburb,4,3,8,4.5,78,Yes,4,109.0,1,7.0,Yes,544.98
997519,Lily Clark,Townhouse,Outer Suburb,2,3,4,4.58,5,No,4,78.0,3,7.0,Yes,294.99
992766,Samuel Lee,Apartment,Regional,2,2,5,4.63,42,No,2,50.0,1,8.0,Yes,162.17
990190,James Chen,Townhouse,Inner Suburb,2,2,5,4.99,1,No,0,58.0,3,6.0,Yes,360.08
994677,Lily Singh,Studio,Outer Suburb,1,1,2,3.99,22,No,3,45.0,3,5.0,No,133.55
996815,Ethan Harris,House,Inner Suburb,2,2,4,4.12,23,No,1,54.0,2,4.0,No,246.78
992960,Mia Singh,Apartment,CBD,1,1,4,4.75,33,Yes,1,46.0,1,5.0,Yes,247.19
994223,Oliver Nguyen,Studio,Inner Suburb,1,2,2,3.67,70,Yes,5,43.0,4,6.0,No,326.35
991535,James Chen,Studio,Regional,1,2,2,4.12,54,Yes,8,64.0,1,4.0,No,148.91
995110,Mei White,Apartment,Inner Suburb,2,1,3,3.64,20,No,2,57.0,2,4.0,No,263.2
994699,Grace Martin,Apartment,Outer Suburb,1,2,2,4.1,60,No,11,44.0,3,4.0,Yes,317.69
994166,Ava Walker,Apartment,CBD,2,2,4,4.72,32,No,9,66.0,2,5.0,No,329.78
996839,William Tran,House,Inner Suburb,4,3,10,5.0,179,No,3,87.0,2,7.0,Yes,426.45
993295,Anna Chen,Studio,Outer Suburb,1,1,4,4.11,22,No,2,39.0,2,4.0,No,177.32
990316,An Scott,Apartment,Outer Suburb,3,2,6,,30,Yes,3,,1,6.0,No,170.89
992299,An Taylor,Apartment,CBD,1,1,2,4.34,32,No,3,48.0,3,3.0,Yes,231.79
991310,Thomas Brown,Apartment,Regional,2,1,4,4.59,74,Yes,15,63.0,1,7.0,Yes,123.12
991245,William Scott,Apartment,Outer Suburb,1,1,1,4.32,10,No,3,50.0,5,5.0,Yes,204.48
991521,Chloe Le,House,Outer Suburb,4,3,10,4.52,25,Yes,4,104.0,3,6.0,Yes,442.04
995230,Isla Young,House,CBD,4,2,8,,73,Yes,1,79.0,1,6.0,No,430.77
993118,Mai Brown,Apartment,CBD,1,2,3,4.39,82,No,7,47.0,4,4.0,Yes,262.64
994635,Emily Harris,Villa,Outer Suburb,4,2,9,3.91,57,No,4,91.0,1,7.0,Yes,453.88
990489,Liam Ali,Townhouse,Outer Suburb,3,3,7,4.09,31,No,1,69.0,1,7.0,Yes,296.77
996108,Sophie Taylor,House,CBD,4,3,8,4.4,61,No,3,101.0,1,8.0,No,537.12
992531,An Anderson,Studio,Inner Suburb,1,1,1,4.57,92,Yes,1,43.0,2,4.0,Yes,116.81
990395,Ben Wang,House,Regional,4,3,8,4.26,9,No,0,68.0,3,4.0,Yes,320.17
992175,Olivia Tran,House,Outer Suburb,3,2,5,4.38,47,Yes,6,56.0,1,6.0,No,316.43
990260,Emma Young,Apartment,Inner Suburb,2,2,5,4.04,14,No,1,52.0,2,6.0,Yes,204.8
990049,An Patel,Apartment,Regional,1,1,4,4.46,88,Yes,4,44.0,1,5.0,Yes,158.78
994238,Zoe Wilson,House,Inner Suburb,3,2,7,4.4,73,Yes,2,83.0,1,6.0,No,415.9
995907,Oliver Walker,Apartment,Outer Suburb,1,1,4,4.59,16,No,3,64.0,3,9.0,No,233.88
991226,Isla Thomas,Villa,Outer Suburb,5,4,10,4.36,54,Yes,3,103.0,4,7.0,No,549.1
992110,Wei Tran,Apartment,Regional,2,2,4,4.18,64,No,8,54.0,1,4.0,Yes,226.3
992881,Minh Smith,Apartment,Inner Suburb,2,1,5,4.78,74,Yes,2,66.0,1,5.0,Yes,337.76
992074,An Harris,Studio,Inner Suburb,1,2,4,4.19,12,No,1,52.0,2,5.0,No,215.05
997391,Sarah Smith,House,Regional,3,3,6,4.62,40,Yes,1,68.0,3,6.0,Yes,280.0
996454,Amelia Scott,Studio,Regional,1,1,3,4.28,56,No,3,53.0,1,5.0,No,158.53
990778,Noah Young,House,Outer Suburb,4,3,7,4.39,18,No,5,80.0,1,7.0,Yes,422.34
997942,Wei Anderson,Apartment,Outer Suburb,1,2,4,4.61,50,Yes,10,63.0,1,6.0,No,273.32
994880,Zoe Khan,Apartment,Inner Suburb,3,2,5,4.4,24,No,5,80.0,3,7.0,Yes,357.1
997348,Minh Clark,Apartment,Inner Suburb,2,2,4,4.32,22,Yes,3,61.0,5,5.0,Yes,290.86
995318,Sarah Chen,House,Outer Suburb,4,3,8,4.06,29,No,1,86.0,3,6.0,No,402.56
997471,Sophie Harris,Studio,Inner Suburb,1,1,4,4.78,33,No,11,46.0,1,4.0,Yes,185.65
991940,Arjun Ali,Townhouse,CBD,2,1,6,4.07,20,No,4,52.0,1,8.0,Yes,387.49
992771,Jack Nguyen,Studio,CBD,1,2,3,4.51,15,No,2,52.0,2,3.0,Yes,221.0
996887,Michael Le,House,Regional,3,2,6,4.57,9,No,3,74.0,2,8.0,Yes,437.48
991033,Noah Chen,House,Inner Suburb,4,3,8,4.51,22,No,1,83.0,1,7.0,No,436.01
997654,Anna White,Studio,CBD,1,2,1,4.74,47,No,9,55.0,5,5.0,No,253.31
992441,Priya King,House,Inner Suburb,4,3,7,3.67,25,No,3,94.0,7,6.0,Yes,451.39
994426,Olivia Khan,Apartment,Outer Suburb,1,2,2,4.43,21,Yes,1,61.0,3,7.0,Yes,295.84
994789,Ava Taylor,Studio,Regional,1,2,3,4.56,29,No,4,40.0,2,4.0,Yes,235.87
996178,Anna Scott,House,Inner Suburb,3,2,7,4.24,93,No,6,71.0,2,6.0,No,443.72
997418,Lily Khan,Townhouse,Outer Suburb,2,2,5,4.51,37,No,2,68.0,2,7.0,Yes,324.36
991780,Wei Wilson,Apartment,CBD,1,1,4,4.57,91,Yes,13,52.0,1,6.0,Yes,212.74
991956,Minh Young,House,CBD,4,3,7,4.16,37,No,9,85.0,1,5.0,Yes,572.94
997904,Lily Nguyen,Apartment,Outer Suburb,1,2,3,4.52,35,Yes,5,51.0,2,6.0,No,151.57
997529,Mai Clark,Apartment,Regional,2,2,4,4.61,125,Yes,7,79.0,1,9.0,Yes,284.23
993588,Grace Ali,Townhouse,Inner Suburb,3,2,8,4.59,28,No,0,99.0,1,10.0,Yes,464.23
997766,Linh Martin,Apartment,CBD,1,2,1,4.52,41,No,2,70.0,7,6.0,No,295.58
994282,Minh Singh,Studio,CBD,1,1,4,4.1,4,No,1,45.0,1,4.0,Yes,191.07
992545,Omar Jones,Apartment,Inner Suburb,2,2,5,4.11,48,No,1,48.0,3,3.0,Yes,188.84
991036,Sophie Patel,House,Regional,2,2,4,4.52,100,Yes,13,81.0,1,7.0,Yes,307.47
993246,Sarah Lee,Apartment,Regional,2,2,5,5.0,127,Yes,15,60.0,2,6.0,No,330.33
991508,Thomas Clark,Apartment,Outer Suburb,1,2,1,3.78,28,No,3,42.0,2,4.0,Yes,194.84
990371,Aisha Lee,Townhouse,CBD,3,3,6,5.0,78,Yes,5,56.0,1,4.0,No,414.26
994149,Liam Lee,Apartment,Outer Suburb,3,1,7,4.2,10,No,2,87.0,2,7.0,Yes,246.21
997048,Anna Tran,House,Inner Suburb,4,3,8,4.48,50,No,6,90.0,1,6.0,Yes,442.44
995430,Omar Anderson,Apartment,CBD,1,2,3,5.0,23,No,0,38.0,2,5.0,Yes,284.7
996449,Chloe Le,Apartment,CBD,1,2,4,4.4,38,Yes,2,38.0,7,3.0,Yes,312.17
993317,Arjun Smith,Apartment,CBD,1,1,1,4.67,3,No,1,47.0,2,6.0,No,245.75
994253,Hannah Young,Apartment,CBD,1,2,3,4.61,35,No,7,64.0,10,5.0,No,316.07
994068,Anna Brown,Apartment,CBD,1,1,3,4.41,138,Yes,5,50.0,1,6.0,No,364.87
997095,Liam Jones,Apartment,Inner Suburb,1,2,1,4.83,48,Yes,2,71.0,2,9.0,Yes,300.52
990016,Emma Patel,Apartment,Regional,1,1,4,4.19,76,Yes,1,29.0,10,2.0,Yes,112.72
990192,Chloe Taylor,Studio,CBD,1,1,1,4.65,165,Yes,15,38.0,1,4.0,Yes,300.45
991474,Lily Harris,Apartment,Inner Suburb,2,2,3,4.6,28,No,2,70.0,2,7.0,Yes,244.77
992738,Sophie Young,House,CBD,3,3,7,4.27,55,Yes,2,65.0,1,5.0,Yes,378.07
996319,Ava Smith,House,CBD,2,1,4,4.3,33,No,0,41.0,5,4.0,Yes,372.66
992396,Anna Smith,Townhouse,Regional,2,2,4,4.45,18,No,1,67.0,2,5.0,Yes,277.31
991480,Zoe Patel,House,Outer Suburb,3,2,6,3.99,39,No,10,88.0,2,7.0,Yes,337.82
991943,Henry Chen,House,CBD,3,3,6,4.47,40,No,2,67.0,2,2.0,Yes,385.93
991000,Grace Le,Studio,Outer Suburb,1,1,2,4.38,31,Yes,1,54.0,2,6.0,Yes,243.88
991541,Mai Scott,House,CBD,2,2,5,4.25,2,No,1,80.0,3,8.0,Yes,403.92
996855,Samuel Young,Townhouse,Regional,2,2,6,4.51,71,No,3,79.0,1,8.0,Yes,251.07
993936,Henry White,Apartment,Outer Suburb,2,2,4,4.17,36,No,2,41.0,1,6.0,Yes,350.3
991991,Liam Wilson,Apartment,Inner Suburb,2,1,4,4.57,15,No,2,36.0,2,3.0,No,259.34
990807,Thomas Tran,Apartment,Inner Suburb,1,2,1,3.9,35,Yes,0,59.0,5,5.0,Yes,178.12
992079,Chloe Scott,House,Regional,3,2,7,4.31,97,No,1,71.0,2,4.0,No,238.45
993422,Omar White,Apartment,Outer Suburb,1,2,1,4.01,27,No,4,62.0,2,4.0,No,169.73
995148,Amelia Clark,Apartment,Inner Suburb,1,1,4,3.95,23,No,0,47.0,3,5.0,Yes,219.6
990202,Oliver Jones,Townhouse,CBD,3,2,7,4.62,119,No,15,94.0,3,8.0,Yes,463.15
993908,Sophie White,Apartment,Regional,1,2,3,4.41,25,No,0,43.0,1,5.0,No,167.08
991527,Amelia Taylor,House,Inner Suburb,4,2,8,4.73,32,Yes,3,89.0,1,7.0,Yes,479.04
995764,Michael Scott,Villa,Outer Suburb,4,3,7,4.9,31,Yes,6,92.0,4,6.0,Yes,447.77
993123,Omar Clark,Apartment,Outer Suburb,1,2,2,4.52,45,No,1,58.0,1,6.0,No,238.13
996011,Sophie Scott,House,Regional,4,3,7,4.18,160,No,11,65.0,1,7.0,Yes,388.09
993730,David Anderson,House,CBD,3,3,7,4.27,30,No,1,52.0,3,4.0,No,290.3
991308,Sarah Smith,Apartment,Inner Suburb,1,1,3,4.22,13,No,3,41.0,4,6.0,Yes,239.56
997478,Grace Singh,House,Inner Suburb,3,3,7,4.33,21,No,3,67.0,1,,Yes,299.08
993226,Omar Singh,Townhouse,Inner Suburb,2,1,3,4.3,14,No,1,62.0,3,7.0,No,252.64
996130,Emily Walker,House,Regional,4,3,10,4.57,119,Yes,3,87.0,1,7.0,Yes,288.27
995240,An Harris,Apartment,Regional,2,2,3,4.68,50,Yes,2,43.0,3,6.0,Yes,188.69
993073,Henry Young,House,Outer Suburb,3,2,5,4.46,22,No,5,79.0,3,5.0,No,451.4
990909,Emma Jones,House,Inner Suburb,2,2,5,3.83,109,No,0,52.0,4,4.0,No,290.21
994491,Chloe Tran,Apartment,Inner Suburb,2,3,6,4.68,49,No,1,74.0,5,7.0,Yes,309.05
994771,Minh Nguyen,House,Regional,2,2,4,4.19,38,No,3,73.0,2,8.0,Yes,226.07
995064,Linh Patel,Apartment,Inner Suburb,2,2,4,4.31,18,No,5,69.0,3,7.0,Yes,285.83
996906,Samuel Chen,House,Outer Suburb,3,3,6,4.88,46,Yes,2,69.0,2,5.0,Yes,311.78
994767,Sarah Harris,House,Inner Suburb,3,2,7,4.15,53,No,5,64.0,2,3.0,Yes,381.55
991332,Chloe Le,Apartment,Inner Suburb,1,1,3,4.42,74,No,1,45.0,3,3.0,Yes,232.79
992187,Priya Khan,Apartment,CBD,3,2,6,4.66,23,No,0,70.0,5,6.0,No,321.33
994989,Sarah Chen,Villa,Inner Suburb,4,3,10,4.4,8,No,1,90.0,3,9.0,Yes,455.57
997712,Thomas Wilson,Apartment,Inner Suburb,2,2,5,4.21,48,No,2,50.0,2,2.0,Yes,298.56
995456,Jack Wang,Apartment,CBD,1,1,1,4.13,43,No,4,47.0,2,4.0,No,150.8
992266,Amelia Scott,Apartment,Regional,1,1,1,3.94,76,No,15,31.0,1,3.0,Yes,147.22
997019,Emily Patel,Apartment,Outer Suburb,2,2,3,4.22,80,Yes,2,56.0,4,8.0,No,226.82
994396,Ethan White,House,Inner Suburb,4,3,8,4.24,57,No,0,100.0,3,6.0,No,285.64
996097,Linh Anderson,Apartment,CBD,1,1,3,4.02,7,No,2,43.0,1,7.0,No,346.25
997627,Liam Le,Apartment,Outer Suburb,1,2,4,4.44,7,No,2,40.0,1,7.0,Yes,162.6
991710,Amelia Thomas,House,CBD,3,3,5,4.29,36,No,7,67.0,3,5.0,No,459.16
995655,Omar Wang,House,Outer Suburb,4,2,9,4.59,78,No,5,65.0,3,7.0,Yes,403.18
994946,David Jones,House,CBD,3,3,6,4.54,91,Yes,7,80.0,7,7.0,Yes,379.65
991840,Zoe Taylor,Studio,Outer Suburb,1,1,3,4.22,26,No,1,49.0,1,5.0,Yes,263.87
995165,Sarah Le,Studio,CBD,1,2,3,4.64,9,No,1,56.0,2,5.0,Yes,279.94
997006,Omar Scott,Studio,Outer Suburb,1,1,3,4.3,40,No,1,43.0,10,4.0,No,128.42
991141,Linh Khan,House,Outer Suburb,2,2,6,4.65,55,No,2,51.0,2,5.0,Yes,313.11
990981,Arjun King,Apartment,Regional,2,2,4,4.21,79,No,1,48.0,3,6.0,No,311.62
990408,Mia White,House,Outer Suburb,3,3,5,4.76,87,No,1,79.0,3,5.0,Yes,275.17
990507,David Clark,Apartment,CBD,2,2,3,4.4,107,No,8,64.0,2,5.0,No,348.33
992085,Grace Harris,Apartment,Regional,1,1,3,4.42,49,No,2,71.0,2,5.0,No,277.45
990245,Anna Chen,House,Inner Suburb,5,3,10,4.52,48,No,13,118.0,1,6.0,Yes,444.18
995600,Priya Lee,House,Inner Suburb,2,2,6,4.33,18,Yes,4,56.0,3,4.0,Yes,361.61
994462,Lily Martin,Studio,CBD,1,2,4,4.33,8,No,0,47.0,2,5.0,Yes,222.54
996180,Mai Young,Apartment,Outer Suburb,1,2,1,5.0,87,Yes,15,67.0,2,7.0,Yes,331.67
996017,Emily Thomas,Apartment,Regional,2,2,3,4.44,61,Yes,1,64.0,1,5.0,No,291.55
990195,Aisha King,Studio,CBD,1,2,4,3.92,73,No,5,50.0,3,5.0,No,179.0
995182,Chloe Chen,Apartment,Inner Suburb,1,1,1,4.29,22,No,0,50.0,4,4.0,Yes,342.72
992553,Emma Khan,House,Outer Suburb,4,3,9,4.29,48,Yes,1,80.0,1,7.0,No,371.46
996914,David Walker,House,Inner Suburb,4,2,7,4.57,10,No,1,87.0,2,6.0,Yes,341.2
992273,Noah Smith,Studio,Inner Suburb,1,1,2,4.61,48,No,15,49.0,1,6.0,No,191.95
995094,Oliver Lee,House,CBD,2,1,4,4.95,19,No,6,71.0,2,8.0,No,200.81
994296,Daniel White,House,Inner Suburb,4,3,8,4.61,50,No,1,86.0,3,7.0,No,338.99
993823,Mia Wilson,Apartment,Inner Suburb,2,1,6,4.26,48,No,2,49.0,2,3.0,Yes,247.55
996425,Amelia Jones,apartment,CBD,2,3,5,4.66,50,Yes,2,81.0,1,6.0,Yes,376.82
994784,Anna Khan,Townhouse,Outer Suburb,4,2,10,4.32,41,No,4,79.0,1,4.0,Yes,366.24
993266,Isla Khan,House,Outer Suburb,5,2,10,4.47,11,No,3,89.0,7,7.0,No,466.43
995444,Priya Thomas,Apartment,Outer Suburb,2,2,5,4.47,45,No,2,57.0,2,7.0,Yes,329.34
994743,Ben White,Studio,Inner Suburb,1,1,3,4.26,35,No,15,69.0,2,7.0,No,234.54
993191,Michael Nguyen,HOUSE,Outer Suburb,4,3,7,4.37,49,No,13,98.0,2,6.0,No,375.54
992892,Mei Patel,Apartment,Outer Suburb,1,1,2,4.69,4,No,0,57.0,2,5.0,Yes,134.89
992907,William Wang,Apartment,Regional,1,2,2,4.19,37,No,7,43.0,4,2.0,Yes,238.86
996036,Daniel Tran,Villa,CBD,3,2,8,4.46,18,No,1,57.0,3,6.0,Yes,463.67
990334,An Singh,House,Inner Suburb,3,2,7,4.6,16,No,1,80.0,2,7.0,No,384.2
990140,Amelia Lee,House,Outer Suburb,3,3,8,4.0,17,No,6,81.0,3,8.0,Yes,382.1
991458,Wei Chen,House,Outer Suburb,3,4,6,4.33,5,No,1,81.0,2,7.0,Yes,378.66
990225,Lucas Khan,Studio,Inner Suburb,1,1,2,4.68,59,No,2,44.0,2,6.0,No,167.2
993365,An King,Apartment,Inner Suburb,1,2,2,4.12,39,Yes,3,42.0,3,5.0,Yes,188.3
990285,Grace Tran,Apartment,Regional,2,2,4,,71,No,8,47.0,1,4.0,Yes,329.66
992274,Sophie Khan,Apartment,Inner Suburb,1,2,2,4.64,22,No,2,43.0,1,6.0,Yes,223.86
995658,Henry Smith,House,Inner Suburb,4,2,10,4.02,20,Yes,1,80.0,1,6.0,No,407.52
992296,Mei Chen,House,Outer Suburb,3,2,7,4.82,72,Yes,9,71.0,1,7.0,Yes,359.02
992741,Anna Clark,House,Inner Suburb,4,2,8,,10,No,1,,2,5.0,No,335.98
991724,Aisha Tran,House,Regional,5,2,9,4.48,3,No,0,95.0,1,7.0,No,382.56
996578,David Nguyen,Townhouse,CBD,4,3,8,4.28,52,Yes,6,78.0,3,4.0,No,384.11
995598,Omar Martin,House,Regional,5,3,9,4.61,7,No,3,105.0,1,10.0,Yes,477.6
990178,Minh Wang,Apartment,Outer Suburb,1,1,1,4.04,37,No,4,43.0,2,3.0,No,249.92
997888,Mai Harris,Apartment,Inner Suburb,2,1,3,4.63,24,No,5,57.0,2,,Yes,294.33
990712,Linh Anderson,Townhouse,Inner Suburb,4,2,7,4.86,19,No,1,76.0,1,7.0,Yes,456.06
994702,Michael Martin,Studio,Inner Suburb,1,2,2,4.44,24,No,0,60.0,1,7.0,Yes,356.24
996809,Omar Chen,House,Inner Suburb,3,2,8,4.27,38,Yes,9,65.0,3,4.0,No,434.83
996693,Arjun Young,Apartment,Outer Suburb,1,2,2,4.34,22,No,3,56.0,1,7.0,No,269.16
991689,Aisha Taylor,Apartment,CBD,2,3,5,4.03,80,No,6,61.0,1,4.0,No,311.38
994607,An Khan,House,CBD,4,3,8,4.22,133,Yes,10,77.0,2,5.0,No,403.1
995387,Hannah Martin,Apartment,CBD,1,2,4,4.26,26,Yes,1,53.0,1,4.0,Yes,314.72
996577,Ava Brown,Studio,Regional,1,2,4,4.58,67,Yes,0,53.0,3,6.0,Yes,155.14
991978,Mai Tran,Studio,Outer Suburb,1,1,3,4.03,65,No,8,34.0,2,3.0,No,210.6
997436,Amelia Anderson,House,Outer Suburb,3,2,6,4.74,94,No,2,78.0,2,5.0,Yes,337.46
991650,Emily Anderson,Studio,CBD,1,1,3,4.57,75,Yes,15,38.0,1,5.0,Yes,212.56
992448,Linh Le,Apartment,Inner Suburb,1,2,1,4.41,128,No,0,54.0,2,6.0,Yes,240.96
997314,Emma Martin,Apartment,Regional,1,1,3,4.48,26,No,4,59.0,2,7.0,Yes,183.47
991101,Liam Taylor,Townhouse,Outer Suburb,3,2,5,4.75,209,No,1,68.0,1,8.0,Yes,362.27
996352,Ava Khan,Apartment,CBD,2,1,4,4.72,20,No,5,47.0,2,4.0,Yes,234.63
991823,Jack Young,Apartment,Regional,2,1,4,4.54,34,No,4,64.0,10,5.0,No,147.0
994442,Lily Thomas,House,CBD,2,2,3,4.4,44,No,8,58.0,3,5.0,No,322.13
995960,Arjun Young,Apartment,Regional,2,2,3,4.52,57,Yes,3,57.0,1,6.0,No,233.98
991043,Mei Nguyen,Apartment,Inner Suburb,1,2,1,4.23,51,No,1,58.0,3,8.0,No,325.54
994951,Thomas Patel,Studio,Inner Suburb,1,1,3,4.16,24,No,2,28.0,1,4.0,No,191.96
990332,Mei Chen,House,CBD,2,2,3,,23,No,0,,2,3.0,Yes,386.73
997973,Zoe Thomas,Townhouse,Outer Suburb,2,1,3,4.51,47,No,0,48.0,7,2.0,No,92.28
992995,Ava Anderson,Villa,Outer Suburb,3,2,7,4.17,77,No,9,94.0,1,10.0,No,481.82
995872,Wei Smith,House,Outer Suburb,2,2,6,4.16,51,No,2,50.0,1,3.0,Yes,339.74
997225,Grace Le,Townhouse,Outer Suburb,3,2,6,4.5,82,No,15,88.0,2,7.0,Yes,377.31
990762,Lily Singh,Studio,Inner Suburb,1,1,1,4.56,121,Yes,6,47.0,4,7.0,No,275.23
997150,Sarah Young,Studio,CBD,1,2,4,4.54,24,No,0,61.0,1,7.0,No,311.42
990930,Priya Martin,Townhouse,Inner Suburb,3,2,6,4.31,42,No,1,84.0,7,9.0,Yes,361.91
997419,Emily Wilson,Studio,Inner Suburb,1,2,2,4.75,29,Yes,0,34.0,1,3.0,No,187.51
997223,Olivia Smith,Apartment,Inner Suburb,2,2,3,4.25,139,No,5,58.0,2,6.0,Yes,209.08
992969,Oliver Young,House,Outer Suburb,3,2,5,4.35,63,Yes,12,75.0,2,5.0,Yes,432.74
991231,Ava Smith,Apartment,Outer Suburb,2,2,5,4.69,127,No,1,79.0,5,7.0,No,158.33
990238,Liam Singh,Townhouse,Inner Suburb,2,2,3,4.11,10,No,5,42.0,4,5.0,No,374.48
994844,Zoe Clark,House,Inner Suburb,5,2,10,4.72,36,Yes,1,80.0,2,6.0,Yes,438.63
991022,Minh White,Studio,Outer Suburb,1,1,1,4.56,8,No,1,29.0,2,4.0,Yes,113.24
995260,Chloe Martin,Studio,Outer Suburb,1,1,4,4.84,16,No,2,61.0,1,8.0,No,170.41
992017,Ethan White,Apartment,Outer Suburb,2,2,5,4.52,16,No,2,47.0,10,5.0,No,357.93
993583,Ava Jones,House,Inner Suburb,3,3,7,4.58,19,Yes,1,80.0,1,7.0,Yes,371.31
992802,William Thomas,Apartment,Regional,2,1,4,4.48,85,No,6,66.0,2,6.0,Yes,219.06
997819,Sophie Scott,Studio,Outer Suburb,1,2,1,4.29,42,No,12,47.0,1,5.0,No,156.68
993183,Thomas Wang,Studio,Inner Suburb,1,1,1,4.59,19,No,0,51.0,2,3.0,Yes,171.11
992986,Ava Martin,Apartment,Inner Suburb,1,1,3,4.22,51,Yes,2,41.0,5,3.0,No,131.81
994521,Samuel Brown,Apartment,CBD,2,2,3,4.09,79,No,1,47.0,3,7.0,Yes,264.44
990313,Ava Tran,Apartment,Outer Suburb,2,2,6,4.88,37,Yes,4,51.0,3,4.0,No,295.48
996479,William Smith,Townhouse,Outer Suburb,2,2,5,4.39,15,No,4,52.0,2,3.0,No,232.54
995272,Liam Singh,Townhouse,Outer Suburb,3,3,6,4.64,28,No,3,78.0,2,8.0,Yes,300.21
997934,Noah Walker,Studio,Regional,1,1,4,4.72,52,No,7,55.0,1,6.0,No,294.16
992748,Mia Young,House,Outer Suburb,2,2,6,4.57,39,No,4,50.0,3,6.0,Yes,324.4
990549,Lily Tran,Studio,Outer Suburb,1,1,2,4.26,50,No,4,47.0,2,6.0,Yes,152.75
994089,Priya Patel,Apartment,Inner Suburb,2,2,6,4.34,68,Yes,12,61.0,1,6.0,Yes,278.31
994180,Noah White,Townhouse,Outer Suburb,3,2,5,4.35,21,No,1,61.0,1,3.0,Yes,330.24
993416,Mia Walker,Studio,Inner Suburb,1,1,3,4.19,63,Yes,5,44.0,3,5.0,Yes,81.25
994451,Michael Anderson,Apartment,CBD,1,2,4,4.65,259,Yes,1,78.0,2,8.0,No,379.03
991304,An King,Apartment,Outer Suburb,1,2,4,4.93,29,Yes,0,37.0,7,5.0,Yes,248.87
994471,An Smith,Apartment,CBD,1,2,1,4.02,24,No,5,52.0,1,5.0,Yes,349.83
997360,Thomas Brown,House,Outer Suburb,2,2,6,4.38,15,No,3,64.0,2,3.0,Yes,400.75
997967,Sarah Lee,Townhouse,Outer Suburb,3,2,8,4.32,14,No,1,73.0,1,5.0,No,312.52
992069,Aisha Khan,Apartment,Inner Suburb,1,1,2,4.45,93,Yes,8,40.0,2,6.0,Yes,312.75
990578,Lucas Ali,Apartment,Outer Suburb,1,2,2,4.17,68,No,2,69.0,3,5.0,No,188.48
991792,Chloe Thomas,Townhouse,Outer Suburb,2,1,4,4.91,6,No,0,60.0,1,6.0,No,254.44
995671,Daniel Walker,Apartment,CBD,2,2,3,4.65,69,Yes,15,75.0,3,7.0,Yes,354.73
994350,Emily Scott,Apartment,Outer Suburb,1,2,1,4.18,15,No,2,54.0,1,6.0,No,98.98
990920,Jack Le,Apartment,Inner Suburb,3,3,5,,48,Yes,2,,1,6.0,No,302.04
993195,Olivia Ali,Apartment,Inner Suburb,1,1,4,4.54,56,Yes,4,47.0,2,4.0,Yes,387.24
992638,David Smith,Apartment,Regional,2,3,5,4.76,84,No,11,56.0,2,5.0,Yes,306.97
992269,Isla Young,Studio,Inner Suburb,1,1,4,4.1,31,Yes,14,32.0,1,6.0,Yes,364.58
996949,Amelia White,Studio,Regional,1,2,4,4.15,49,No,8,30.0,3,3.0,Yes,222.71
995224,Liam Wilson,Townhouse,Outer Suburb,2,2,4,4.68,88,Yes,4,64.0,5,8.0,Yes,217.24
992901,Lucas Martin,Townhouse,Inner Suburb,2,1,4,4.63,45,Yes,10,66.0,1,6.0,No,313.52
992030,Olivia Tran,Villa,Outer Suburb,4,2,9,4.95,44,Yes,3,86.0,3,10.0,No,569.12
997330,Anna Nguyen,Studio,Inner Suburb,1,1,4,4.72,41,Yes,4,49.0,5,7.0,No,281.38
997317,Sarah Patel,Apartment,Inner Suburb,2,2,4,4.3,73,No,3,66.0,2,7.0,Yes,274.42
997051,Arjun White,Apartment,Outer Suburb,1,2,2,,81,Yes,4,,1,4.0,Yes,190.89
993150,William Lee,House,Inner Suburb,4,3,9,4.77,41,Yes,2,93.0,1,9.0,Yes,428.32
990971,Hannah White,Studio,Outer Suburb,1,1,4,4.3,51,Yes,1,48.0,1,4.0,Yes,172.21
991939,Anna Smith,Apartment,Outer Suburb,1,2,2,4.84,53,No,6,34.0,1,5.0,Yes,227.67
995190,David Jones,Townhouse,Regional,2,1,5,4.29,13,No,4,64.0,1,6.0,Yes,251.44
996186,Ben Martin,Apartment,CBD,2,2,6,4.32,31,Yes,0,61.0,3,4.0,Yes,244.13
990995,Linh Wang,Apartment,Outer Suburb,2,2,4,4.29,20,No,6,64.0,3,3.0,Yes,159.01
994152,Jack Jones,Apartment,Inner Suburb,2,1,4,4.89,45,No,2,56.0,3,5.0,No,189.22
991215,Grace Lee,Apartment,Outer Suburb,2,2,5,4.53,5,No,2,58.0,2,4.0,No,225.69
995810,Priya Khan,Studio,Inner Suburb,1,1,2,4.5,23,No,0,58.0,3,4.0,No,157.15
991637,Liam Harris,Studio,Regional,1,1,1,4.61,77,Yes,15,60.0,1,7.0,Yes,167.13
990356,Emma Lee,Apartment,Regional,1,1,3,4.24,17,No,3,43.0,1,5.0,No,143.4
994228,Daniel Le,House,Outer Suburb,3,2,5,4.17,61,No,2,56.0,4,4.0,Yes,356.33
994227,Daniel Martin,Townhouse,Inner Suburb,2,2,3,4.72,37,No,1,70.0,4,8.0,No,366.43
992832,Emily Taylor,Apartment,Outer Suburb,2,2,3,4.32,25,No,6,73.0,3,8.0,Yes,255.35
996861,Samuel Nguyen,Apartment,CBD,2,2,5,4.27,22,Yes,3,62.0,1,4.0,Yes,299.02
996491,Linh Brown,Studio,Outer Suburb,1,1,4,4.34,60,Yes,3,46.0,3,5.0,Yes,195.75
996626,Hannah Chen,House,Inner Suburb,2,2,4,5.0,58,Yes,7,73.0,1,6.0,Yes,336.48
992939,Olivia Lee,Apartment,Outer Suburb,2,3,3,4.73,68,Yes,6,78.0,3,6.0,Yes,302.81
991202,Omar Le,Apartment,CBD,2,2,6,4.21,37,No,8,69.0,3,6.0,Yes,308.02
993708,An Taylor,House,Inner Suburb,5,4,10,4.82,31,Yes,6,119.0,1,10.0,Yes,586.01
995705,Ava Scott,House,Outer Suburb,3,2,5,4.31,86,No,1,60.0,2,,Yes,351.8
991536,Ava King,House,Inner Suburb,4,3,8,4.7,25,No,6,90.0,2,8.0,No,464.02
991974,Arjun Brown,House,Inner Suburb,4,2,7,4.47,1,No,0,89.0,3,4.0,Yes,392.34
991005,David Khan,Apartment,Outer Suburb,1,2,3,3.91,23,No,2,34.0,1,3.0,Yes,222.66
990798,Emma Chen,Apartment,Inner Suburb,2,2,6,4.41,14,No,4,79.0,1,6.0,No,323.14
994539,Grace White,House,Regional,4,2,7,4.23,69,Yes,13,79.0,1,7.0,Yes,309.05
991684,Ben Nguyen,Apartment,Outer Suburb,1,1,2,4.65,60,No,4,54.0,2,6.0,No,313.39
992604,Mai Clark,Studio,Inner Suburb,1,2,1,3.94,46,Yes,7,47.0,3,6.0,No,198.51
991854,Lily Nguyen,Studio ,Inner Suburb,1,2,3,4.06,6,No,1,42.0,3,4.0,No,223.14
990183,Oliver Anderson,Apartment,Inner Suburb,1,1,3,4.98,85,Yes,1,42.0,3,5.0,Yes,220.38
997313,Liam Jones,Townhouse,Outer Suburb,4,3,10,4.54,10,No,1,89.0,1,7.0,Yes,383.6
993739,Daniel Nguyen,Townhouse,CBD,3,2,6,4.51,41,Yes,1,90.0,2,6.0,Yes,446.5
991955,Samuel Scott,Townhouse,Inner Suburb,4,3,8,4.41,51,Yes,9,73.0,2,5.0,No,349.02
993406,Priya Wang,Studio,Outer Suburb,1,1,3,4.22,57,No,6,49.0,1,3.0,Yes,212.64
995911,Grace Lee,House,Outer Suburb,3,2,5,4.39,11,No,1,63.0,1,6.0,Yes,234.0
991543,Liam King,Apartment,Regional,1,1,4,4.35,38,No,7,62.0,2,4.0,Yes,161.99
994769,Sophie Wilson,Apartment,Inner Suburb,1,1,4,4.7,39,Yes,4,59.0,1,5.0,Yes,260.68
993442,Aisha Khan,Apartment,Outer Suburb,1,1,4,4.66,60,Yes,3,50.0,3,3.0,Yes,191.17
993017,William Tran,Apartment,Regional,1,2,3,4.1,55,No,4,44.0,1,4.0,No,222.78
994604,Noah Wang,House,Regional,3,2,6,4.42,137,No,9,75.0,2,6.0,Yes,349.13
994425,Michael Martin,Apartment,Outer Suburb,1,1,1,4.65,65,No,1,50.0,3,,No,159.59
993876,David Brown,Apartment,Outer Suburb,1,1,3,4.44,121,No,0,50.0,2,6.0,No,128.84
993875,Michael Wilson,House,CBD,3,3,5,4.38,15,No,1,86.0,2,6.0,No,368.24
991175,James White,Studio,Inner Suburb,1,2,2,4.44,36,No,8,41.0,2,7.0,Yes,102.47
991681,Michael Le,House,Regional,2,2,5,4.75,6,No,0,58.0,2,5.0,Yes,293.37
992129,Priya Wang,Apartment,Outer Suburb,3,3,6,3.85,36,No,3,87.0,1,9.0,Yes,231.67
991163,Lucas King,Studio,Outer Suburb,1,2,1,4.54,35,No,5,50.0,3,5.0,Yes,212.44
991669,Jack Brown,Townhouse,Regional,3,3,7,4.3,137,Yes,15,84.0,7,6.0,No,428.78
995982,Daniel Chen,Villa,Outer Suburb,4,3,8,4.43,96,Yes,7,92.0,4,8.0,No,467.45
996790,Ben Clark,House,Inner Suburb,3,2,5,4.69,70,Yes,2,64.0,2,6.0,Yes,452.1
992463,Wei Nguyen,Apartment,Inner Suburb,2,2,4,4.52,41,Yes,4,46.0,3,,Yes,351.61
990941,Sophie Le,Townhouse,Inner Suburb,2,1,5,5.0,61,Yes,11,58.0,1,8.0,No,296.24
991677,Arjun Walker,Studio,Outer Suburb,1,1,3,3.81,80,No,3,66.0,5,7.0,No,233.25
991346,Ethan King,Studio,Inner Suburb,1,1,4,5.0,198,Yes,7,40.0,3,6.0,Yes,195.8
997616,Isla Thomas,House,Inner Suburb,3,3,7,4.55,98,No,1,73.0,1,8.0,No,359.03
995090,Michael Thomas,House,Outer Suburb,3,3,7,4.46,19,No,6,84.0,3,6.0,Yes,321.17
997300,Chloe Le,Apartment,Regional,2,2,4,5.0,103,Yes,3,62.0,2,8.0,Yes,349.91
992272,Sophie Khan,Apartment,Regional,1,1,1,4.4,51,No,14,34.0,2,4.0,Yes,148.69
997978,Oliver Ali,Apartment,CBD,2,2,4,4.51,73,Yes,1,61.0,3,4.0,No,328.87
996135,Oliver Wang,Villa,CBD,3,1,6,4.44,26,Yes,1,66.0,1,7.0,No,414.5
994252,Olivia Khan,Townhouse,CBD,2,2,4,4.5,26,Yes,0,74.0,2,6.0,No,338.89
992657,Noah Ali,Apartment,CBD,2,2,4,4.56,25,Yes,5,59.0,3,7.0,Yes,303.37
992570,Hannah Jones,Studio,Outer Suburb,1,2,1,4.33,39,No,3,40.0,1,4.0,No,125.13
995029,Aisha Le,Studio,Regional,1,2,2,4.45,43,No,14,77.0,3,6.0,No,136.9
993806,Mia Jones,House,CBD,4,4,8,4.06,32,No,6,72.0,1,4.0,Yes,468.17
990221,Minh Taylor,House,CBD,2,2,4,3.96,23,No,1,62.0,1,5.0,No,343.55
997149,Michael Wilson,Apartment,Outer Suburb,1,2,4,,59,Yes,1,,2,6.0,No,223.19
993962,Zoe Brown,Studio,CBD,1,2,3,4.81,67,Yes,6,54.0,2,7.0,Yes,324.33
992540,James Patel,Apartment,Inner Suburb,2,2,5,4.15,3,No,1,64.0,3,4.0,Yes,252.75
991690,Noah Taylor,House,Outer Suburb,4,3,7,4.69,46,No,6,95.0,7,8.0,Yes,435.23
993499,David Anderson,Studio,Outer Suburb,1,2,2,4.76,97,No,2,48.0,2,3.0,Yes,150.17
991881,Arjun Ali,House,Outer Suburb,2,1,5,4.58,66,Yes,4,69.0,3,6.0,No,272.07
993449,Ben Walker,Studio,Inner Suburb,1,2,2,4.55,50,No,2,42.0,3,5.0,Yes,247.23
996639,Thomas Patel,Villa,CBD,4,3,8,4.57,23,Yes,2,84.0,3,9.0,No,513.49
990376,Olivia Smith,Apartment,Outer Suburb,1,2,1,4.89,30,No,1,56.0,3,4.0,Yes,311.45
997748,Linh Tran,Studio,Regional,1,2,2,4.73,38,Yes,0,56.0,1,7.0,Yes,121.58
995062,An Walker,House,CBD,5,3,10,4.42,24,No,8,94.0,1,6.0,Yes,574.82
991718,Linh Taylor,Apartment,Outer Suburb,2,3,3,4.49,74,No,1,82.0,2,6.0,Yes,175.62
997951,Zoe Tran,House,Regional,3,2,5,4.08,45,No,6,77.0,3,5.0,No,352.04
993714,Samuel Wilson,House,Outer Suburb,3,3,5,4.11,5,No,0,69.0,2,7.0,No,501.52
990680,Wei Martin,Apartment,Outer Suburb,1,2,1,,23,Yes,5,,2,5.0,Yes,147.4
990346,Emma Wang,Studio,Inner Suburb,1,1,2,4.02,71,Yes,6,38.0,2,3.0,Yes,319.55
990109,Lucas Tran,House,Inner Suburb,3,3,8,4.75,35,Yes,4,77.0,2,8.0,No,441.64
991573,Amelia Taylor,Townhouse,Regional,4,3,8,,37,No,2,85.0,1,7.0,Yes,330.43
990731,Ethan Clark,Townhouse,Regional,2,2,6,4.73,40,No,15,54.0,1,6.0,No,331.84
991723,Wei White,House,Inner Suburb,3,3,7,4.34,50,No,14,76.0,2,7.0,No,443.06
997469,Daniel Brown,Apartment,CBD,1,2,2,4.65,6,No,1,73.0,1,7.0,Yes,314.68
995232,Emma Martin,Apartment,Inner Suburb,2,2,6,3.94,63,No,2,54.0,1,5.0,No,269.35
995621,Samuel Chen,Townhouse,Outer Suburb,2,2,3,4.16,30,Yes,6,57.0,1,4.0,Yes,281.27
995707,Mai Singh,Apartment,Inner Suburb,2,1,4,4.5,85,No,9,64.0,2,6.0,Yes,296.19
995963,Mia Singh,House,Outer Suburb,2,1,6,4.62,71,No,0,46.0,1,6.0,Yes,321.46
996709,Ben King,Townhouse,Inner Suburb,4,3,9,4.13,56,No,15,78.0,5,5.0,No,420.03
997439,Olivia Nguyen,Studio,Outer Suburb,1,2,4,4.78,87,Yes,6,59.0,2,7.0,No,249.69
996119,Priya Jones,Apartment,CBD,1,2,2,4.28,114,No,15,71.0,3,5.0,Yes,312.59
995270,Henry Martin,Studio,CBD,1,2,2,4.47,54,No,2,55.0,2,6.0,No,196.98
991867,Mai Singh,Townhouse,CBD,4,4,8,,5,No,2,,2,5.0,Yes,395.13
996219,Ava Chen,Townhouse,Regional,3,3,5,4.22,97,Yes,7,55.0,3,4.0,No,344.09
995233,Ben Scott,Apartment,Inner Suburb,1,2,4,4.61,87,Yes,3,62.0,2,7.0,No,309.28
993400,Emily Jones,House,Regional,4,3,8,4.5,46,No,10,87.0,2,8.0,Yes,387.53
991741,Ethan Lee,Apartment,Inner Suburb,2,2,4,4.33,160,No,6,50.0,2,5.0,Yes,288.54
993257,Wei Chen,Studio,Inner Suburb,1,1,3,4.45,19,No,6,51.0,1,4.0,Yes,196.21
996098,Lucas Wilson,House,CBD,3,2,5,4.17,4,No,1,66.0,2,6.0,Yes,457.69
993975,Oliver Lee,Apartment,Regional,2,2,5,4.47,9,No,0,58.0,1,6.0,No,312.36
991966,David Martin,Studio,Inner Suburb,1,1,3,4.23,80,Yes,15,39.0,4,5.0,No,298.21
992361,James Anderson,apartment,Regional,1,2,3,4.39,29,Yes,1,59.0,1,4.0,Yes,199.17
991572,Ava Thomas,House,Outer Suburb,3,3,6,4.63,61,No,8,88.0,2,6.0,No,269.9
994177,Thomas Jones,Apartment,Inner Suburb,2,2,3,4.45,3,No,1,50.0,2,6.0,No,315.19
992751,Aisha White,Apartment,CBD,3,3,8,4.48,33,Yes,1,68.0,1,7.0,Yes,385.18
991194,Noah Jones,Apartment,Outer Suburb,2,2,5,4.45,20,No,3,58.0,3,7.0,Yes,351.79
994992,Lily Young,Apartment,CBD,2,2,6,4.03,32,No,1,60.0,2,3.0,Yes,331.03
992952,Mia Wilson,Villa,Outer Suburb,4,3,8,4.7,24,No,4,85.0,4,7.0,Yes,555.91
995596,Mia King,Studio,Regional,1,1,4,4.32,18,No,2,36.0,3,4.0,Yes,229.57
994950,Samuel Brown,Studio,Inner Suburb,1,1,4,4.37,73,Yes,9,46.0,1,4.0,Yes,221.33
991888,Noah Young,House,Outer Suburb,2,2,4,4.17,61,No,0,52.0,3,5.0,Yes,307.28
990591,Daniel White,Villa,CBD,4,3,8,4.86,49,Yes,3,107.0,3,10.0,No,473.05
991546,Mia Clark,Apartment,Inner Suburb,1,2,2,4.8,10,No,1,38.0,2,2.0,No,238.56
991411,Liam Nguyen,Studio,Inner Suburb,1,1,1,4.58,49,Yes,4,41.0,10,4.0,Yes,169.7
993655,Henry Smith,Villa,CBD,5,3,9,4.35,32,No,9,81.0,3,7.0,Yes,611.32
995966,Oliver Nguyen,Apartment,CBD,2,2,5,4.18,29,No,15,73.0,3,6.0,No,340.04
991392,Anna Smith,House,Outer Suburb,3,3,6,4.38,26,No,3,59.0,2,4.0,No,331.34
990302,Linh Lee,House,Outer Suburb,3,3,8,4.13,38,Yes,8,62.0,2,7.0,Yes,277.59
995820,Mia Smith,Apartment,Inner Suburb,1,2,4,4.71,41,No,2,50.0,1,5.0,Yes,276.11
995755,Anna Anderson,Townhouse,Inner Suburb,3,2,6,4.62,56,Yes,11,85.0,1,6.0,Yes,335.4
991493,Wei King,House,Inner Suburb,5,3,10,4.59,22,No,3,91.0,2,8.0,Yes,494.73
993814,Omar Ali,Studio,Regional,1,1,3,4.06,69,No,4,38.0,1,4.0,No,110.08
993679,Hannah Thomas,House,Inner Suburb,3,2,6,4.4,17,No,4,68.0,5,7.0,No,260.83
991237,Michael Tran,House,Inner Suburb,3,2,6,4.44,28,Yes,1,86.0,10,7.0,Yes,426.97
995313,Mai Jones,Villa,Outer Suburb,3,2,6,4.76,77,No,2,57.0,10,5.0,No,374.58
991306,Henry Nguyen,Apartment,CBD,1,2,4,4.99,114,Yes,5,59.0,1,7.0,Yes,383.95
994763,Chloe Nguyen,House,Inner Suburb,3,2,8,4.79,66,Yes,4,82.0,1,6.0,No,373.49
991777,Sarah Wang,Studio,Inner Suburb,1,2,2,4.49,23,Yes,2,62.0,2,6.0,Yes,212.9
993635,Oliver Khan,Townhouse,CBD,3,3,7,4.54,58,Yes,0,79.0,1,8.0,No,419.75
996623,Emily Jones,Apartment,Inner Suburb,3,3,6,4.06,60,Yes,2,80.0,1,8.0,Yes,399.73
997175,Grace Scott,House,Inner Suburb,4,2,8,4.52,26,No,2,82.0,2,7.0,Yes,419.74
994675,Olivia Jones,Apartment,Outer Suburb,2,2,4,4.2,6,No,2,76.0,2,5.0,Yes,328.64
990823,Sarah Young,Apartment,CBD,2,1,4,4.54,131,Yes,1,49.0,3,6.0,Yes,381.67
992575,Jack White,Townhouse,CBD,3,2,6,4.31,53,Yes,9,69.0,2,6.0,Yes,360.61
990529,Priya Clark,House,Outer Suburb,3,2,6,4.39,44,No,4,82.0,2,7.0,No,413.59
994964,Sarah Lee,Apartment,CBD,1,2,4,4.28,145,Yes,8,52.0,2,6.0,No,331.2
992139,Ava Taylor,Studio,Inner Suburb,1,1,4,4.22,120,No,6,44.0,3,6.0,No,268.84
991100,Oliver Walker,Apartment,Inner Suburb,2,2,4,4.35,99,No,7,54.0,1,7.0,No,232.79
994284,William Le,Studio,Inner Suburb,1,2,3,4.57,93,Yes,8,55.0,1,7.0,Yes,219.23
992970,William Khan,Apartment,Inner Suburb,1,2,2,4.37,80,Yes,3,69.0,3,6.0,Yes,255.2
995371,Amelia Taylor,House,Outer Suburb,3,2,6,4.77,10,No,1,75.0,2,8.0,Yes,490.09
991571,Anna Nguyen,Apartment,Outer Suburb,2,1,6,4.71,79,Yes,9,63.0,1,7.0,No,208.94
993981,Emma Nguyen,Apartment,Inner Suburb,2,2,5,4.84,70,Yes,1,63.0,1,6.0,No,300.58
990858,Oliver Jones,Studio,Regional,1,2,1,4.26,65,No,4,43.0,2,3.0,No,102.54
997918,Olivia Ali,Apartment,Inner Suburb,1,1,3,4.54,53,Yes,8,45.0,2,4.0,Yes,282.96
992048,Thomas Khan,Studio,Regional,1,1,1,4.55,144,Yes,3,37.0,2,6.0,Yes,221.77
996738,Emma Smith,Townhouse,Inner Suburb,3,3,6,4.95,72,Yes,6,88.0,4,7.0,No,269.64
992188,An Harris,Studio,Inner Suburb,1,1,3,4.9,46,Yes,0,39.0,2,5.0,No,261.43
996079,Thomas Le,Apartment,CBD,2,2,4,4.34,72,No,15,70.0,2,5.0,Yes,273.45
992973,Thomas Singh,Apartment,Inner Suburb,1,1,2,4.33,41,No,2,48.0,1,6.0,No,248.43
993895,David Young,Apartment,Inner Suburb,2,2,5,4.22,32,No,0,42.0,2,4.0,Yes,171.32
992204,Liam Jones,Studio,Outer Suburb,1,2,3,4.3,33,No,2,32.0,2,3.0,No,129.89
992176,William Tran,Apartment,Outer Suburb,3,3,5,4.93,16,No,7,92.0,1,7.0,No,386.68
990348,Omar Jones,Apartment,Inner Suburb,1,2,2,4.36,42,No,2,46.0,1,4.0,No,237.53
997572,Sarah White,Apartment,Outer Suburb,1,2,3,4.11,33,Yes,0,51.0,1,4.0,Yes,236.2
992064,William Wang,Apartment,Regional,1,1,4,4.74,74,No,0,45.0,2,5.0,No,177.32
994622,Michael Thomas,Studio,Inner Suburb,1,1,4,4.32,22,Yes,0,19.0,7,3.0,No,108.32
992830,Oliver Khan,House,Inner Suburb,3,2,6,4.86,65,Yes,12,79.0,5,7.0,Yes,495.09
991887,Omar Khan,Studio,Outer Suburb,1,2,2,4.36,51,Yes,2,56.0,1,5.0,Yes,176.89
994998,Mei Walker,Studio,CBD,1,2,1,4.02,51,Yes,11,53.0,3,4.0,Yes,159.0
996292,Samuel Tran,House,Regional,2,3,6,4.32,18,No,1,63.0,1,,Yes,217.62
990320,Isla Clark,House,Inner Suburb,3,2,8,5.0,178,Yes,2,70.0,1,7.0,Yes,454.04
994055,Ben Le,Apartment,Inner Suburb,1,2,2,4.51,58,Yes,3,37.0,2,4.0,No,158.12
993387,Anna Martin,Studio,Outer Suburb,1,2,4,4.82,81,Yes,7,52.0,1,5.0,Yes,265.25
992047,Ethan Patel,Villa,Outer Suburb,2,2,5,4.4,15,No,1,71.0,3,7.0,Yes,329.9
991315,Ethan Thomas,Apartment,Regional,1,1,3,4.1,7,No,0,49.0,1,4.0,Yes,257.32
996955,Noah Wilson,Apartment,CBD,2,1,5,4.8,38,No,1,58.0,2,5.0,Yes,456.38
993948,Jack Anderson,Apartment,Outer Suburb,3,2,6,4.23,16,No,4,82.0,2,6.0,Yes,331.14
995681,Chloe Nguyen,Studio,Inner Suburb,1,1,2,4.41,38,No,2,44.0,7,5.0,No,204.18
992418,Zoe Patel,House,Regional,4,4,9,4.76,69,No,3,73.0,3,6.0,Yes,396.92
990043,Mei Tran,House,Outer Suburb,5,3,10,4.8,53,Yes,1,85.0,3,6.0,Yes,443.48
994086,Mei Khan,Apartment,Inner Suburb,1,2,2,,3,No,0,,10,7.0,Yes,323.99
990064,Priya White,Apartment,Regional,1,2,1,4.72,54,No,1,47.0,4,5.0,No,105.12
993220,An Clark,Villa,Inner Suburb,2,2,4,4.55,12,No,6,77.0,1,,Yes,350.98
991252,Isla Martin,Studio,CBD,1,1,4,4.47,50,Yes,2,57.0,2,8.0,Yes,341.87
995668,Oliver Anderson,House,CBD,4,2,10,4.07,16,No,2,58.0,3,4.0,Yes,443.24
996837,Mia Young,Apartment,CBD,2,1,6,4.15,18,No,0,42.0,2,3.0,No,320.99
995197,Ava Anderson,Apartment,Inner Suburb,3,3,8,4.61,34,Yes,2,73.0,3,6.0,Yes,349.28
997674,William Le,Apartment,Inner Suburb,2,1,4,4.4,54,Yes,6,52.0,3,5.0,Yes,228.81
997487,Amelia White,Studio,Regional,1,1,4,4.76,10,No,1,58.0,4,5.0,Yes,135.23
994917,Emily Lee,House,Outer Suburb,3,2,7,4.76,20,Yes,0,75.0,2,6.0,Yes,267.18
995159,Linh Wang,House,Inner Suburb,2,1,5,4.5,46,Yes,5,58.0,1,7.0,Yes,383.59
994770,Henry Chen,House,CBD,3,2,8,4.52,32,Yes,7,61.0,1,3.0,Yes,420.32
994985,Samuel Clark,Townhouse,Inner Suburb,4,3,8,4.49,36,No,7,91.0,5,5.0,Yes,432.71
996388,Linh Harris,Studio,CBD,1,1,3,4.27,31,Yes,1,18.0,2,3.0,No,211.96
993060,Liam Brown,Townhouse,Outer Suburb,2,2,4,4.22,13,No,1,64.0,1,6.0,No,265.15
996724,Samuel Wilson,Townhouse,Inner Suburb,2,1,4,4.41,94,Yes,10,71.0,2,7.0,Yes,346.94
992581,James Ali,Townhouse,Inner Suburb,2,1,6,4.63,7,No,0,60.0,3,4.0,Yes,278.66
991302,James Patel,House,Outer Suburb,4,2,8,4.8,119,No,4,81.0,3,7.0,Yes,255.35
995405,Omar Martin,House,Inner Suburb,2,2,4,4.93,12,No,1,57.0,1,5.0,Yes,271.44
991847,Grace Nguyen,Apartment,CBD,1,2,1,4.6,29,Yes,1,40.0,4,2.0,Yes,172.31
994802,Anna Clark,Apartment,CBD,3,2,5,4.23,72,Yes,4,69.0,1,5.0,Yes,390.3
991743,David Singh,Studio,Outer Suburb,1,1,1,4.58,76,No,10,38.0,7,4.0,Yes,204.01
995908,Arjun Nguyen,Townhouse,Regional,3,3,7,4.33,13,No,3,70.0,1,7.0,Yes,368.48
997282,David Thomas,Apartment,Outer Suburb,1,1,3,4.4,63,No,4,24.0,1,3.0,Yes,169.07
997483,Omar Scott,Apartment,CBD,2,2,4,4.21,21,No,4,62.0,1,6.0,Yes,321.94
996141,Arjun Brown,House,Inner Suburb,4,2,9,4.3,114,Yes,4,79.0,10,7.0,Yes,368.17
996590,Mia Ali,Apartment,Inner Suburb,2,2,4,4.15,7,No,2,63.0,1,4.0,No,281.15
994027,Mei White,Studio,Inner Suburb,1,1,3,3.72,66,No,0,58.0,1,5.0,Yes,166.05
997708,William Scott,Apartment,Outer Suburb,2,2,4,4.16,16,No,1,61.0,2,5.0,No,308.03
991787,Sarah Tran,House,Inner Suburb,4,3,7,4.36,82,Yes,5,82.0,4,6.0,Yes,349.69
990503,Aisha Clark,Apartment,Outer Suburb,1,1,1,4.33,51,Yes,6,36.0,3,4.0,Yes,228.34
994695,Priya Martin,House,Inner Suburb,3,1,5,4.11,119,Yes,6,58.0,3,4.0,Yes,264.54
992998,Jack Walker,Apartment,Regional,1,2,3,4.48,30,Yes,4,51.0,2,3.0,Yes,227.28
991593,William Patel,House,Inner Suburb,2,1,5,4.48,89,No,2,62.0,10,5.0,Yes,302.4
996651,Lucas Smith,House,Outer Suburb,3,2,8,,28,No,9,,2,6.0,Yes,369.25
994560,Hannah Singh,Studio,Outer Suburb,1,1,4,5.0,48,Yes,14,45.0,1,4.0,Yes,191.45
991249,Daniel White,House,Outer Suburb,3,3,8,4.07,99,No,1,67.0,2,6.0,No,345.67
993337,James Harris,Studio,Outer Suburb,1,2,3,4.49,38,No,2,69.0,1,7.0,No,297.67
991453,Lucas Thomas,Apartment,Outer Suburb,1,1,2,4.8,25,Yes,3,53.0,1,6.0,No,209.68
993224,Jack Singh,Townhouse,Inner Suburb,3,2,7,,164,Yes,8,,7,7.0,Yes,359.5
990615,Lily Taylor,House,Outer Suburb,3,2,6,,74,No,3,76.0,1,6.0,Yes,245.24
994251,Amelia Taylor,Studio,CBD,1,1,4,3.94,110,No,7,46.0,1,6.0,No,191.21
996184,Oliver Wang,House,CBD,4,2,7,4.64,27,No,2,86.0,4,10.0,No,454.47
997297,David Brown,Apartment,Regional,1,2,1,4.6,37,No,2,73.0,4,6.0,Yes,256.37
990254,James Wang,Apartment,Inner Suburb,1,2,1,4.62,20,Yes,2,57.0,1,7.0,Yes,242.18
991969,Mei Nguyen,Villa,Regional,3,2,7,4.07,30,No,4,63.0,2,4.0,No,283.1
995646,Sarah Scott,House,Inner Suburb,4,3,8,4.7,78,Yes,9,83.0,1,8.0,Yes,465.65
997812,Daniel Chen,House,Outer Suburb,4,3,9,4.39,53,No,4,91.0,1,6.0,Yes,397.77
991613,Daniel Wilson,Apartment,Outer Suburb,2,2,6,4.48,156,Yes,12,84.0,2,8.0,No,285.56
993124,James Le,Studio,Regional,1,1,2,4.43,77,Yes,5,48.0,4,6.0,Yes,117.58
990926,Daniel Walker,Apartment,Outer Suburb,1,2,3,5.0,32,Yes,5,73.0,1,5.0,No,341.6
996039,Aisha Wilson,Studio,Regional,1,2,4,4.63,41,Yes,0,39.0,1,,Yes,213.87
996810,Samuel Harris,House,Outer Suburb,3,2,8,4.51,63,No,3,60.0,2,6.0,No,317.3
995037,Sophie Scott,Townhouse,CBD,3,2,6,4.67,2,No,0,80.0,3,6.0,Yes,411.53
990811,Thomas Nguyen,Townhouse,Regional,4,3,8,4.28,48,No,9,109.0,1,5.0,No,382.51
997916,Sophie Chen,House,Inner Suburb,3,2,7,4.74,0,No,0,75.0,1,6.0,Yes,277.65
995067,Thomas Ali,Apartment,Inner Suburb,1,2,2,4.61,86,No,0,42.0,1,6.0,No,303.71
994511,David Jones,House,Inner Suburb,3,3,5,4.37,64,No,0,81.0,3,5.0,Yes,499.58
991244,Ethan Khan,House,Inner Suburb,4,3,9,4.82,51,N,2,95.0,2,5.0,No,436.12
997775,Samuel Brown,Apartment,Inner Suburb,1,1,2,4.27,35,Yes,10,37.0,2,5.0,Yes,245.16
992417,Amelia Wilson,Townhouse,CBD,4,3,8,4.74,163,No,15,91.0,2,6.0,Yes,460.11
990443,William Anderson,Apartment,Inner Suburb,2,2,4,4.54,38,No,2,55.0,3,6.0,Yes,380.79
991655,Daniel Le,Studio,Inner Suburb,1,1,2,4.04,8,No,4,51.0,3,6.0,Yes,247.42
994393,Oliver Scott,House,Outer Suburb,4,3,8,4.94,69,Yes,1,82.0,3,4.0,No,431.78
994902,Arjun Wang,House,Outer Suburb,2,2,3,4.25,27,No,1,73.0,3,3.0,Yes,288.37
991232,Henry Young,House,Outer Suburb,5,3,10,4.64,39,No,5,92.0,2,4.0,No,423.64
990226,Hannah Anderson,Studio,Outer Suburb,1,1,3,4.21,86,No,5,51.0,1,6.0,Yes,141.46
995611,Lily King,Apartment,Regional,1,2,3,4.2,50,Yes,2,43.0,3,4.0,No,192.93
992209,Mia Chen,Studio,CBD,1,1,4,4.39,13,No,1,45.0,2,5.0,No,161.11
994399,Noah Taylor,Townhouse,Outer Suburb,2,2,5,4.29,52,No,13,70.0,2,7.0,Yes,315.72
990574,Mia Ali,Townhouse,CBD,3,2,6,4.75,75,Yes,12,77.0,1,5.0,No,405.61
993305,Mei Tran,Apartment,Regional,1,1,3,4.31,65,Yes,2,47.0,2,4.0,Yes,96.51
992467,Emily King,Apartment,Regional,3,2,7,4.38,52,No,3,85.0,2,6.0,No,222.55
994161,Daniel Nguyen,House,Outer Suburb,3,3,6,4.53,35,Yes,2,81.0,1,6.0,Yes,358.87
991844,Hannah Wang,Apartment,CBD,1,2,1,4.97,1,No,0,44.0,3,5.0,Yes,270.6
990116,Olivia White,Apartment,Outer Suburb,1,2,2,4.49,13,No,2,56.0,1,10.0,No,186.34
993931,Liam Tran,Apartment,Inner Suburb,2,2,5,4.75,83,Yes,15,50.0,1,4.0,Yes,351.12
990232,Sophie Wilson,House,Outer Suburb,4,3,7,4.38,16,No,1,87.0,5,8.0,Yes,495.62
996457,David White,Townhouse,Outer Suburb,2,2,6,4.88,60,Yes,11,61.0,3,6.0,Yes,242.33
992329,Sarah Walker,House,CBD,5,3,10,4.79,32,Yes,4,108.0,2,8.0,Yes,592.43
990728,Lily Singh,Apartment,Inner Suburb,2,2,6,4.74,118,Yes,4,59.0,3,6.0,Yes,234.12
993206,David Chen,Apartment,Inner Suburb,1,1,3,4.64,11,No,2,57.0,2,5.0,Yes,179.5
992356,Omar Nguyen,Apartment,Outer Suburb,1,1,3,4.6,26,Yes,6,55.0,14,6.0,No,250.14
990359,Isla Smith,Apartment,Inner Suburb,2,2,3,4.42,2,No,0,53.0,3,3.0,Yes,253.2
996136,Mia Chen,Townhouse,Inner Suburb,3,3,8,4.28,43,No,4,83.0,2,7.0,No,444.6
994243,Mai King,Apartment,Outer Suburb,1,1,1,4.03,14,No,0,53.0,3,6.0,No,297.05
990219,James King,House,CBD,4,2,8,4.21,42,Yes,8,76.0,1,6.0,No,394.76
991481,Michael Jones,Villa,CBD,4,3,7,4.48,56,No,7,73.0,1,7.0,Yes,486.83
996260,Jack Thomas,Townhouse,Inner Suburb,4,3,10,4.71,64,Yes,3,84.0,1,5.0,Yes,342.87
995625,Zoe Chen,House,Inner Suburb,3,2,8,4.35,45,No,6,75.0,7,6.0,No,486.14
993306,Chloe Harris,Apartment,Outer Suburb,2,1,5,4.57,61,No,11,48.0,1,6.0,Yes,409.63
990844,Hannah Le,Apartment,Inner Suburb,1,2,2,4.15,89,No,4,34.0,2,4.0,Yes,174.34
994000,Aisha Patel,House,Outer Suburb,4,3,7,4.75,28,Yes,3,95.0,1,6.0,Yes,431.57
996771,Chloe White,Villa,Outer Suburb,5,4,10,4.47,16,No,1,92.0,4,5.0,No,587.48
993668,Chloe Patel,Villa,CBD,4,2,8,4.64,192,No,9,82.0,1,5.0,No,522.01
996241,Samuel Nguyen,Apartment,CBD,1,1,1,4.61,10,No,2,50.0,2,4.0,No,173.62
995797,David Ali,Apartment,Inner Suburb,1,1,4,4.31,18,No,1,41.0,7,7.0,Yes,293.07
991020,Anna Brown,House,CBD,2,2,3,4.72,29,Yes,2,57.0,3,4.0,Yes,418.56
996077,Chloe Jones,House,Regional,3,2,6,4.94,53,Yes,1,75.0,1,7.0,Yes,385.07
991157,Ethan Young,Townhouse,CBD,3,2,6,4.29,91,Yes,7,62.0,1,5.0,Yes,368.3
991132,An Thomas,House,CBD,4,3,10,4.06,90,Yes,3,92.0,7,6.0,No,440.44
994240,William Jones,Apartment,Outer Suburb,1,1,1,3.91,5,No,1,55.0,1,6.0,Yes,229.97
997629,Ben King,House,Inner Suburb,4,3,10,4.77,36,No,6,72.0,5,4.0,Yes,479.63
990683,Sarah Brown,Studio,CBD,1,1,3,4.57,131,Yes,6,63.0,2,7.0,No,320.23
992703,Hannah Tran,Studio,Outer Suburb,1,1,4,4.48,44,No,3,40.0,3,4.0,Yes,107.42
990940,Mei Brown,Townhouse,Regional,3,2,6,4.42,45,Yes,8,79.0,2,7.0,Yes,323.41
996975,Sarah Martin,Apartment,CBD,3,3,6,4.6,80,No,3,87.0,1,8.0,Yes,354.12
996092,Thomas Young,Studio,Regional,1,1,4,4.55,21,Yes,1,55.0,3,3.0,Yes,114.21
997195,Emma Nguyen,Apartment,Outer Suburb,2,1,6,4.25,43,Yes,7,60.0,1,8.0,Yes,240.92
991165,Oliver Brown,Townhouse,Inner Suburb,3,1,6,4.19,26,No,10,65.0,2,6.0,Yes,309.09
997372,Priya Le,House,Inner Suburb,4,3,10,4.32,73,No,1,88.0,2,7.0,No,468.8
997077,Priya Taylor,Apartment,CBD,1,2,3,4.84,13,No,3,38.0,3,6.0,Yes,209.18
994208,Lily Clark,Apartment,Outer Suburb,1,2,3,4.23,20,No,2,44.0,1,5.0,Yes,249.34
995382,Emily Chen,Townhouse,Inner Suburb,3,2,5,4.12,126,No,10,57.0,2,,Yes,378.52
993486,Zoe Brown,House,Inner Suburb,4,2,7,4.66,34,No,3,97.0,3,6.0,No,424.9
992088,Ava Jones,Townhouse,Inner Suburb,3,2,8,4.14,43,No,1,75.0,2,5.0,No,358.11
994357,Wei Le,Townhouse,Regional,2,2,4,4.05,34,No,8,44.0,1,3.0,Yes,219.24
995746,Lucas Khan,Studio,Inner Suburb,1,1,4,4.54,75,No,3,55.0,3,7.0,No,283.34
996095,An Wilson,Studio,Inner Suburb,1,1,3,4.79,38,Yes,7,36.0,1,4.0,Yes,178.18
996297,Chloe King,Apartment,CBD,1,2,2,4.42,52,Yes,8,51.0,3,5.0,Yes,271.46
994267,Daniel Young,Apartment,Inner Suburb,1,1,2,4.26,91,Yes,7,41.0,2,7.0,Yes,282.38
992050,Michael Wilson,Townhouse,Inner Suburb,3,2,6,4.21,15,No,6,78.0,3,4.0,No,256.17
996925,James Taylor,Apartment,Outer Suburb,1,1,2,4.79,39,Yes,0,67.0,1,5.0,No,154.93
991750,Olivia Anderson,Studio,Inner Suburb,1,1,4,4.68,39,Yes,6,51.0,5,5.0,No,206.58
994909,Samuel White,House,CBD,4,2,7,4.82,40,No,1,104.0,2,8.0,Yes,529.97
996409,Ethan Jones,House,Outer Suburb,4,3,9,5.0,72,No,0,84.0,3,8.0,No,335.53
995975,Jack Jones,House,Outer Suburb,3,3,5,4.93,34,No,3,73.0,1,6.0,No,387.29
990966,Mia Clark,Apartment,Outer Suburb,2,1,4,4.75,24,Yes,3,63.0,3,6.0,Yes,240.14
997858,David Taylor,Apartment,CBD,1,2,2,4.44,17,No,4,35.0,5,3.0,Yes,262.51
995753,Ben Thomas,Studio,Outer Suburb,1,2,1,4.37,119,No,1,57.0,2,3.0,Yes,166.07
993530,Anna Lee,House,Outer Suburb,2,2,4,4.7,107,Yes,9,45.0,1,4.0,Yes,257.81
990958,Chloe Tran,Apartment,Outer Suburb,2,2,4,4.15,32,No,9,59.0,1,7.0,No,308.9
992870,Hannah King,Apartment,Inner Suburb,1,1,1,4.89,10,No,2,55.0,1,5.0,Yes,262.91
996655,Samuel Singh,House,CBD,3,2,6,4.3,66,Yes,6,69.0,7,7.0,No,487.8
993480,Lucas Walker,Apartment,Regional,1,1,2,4.29,135,No,15,45.0,2,5.0,Yes,186.11
993579,Henry Wilson,Apartment,Regional,2,2,4,4.6,87,Yes,5,58.0,1,6.0,Yes,320.76
997303,Sarah Wilson,Apartment,Regional,2,2,4,4.78,64,Yes,6,78.0,1,7.0,Yes,207.68
994195,James Lee,Townhouse,Regional,4,3,7,4.23,43,No,0,71.0,7,6.0,Yes,248.33
990262,Grace Singh,Studio,Regional,1,2,2,4.15,27,No,1,50.0,3,6.0,Yes,129.77
992039,Mei Anderson,Town House,Inner Suburb,3,2,5,4.33,53,No,2,92.0,3,6.0,No,482.87
992805,Grace Wilson,Apartment,Outer Suburb,2,1,5,4.37,65,Yes,8,68.0,1,4.0,Yes,297.85
997262,Lily King,House,Outer Suburb,3,3,8,4.66,32,No,15,72.0,1,4.0,Yes,287.48
993386,Omar Wang,House,Inner Suburb,3,3,6,4.18,38,No,0,74.0,1,2.0,Yes,391.82
990297,An Anderson,House,Inner Suburb,2,1,5,4.47,62,No,8,54.0,1,7.0,Yes,271.36
991221,Lucas Scott,Townhouse,Inner Suburb,2,2,4,4.79,22,Yes,2,69.0,4,8.0,Yes,283.6
992819,Oliver Chen,House,Inner Suburb,3,2,5,4.89,52,No,1,74.0,3,5.0,No,411.24
991196,Priya Wang,Studio,Inner Suburb,1,2,2,4.12,48,No,12,63.0,1,6.0,No,229.86
993860,Linh Wilson,House,CBD,3,2,7,4.04,49,No,2,63.0,1,6.0,Yes,416.49
991859,An Singh,Townhouse,Inner Suburb,3,2,8,4.12,47,No,4,63.0,1,6.0,No,552.12
995624,Sarah Le,Apartment,Regional,1,2,2,4.31,69,Yes,5,69.0,3,3.0,Yes,347.72
997325,Ben Ali,Townhouse,Outer Suburb,2,2,3,4.61,29,No,2,58.0,3,8.0,Yes,326.84
990821,Chloe Jones,Townhouse,CBD,2,2,6,,81,No,3,,1,7.0,No,301.99
992868,Omar Taylor,Townhouse,Outer Suburb,2,1,5,4.63,33,Yes,3,64.0,1,8.0,Yes,250.24
991903,Minh Clark,House,Outer Suburb,4,3,7,4.72,5,No,4,86.0,1,5.0,No,381.84
996337,Aisha Wilson,Townhouse,Inner Suburb,4,3,10,3.88,70,No,4,93.0,2,7.0,Yes,419.6
996041,Liam Brown,Apartment,Outer Suburb,1,1,2,4.1,123,No,2,46.0,4,3.0,No,196.36
992605,Amelia Jones,Apartment,CBD,1,2,1,4.69,9,No,3,52.0,1,5.0,Yes,213.7
995218,Oliver Scott,Apartment,CBD,2,2,6,5.0,39,Yes,4,74.0,2,8.0,Yes,252.09
991277,Ethan Martin,Townhouse,CBD,3,2,8,4.16,21,No,3,80.0,1,7.0,Yes,452.16
993343,Grace Anderson,Apartment,CBD,1,1,2,4.18,20,No,1,52.0,5,5.0,Yes,291.69
997484,Samuel Nguyen,Townhouse,Regional,3,2,7,4.7,61,No,15,71.0,1,9.0,No,413.03
994794,Noah Patel,House,CBD,3,2,6,4.4,31,Yes,5,70.0,5,4.0,Yes,435.97
992315,Ava Clark,Apartment,Inner Suburb,1,1,2,4.48,69,Yes,6,37.0,2,3.0,Yes,194.19
994867,Sarah Smith,Villa,Inner Suburb,5,3,10,4.47,132,Yes,0,101.0,2,8.0,No,451.95
990009,Isla Brown,Apartment,CBD,1,1,2,4.55,50,No,1,39.0,1,7.0,Yes,255.09
992662,James Thomas,Apartment,Inner Suburb,2,2,5,4.44,15,No,1,75.0,3,10.0,No,328.03
991300,Olivia Wilson,Apartment,Inner Suburb,2,2,4,4.44,56,No,2,61.0,1,8.0,No,356.93
996555,Samuel Martin,Apartment,Outer Suburb,2,2,4,4.56,50,Yes,4,47.0,1,3.0,No,224.25
991599,Jack Young,Villa,CBD,5,3,10,4.44,77,Yes,6,95.0,1,10.0,Yes,538.01
992035,James Tran,House,Regional,4,2,8,4.32,10,No,4,81.0,1,4.0,Yes,330.1
990349,David Harris,Apartment,Inner Suburb,1,2,1,4.21,21,No,1,32.0,1,2.0,No,193.46
991323,David Wilson,Apartment,Outer Suburb,1,1,4,4.19,40,No,4,46.0,3,5.0,Yes,161.74
992821,Aisha Patel,Townhouse,CBD,2,2,6,4.68,28,Yes,0,84.0,2,9.0,Yes,377.47
990177,Isla Anderson,House,Inner Suburb,2,1,6,4.44,27,No,7,36.0,3,2.0,No,239.16
995282,Wei White,House,CBD,2,2,4,4.36,28,No,6,63.0,3,4.0,No,318.03
995714,Jack Patel,Townhouse,CBD,3,2,5,4.09,11,No,1,71.0,2,4.0,Yes,336.12
991158,Arjun Walker,Studio,CBD,1,2,1,4.22,56,No,5,58.0,1,,Yes,227.2
994885,Henry Lee,House,CBD,3,4,6,4.36,31,No,2,87.0,3,6.0,No,458.68
991560,Ava Nguyen,Apartment,CBD,1,2,2,,57,Yes,6,,2,4.0,Yes,314.64
997908,Olivia Smith,Apartment,Outer Suburb,1,1,1,4.62,44,Yes,2,44.0,3,7.0,Yes,202.78
992730,Isla Thomas,Studio,Regional,1,2,2,4.25,49,No,1,60.0,3,5.0,No,181.48
990638,Emily Martin,Townhouse,Outer Suburb,3,2,7,4.64,24,No,1,57.0,3,6.0,No,435.3
992883,Michael Jones,Townhouse,CBD,2,2,5,4.35,18,No,2,45.0,7,4.0,No,321.35
990804,An Jones,House,Inner Suburb,4,3,8,4.51,74,Yes,0,96.0,1,8.0,Yes,409.96
994505,Sophie Harris,Apartment,Inner Suburb,1,1,3,4.69,46,Yes,1,40.0,1,,Yes,253.69
996320,Emma Singh,Studio,Regional,1,1,2,4.27,25,No,0,47.0,1,4.0,Yes,209.98
991004,Linh Wang,Apartment,Regional,1,2,1,4.41,31,No,2,61.0,1,6.0,No,150.36
990182,Lucas Singh,Townhouse,Outer Suburb,4,3,10,,55,No,2,,1,3.0,Yes,350.02
991731,Mia Nguyen,House,Inner Suburb,5,3,10,4.74,32,No,8,112.0,1,7.0,Yes,512.21
992796,Zoe Tran,House,Outer Suburb,3,2,5,4.57,105,Yes,10,78.0,3,7.0,Yes,341.44
994017,Zoe Jones,House,Regional,2,1,6,4.15,28,No,3,48.0,7,4.0,Yes,195.81
997446,Michael Young,Apartment,Inner Suburb,2,1,6,,47,Yes,3,44.0,1,3.0,Yes,329.65
990658,Liam Smith,Apartment,Outer Suburb,1,2,2,4.23,27,No,3,55.0,2,7.0,Yes,226.44
997636,Emily Lee,Studio,Regional,1,2,3,4.54,33,Yes,6,31.0,4,4.0,Yes,173.8
990714,Minh Nguyen,Apartment,Inner Suburb,3,2,5,3.99,34,Yes,3,59.0,14,3.0,No,254.14
992084,Mai Nguyen,Villa,CBD,4,3,8,4.77,71,No,13,81.0,5,7.0,Yes,525.97
994428,Mai Tran,House,Inner Suburb,3,2,6,4.52,91,Yes,13,54.0,2,6.0,Yes,375.58
993846,Omar White,Apartment,Regional,1,1,4,4.21,7,No,0,51.0,1,4.0,Yes,146.1
997377,Mia Anderson,House,CBD,3,3,7,4.4,21,No,6,70.0,3,7.0,Yes,463.05
991239,Samuel Thomas,Studio,Inner Suburb,1,1,2,4.81,21,No,1,55.0,1,8.0,No,189.29
990386,Aisha Jones,Apartment,Regional,1,2,1,4.44,9,No,1,50.0,1,5.0,Yes,222.57
992055,Ethan Harris,Apartment,Outer Suburb,1,1,3,4.2,31,No,1,43.0,2,6.0,Yes,155.11
995620,Wei Ali,Studio,Inner Suburb,1,1,4,4.46,68,Yes,8,33.0,1,5.0,Yes,277.13
991920,Hannah Thomas,Villa,CBD,4,2,9,4.24,28,Yes,2,97.0,2,7.0,No,574.1
997890,Ben Tran,House,Inner Suburb,3,3,6,4.33,54,No,1,65.0,2,6.0,Yes,528.96
992333,Sarah King,Apartment,Regional,2,2,5,4.65,33,No,8,68.0,4,6.0,No,292.67
993448,James Thomas,House,Inner Suburb,3,3,6,4.82,12,No,1,90.0,1,9.0,No,398.43
994333,Anna Nguyen,Apartment,Regional,2,2,3,4.21,23,No,1,80.0,1,6.0,Yes,228.05
994918,Daniel Chen,House,Inner Suburb,2,2,5,4.67,46,No,1,55.0,3,7.0,Yes,254.42
993297,Arjun Walker,Apartment,CBD,1,1,4,4.22,32,No,1,33.0,1,6.0,No,197.6
995660,Arjun Chen,House,Inner Suburb,3,3,6,4.42,17,No,2,92.0,1,7.0,Yes,386.94
997669,Ben Tran,Studio,Outer Suburb,1,2,3,4.91,13,No,6,45.0,3,4.0,No,159.53
991721,David Lee,Apartment,Regional,1,2,3,4.82,8,No,1,43.0,1,3.0,Yes,138.75
996053,Emily Ali,Townhouse,CBD,4,2,8,4.64,13,No,5,107.0,3,10.0,Yes,534.4
990550,Grace Wang,Studio,Outer Suburb,1,2,3,4.33,113,Yes,0,51.0,1,8.0,Yes,186.02
993621,James Scott,House,Outer Suburb,3,3,6,4.17,22,No,0,56.0,1,4.0,Yes,337.3
991632,Oliver Young,House,Inner Suburb,4,2,8,4.83,24,No,5,70.0,10,6.0,Yes,330.38
990961,Isla Wang,Apartment,Regional,1,2,3,4.68,82,Yes,6,37.0,2,4.0,No,206.86
991598,An Ali,Apartment,CBD,2,2,4,4.07,47,No,1,60.0,1,3.0,Yes,251.52
991093,Emma Nguyen,House,CBD,2,2,5,4.34,3,No,0,43.0,3,1.0,No,230.61
997648,Noah Singh,House,Outer Suburb,3,2,6,4.63,56,No,15,83.0,1,6.0,No,363.09
992368,Ben Young,House,Outer Suburb,3,3,7,3.9,98,No,13,81.0,1,4.0,No,394.73
992402,Lucas Thomas,Apartment,Outer Suburb,1,1,2,4.73,57,No,15,48.0,2,5.0,No,249.84
997560,Ava Clark,Studio,Regional,1,2,2,4.56,23,Yes,0,51.0,5,,Yes,150.28
993861,Samuel Taylor,Apartment,Outer Suburb,1,2,4,4.65,18,Yes,6,66.0,1,5.0,Yes,234.51
997237,Hannah Nguyen,Townhouse,Inner Suburb,3,3,6,4.39,15,No,7,80.0,2,4.0,No,449.98
993447,Grace Khan,Townhouse,Regional,3,2,6,4.54,7,No,2,81.0,1,6.0,No,296.31
996203,Noah Singh,Apartment,Inner Suburb,2,2,6,4.4,36,No,0,68.0,2,3.0,Yes,220.75
997169,Ava Smith,Apartment,Inner Suburb,1,2,4,4.33,75,Yes,9,40.0,1,6.0,Yes,266.77
991559,William Tran,Townhouse,Outer Suburb,2,2,3,4.22,64,Yes,2,53.0,2,5.0,No,285.21
993508,Liam Thomas,Apartment,Inner Suburb,1,1,1,4.14,20,Yes,0,41.0,4,2.0,Yes,64.48
994420,Lily Scott,Studio,Outer Suburb,1,1,2,4.36,35,Yes,8,53.0,2,8.0,Yes,260.43
994308,Mai Patel,Studio,Outer Suburb,1,2,2,4.43,128,Yes,8,53.0,1,6.0,No,199.53
994925,Aisha White,House,CBD,4,3,8,4.36,32,No,2,103.0,1,9.0,Yes,557.63
996658,Daniel Anderson,Apartment,Outer Suburb,1,1,2,4.36,115,No,6,43.0,2,4.0,Yes,158.64
996465,Liam Wilson,Apartment,Outer Suburb,3,2,6,4.71,24,Yes,5,77.0,3,6.0,No,275.01
994317,Ethan Jones,House,Outer Suburb,3,3,5,4.48,74,Yes,14,57.0,3,5.0,No,420.29
993645,William Young,Townhouse,Inner Suburb,3,2,8,4.66,41,No,11,71.0,1,6.0,Yes,333.18
997477,Isla Nguyen,Town House,Inner Suburb,4,2,10,4.34,48,Yes,0,77.0,3,6.0,Yes,351.57
991368,Amelia White,Townhouse,Inner Suburb,3,3,7,4.45,51,No,0,74.0,2,7.0,No,369.07
990003,Jack Young,House,Regional,2,2,6,4.58,65,Yes,14,69.0,1,7.0,Yes,355.78
995082,Sarah Wilson,House,Outer Suburb,4,2,7,4.51,20,No,6,79.0,4,5.0,Yes,365.42
990074,Chloe Taylor,Studio,Inner Suburb,1,1,2,4.11,38,No,5,48.0,2,3.0,No,204.54
991609,Arjun Lee,Townhouse,Regional,3,2,7,4.26,14,No,8,96.0,2,7.0,Yes,358.65
993741,Mai Thomas,Townhouse,Inner Suburb,3,2,5,4.02,21,No,3,77.0,1,3.0,No,355.21
995685,Ava King,Villa,Inner Suburb,5,2,10,4.35,15,No,2,111.0,3,9.0,No,508.7
991190,Michael Clark,Townhouse,Regional,3,2,6,4.8,62,Yes,4,73.0,1,5.0,Yes,384.92
990956,Emma Khan,Studio,Outer Suburb,1,2,2,4.36,16,No,2,53.0,1,5.0,No,174.06
991268,Zoe King,Townhouse,Inner Suburb,3,2,6,4.39,28,Yes,3,77.0,2,5.0,Yes,300.84
992216,Henry Khan,Apartment,Outer Suburb,1,1,2,4.1,36,No,2,61.0,2,,No,225.67
992072,Emma Brown,Apartment,CBD,2,1,3,4.06,13,No,4,64.0,1,5.0,Yes,345.73
995008,William Singh,Apartment,Regional,2,2,4,4.72,17,Yes,0,67.0,1,7.0,Yes,182.22
995794,Amelia Martin,Apartment,Inner Suburb,2,2,5,4.82,44,Yes,2,63.0,1,5.0,Yes,272.31
992446,Hannah Ali,Apartment,CBD,1,2,2,4.59,48,No,4,39.0,10,3.0,Yes,268.57
996582,Ben Nguyen,House,Outer Suburb,4,2,7,4.98,65,No,14,83.0,1,5.0,No,381.76
994988,Mia Walker,Studio,Outer Suburb,1,1,4,3.91,30,Yes,1,38.0,1,5.0,No,203.62
997619,Omar Smith,Villa,Outer Suburb,3,2,6,4.79,40,No,1,77.0,1,8.0,No,398.0
993954,Olivia Anderson,Apartment,CBD,3,2,5,4.22,31,N,6,78.0,1,5.0,No,400.65
991467,Jack Jones,Apartment,Outer Suburb,1,2,2,3.95,38,Yes,6,51.0,10,5.0,Yes,235.89
990938,Olivia White,House,Outer Suburb,4,3,8,4.13,97,No,2,74.0,1,6.0,Yes,418.03
990045,Linh Martin,Apartment,Outer Suburb,1,2,4,4.59,25,No,1,50.0,2,5.0,Yes,263.95
991918,Sophie Martin,Apartment,CBD,2,1,5,4.9,22,No,1,52.0,1,7.0,Yes,371.14
992647,Michael Anderson,House,Outer Suburb,3,2,6,4.49,27,No,2,81.0,2,8.0,No,305.62
995329,Amelia Young,Townhouse,Outer Suburb,3,3,6,3.99,87,Yes,2,55.0,2,7.0,No,265.8
991494,Mai Tran,Apartment,Inner Suburb,1,1,3,4.01,58,No,1,39.0,1,4.0,Yes,187.64
995418,Amelia Anderson,Studio,Regional,1,1,3,4.42,45,No,9,48.0,1,4.0,Yes,163.89
997186,Oliver Ali,Apartment,Inner Suburb,1,2,2,4.36,53,No,9,53.0,2,3.0,No,231.4
992162,David Walker,House,Regional,3,2,6,4.37,22,No,1,69.0,2,5.0,Yes,399.03
996652,Sophie Young,Apartment,Inner Suburb,2,2,3,4.66,97,No,4,67.0,2,7.0,Yes,257.35
997449,Zoe Jones,Apartment,Outer Suburb,3,2,7,4.2,38,Yes,2,72.0,3,8.0,No,290.74
994585,Wei Khan,House,CBD,3,2,8,4.56,35,No,1,91.0,2,7.0,Yes,462.59
995836,Hannah Harris,Townhouse,CBD,3,1,7,4.81,62,No,15,65.0,3,5.0,No,320.42
995262,Emily Jones,Apartment,Inner Suburb,2,2,6,4.06,103,No,4,71.0,1,6.0,No,315.71
992776,William Tran,Studio,CBD,1,1,3,4.58,28,No,4,49.0,2,5.0,Yes,202.74
993796,Ethan Khan,House,CBD,3,3,7,4.7,34,No,4,78.0,2,5.0,Yes,410.32
997581,Chloe Martin,Townhouse,CBD,3,3,6,4.6,100,No,9,92.0,3,6.0,Yes,313.55
991153,Emily Harris,Apartment,Inner Suburb,1,2,3,4.63,69,No,4,34.0,2,4.0,Yes,267.89
995068,Emily Le,Studio,CBD,1,1,4,4.28,71,Yes,1,64.0,1,7.0,Yes,359.5
995728,Isla Khan,Apartment,Inner Suburb,1,2,3,4.69,77,No,2,48.0,4,7.0,Yes,249.96
997512,Lily Scott,Studio,CBD,1,1,1,4.49,72,No,5,38.0,7,6.0,Yes,247.35
994854,Liam Tran,House,Regional,5,3,10,4.72,213,No,1,93.0,2,7.0,Yes,363.72
997716,Lucas Chen,House,CBD,5,3,10,4.74,40,No,3,89.0,2,6.0,No,556.73
991550,Emma Brown,Townhouse,CBD,3,2,7,4.35,13,No,5,59.0,1,6.0,Yes,416.07
995609,Thomas Anderson,Villa,Inner Suburb,4,3,9,4.62,77,No,8,102.0,5,10.0,Yes,541.09
995349,Daniel Wilson,House,Outer Suburb,4,2,10,4.81,61,Yes,12,97.0,2,8.0,Yes,425.95
994848,Priya Scott,Apartment,Inner Suburb,2,2,5,4.43,10,No,1,46.0,2,6.0,No,198.0
993821,Omar Ali,House,CBD,3,3,6,3.99,49,Yes,4,73.0,2,6.0,Yes,494.3
997144,Noah Chen,Villa,Inner Suburb,4,2,8,4.92,56,No,14,70.0,1,6.0,No,399.71
994314,Emma Chen,Studio,Inner Suburb,1,1,1,3.84,8,No,4,57.0,3,7.0,No,207.48
994455,Lily Nguyen,Studio,Inner Suburb,1,1,2,4.26,87,No,0,47.0,2,4.0,No,280.13
996890,Lily Nguyen,Villa,Regional,2,1,5,4.79,7,No,2,40.0,2,3.0,Yes,271.29
997786,Zoe Patel,Apartment,Regional,1,2,4,4.33,66,Yes,3,43.0,2,6.0,Yes,284.01
995448,An Wang,Studio,Outer Suburb,1,1,2,4.77,131,No,8,53.0,4,3.0,Yes,142.87
997956,Amelia Nguyen,Townhouse,CBD,2,2,4,4.6,29,No,4,72.0,2,6.0,Yes,362.14
997335,Sarah Nguyen,Apartment,Regional,1,2,1,4.43,31,No,6,49.0,3,6.0,Yes,191.88
990036,Amelia Clark,Villa,Inner Suburb,3,2,7,3.82,16,No,3,73.0,1,4.0,Yes,410.13
990765,Anna Wang,Apartment,Regional,1,1,4,4.73,113,Yes,0,41.0,10,6.0,Yes,214.27
990217,Ethan Walker,Apartment,CBD,1,1,2,4.9,41,Yes,9,50.0,2,7.0,No,239.61
993414,Lily Wilson,Apartment,Outer Suburb,1,2,2,4.2,82,No,0,46.0,1,4.0,No,187.94
993967,Olivia Wang,Apartment,CBD,2,2,3,4.38,102,No,4,67.0,7,8.0,Yes,388.87
996924,Emily Ali,Apartment,CBD,1,2,3,4.56,20,No,3,48.0,3,7.0,No,218.49
992223,Lily Jones,House,Inner Suburb,2,2,4,4.52,25,No,2,44.0,1,5.0,Yes,392.33
994714,Arjun Patel,House,CBD,4,3,10,4.66,38,Yes,3,95.0,1,5.0,Yes,368.83
991454,Hannah Clark,House,Regional,4,3,7,,20,No,8,66.0,1,4.0,No,370.89
995038,Zoe Smith,House,Inner Suburb,2,2,4,4.37,15,No,1,69.0,2,5.0,Yes,389.38
995756,Lucas Jones,Apartment,Regional,1,1,1,4.75,85,No,11,48.0,1,6.0,Yes,163.46
996494,Olivia Clark,Apartment,CBD,1,1,2,4.25,14,No,3,32.0,1,6.0,No,231.85
997198,Amelia Martin,Apartment,Regional,1,2,2,4.39,63,No,3,36.0,2,4.0,No,55.0
995686,Mai Singh,Apartment,Regional,1,2,2,4.36,33,No,3,55.0,5,5.0,Yes,274.74
994127,William Chen,Apartment,Outer Suburb,2,2,6,4.89,19,No,2,67.0,2,5.0,Yes,291.49
996226,Ava Singh,Studio,CBD,1,1,3,4.56,121,Yes,7,48.0,1,5.0,Yes,206.58
991061,Chloe Jones,Townhouse,Regional,2,2,4,3.97,172,No,1,59.0,5,7.0,Yes,257.92
991104,Samuel Lee,Townhouse,Regional,4,3,8,4.71,11,No,1,95.0,7,7.0,No,334.06
997756,Emma Tran,Apartment,Outer Suburb,3,1,5,4.64,105,Yes,15,79.0,1,8.0,Yes,326.12
995490,Daniel Lee,Townhouse,CBD,2,2,6,4.85,58,Yes,1,70.0,3,6.0,Yes,374.6
990148,Wei White,Villa,CBD,4,2,7,5.0,3,No,1,93.0,1,7.0,Yes,448.58
995322,Samuel Wang,Studio,Outer Suburb,1,2,2,4.42,13,No,1,52.0,1,5.0,Yes,159.88
991353,Mei Smith,Villa,CBD,3,2,5,4.64,54,Yes,5,73.0,4,9.0,No,514.13
995720,Minh Scott,Apartment,Inner Suburb,1,2,2,4.94,112,Yes,6,62.0,1,7.0,No,273.29
997444,Noah Scott,Apartment,Inner Suburb,2,3,4,,95,No,3,,2,6.0,No,326.02
994490,Arjun Harris,Apartment,Inner Suburb,1,1,1,4.09,4,No,0,45.0,2,3.0,Yes,163.79
991487,Isla Harris,Studio,Outer Suburb,1,2,1,4.56,21,No,3,58.0,2,7.0,Yes,121.33
997049,Thomas Singh,Studio,Inner Suburb,1,1,4,3.95,60,No,2,41.0,2,4.0,No,219.95
992758,Zoe Smith,Apartment,Inner Suburb,2,1,4,4.38,40,No,0,78.0,4,7.0,Yes,274.12
990185,Liam Ali,House,CBD,2,1,3,4.52,68,Yes,8,56.0,1,3.0,Yes,375.37
997821,Arjun King,Apartment,Inner Suburb,1,2,2,4.46,45,Yes,6,52.0,2,6.0,No,267.03
996841,Anna Thomas,House,Outer Suburb,4,3,7,4.96,67,No,3,97.0,1,7.0,No,475.87
991711,Anna Harris,Studio,Inner Suburb,1,2,1,,54,No,4,,3,6.0,Yes,303.49
993100,Michael Ali,House,CBD,2,2,3,,47,No,2,,2,7.0,Yes,380.79
997255,Sophie Anderson,Apartment,CBD,2,1,3,4.22,51,No,3,66.0,1,8.0,Yes,265.28
997071,Aisha Smith,Apartment,Regional,2,1,4,4.63,145,No,10,52.0,3,4.0,Yes,138.19
995310,Sarah Anderson,Townhouse,Outer Suburb,3,2,7,4.17,34,No,1,76.0,2,5.0,No,376.75
995228,Amelia Ali,Townhouse,Inner Suburb,3,2,6,5.0,28,Yes,3,60.0,2,5.0,Yes,404.42
996395,Michael Smith,House,Outer Suburb,3,2,6,4.35,46,No,14,73.0,1,8.0,Yes,355.39
990379,Samuel Ali,Apartment,Regional,1,1,1,4.68,86,No,11,48.0,4,4.0,Yes,166.23
993070,Noah Brown,Apartment,Regional,2,2,3,4.16,57,No,2,71.0,3,4.0,Yes,195.77
992700,James Thomas,Apartment,Inner Suburb,1,2,3,4.23,48,Yes,8,37.0,5,2.0,Yes,214.05
996895,Minh Lee,Studio,Inner Suburb,1,2,2,4.3,34,Yes,4,66.0,1,6.0,No,274.53
993608,Mei Wilson,Studio,Inner Suburb,1,1,2,4.57,26,No,5,38.0,1,5.0,Yes,273.32
994220,Emma Le,Apartment,Outer Suburb,1,1,2,4.65,31,No,9,57.0,1,6.0,Yes,183.8
991492,Zoe Walker,House,Outer Suburb,3,2,5,4.43,44,No,5,77.0,1,6.0,Yes,347.56
997050,David Le,Apartment,CBD,2,2,4,4.11,62,No,5,63.0,2,6.0,Yes,274.0
990855,David White,Apartment,Inner Suburb,2,2,3,4.47,7,No,3,64.0,3,5.0,No,226.22
995457,Noah Khan,House,Inner Suburb,5,4,10,4.24,47,Yes,2,93.0,2,6.0,No,433.65
996811,Isla Anderson,Apartment,Inner Suburb,3,3,6,4.29,38,Yes,3,75.0,1,2.0,Yes,316.11
991329,Lucas Wilson,House,CBD,4,2,8,4.33,65,No,1,101.0,4,7.0,No,474.37
991923,Thomas Young,Studio,CBD,1,2,2,4.62,34,No,3,55.0,1,5.0,Yes,326.4
995101,Isla King,Apartment,CBD,2,2,6,4.49,45,Yes,4,67.0,1,5.0,No,425.14
991170,Lucas Jones,House,Outer Suburb,4,3,9,4.4,23,No,2,104.0,3,8.0,Yes,402.32
996185,Minh King,House,Inner Suburb,5,3,9,4.2,18,No,5,104.0,1,7.0,No,490.68
992138,Olivia Walker,Apartment,CBD,1,2,2,4.39,24,Yes,3,64.0,3,7.0,No,279.47
997845,Mai Smith,Townhouse,CBD,4,2,9,4.78,51,No,9,78.0,7,9.0,No,365.52
996106,Sophie Thomas,Apartment,Outer Suburb,3,2,7,4.6,244,Yes,6,55.0,2,5.0,No,303.06
991925,Ben Harris,House,Inner Suburb,2,2,5,4.94,166,Yes,1,61.0,2,7.0,Yes,281.09
990493,Zoe Taylor,Apartment,Regional,2,2,4,4.03,63,No,1,51.0,1,2.0,Yes,219.63
991759,Lily Jones,House,Inner Suburb,3,3,7,4.29,30,No,10,65.0,7,4.0,Yes,370.84
997214,Arjun Clark,Apartment,Inner Suburb,2,2,3,4.67,213,Yes,12,55.0,1,4.0,Yes,205.6
994449,Ben Thomas,Apartment,Inner Suburb,1,1,2,4.06,169,No,5,47.0,2,5.0,Yes,202.13
996311,Emily Brown,House,Inner Suburb,4,2,7,4.69,65,No,12,86.0,3,9.0,Yes,515.38
993999,Isla Martin,House,Inner Suburb,3,2,7,4.45,27,No,6,72.0,1,7.0,Yes,435.75
997179,Ava Wilson,Studio,Inner Suburb,1,2,2,4.94,49,No,5,74.0,3,7.0,Yes,194.11
997030,William Martin,House,Outer Suburb,4,2,10,4.49,28,No,5,93.0,1,7.0,Yes,500.51
991981,David Chen,House,Outer Suburb,4,2,9,4.4,9,No,1,97.0,2,9.0,No,360.28
991574,Jack Ali,Apartment,CBD,1,1,3,4.6,79,Yes,4,44.0,2,5.0,Yes,276.25
994547,Henry White,Townhouse,Inner Suburb,2,2,6,4.6,124,Yes,4,69.0,1,6.0,No,394.5
990210,Grace Jones,House,CBD,4,3,8,4.64,12,No,3,102.0,3,10.0,Yes,480.7
990030,Lucas Khan,House,Regional,5,3,10,4.14,44,No,2,88.0,1,6.0,Yes,397.58
995556,Ethan Lee,House,Inner Suburb,3,2,5,4.97,25,No,5,78.0,1,7.0,No,355.04
997465,Liam Chen,House,Inner Suburb,5,2,10,4.64,89,No,11,85.0,1,7.0,Yes,551.53
992124,Anna Khan,House,CBD,3,2,6,4.28,61,Yes,1,65.0,5,6.0,Yes,397.73
996847,Oliver Jones,House,Outer Suburb,2,2,3,4.56,69,Yes,7,72.0,3,8.0,No,393.11
996901,Grace Le,Apartment,Regional,2,2,6,5.0,25,No,5,65.0,4,6.0,No,276.25
993803,Ethan Singh,House,Regional,3,2,5,4.39,19,No,4,71.0,2,6.0,Yes,322.78
992306,Henry Chen,Studio,Inner Suburb,1,1,3,4.07,33,No,2,70.0,1,7.0,Yes,234.56
995791,Oliver Smith,Apartment,Outer Suburb,1,1,4,4.86,83,No,2,49.0,1,4.0,Yes,179.42
993453,Michael Anderson,Studio,Inner Suburb,1,2,4,4.82,151,No,3,35.0,5,5.0,Yes,225.12
993096,Emily Martin,Apartment,Inner Suburb,1,1,1,4.8,115,No,1,54.0,2,6.0,No,245.73
990571,Chloe Singh,House,Regional,3,2,7,4.31,85,No,15,75.0,2,5.0,Yes,265.27
992290,Arjun Thomas,Townhouse,Regional,3,2,5,4.33,28,No,0,74.0,7,5.0,Yes,336.21
995261,Henry Lee,Studio,Inner Suburb,1,1,2,4.64,98,Yes,1,44.0,1,5.0,Yes,103.52
994828,Noah Jones,House,Inner Suburb,3,2,8,4.26,16,No,5,86.0,1,7.0,Yes,460.64
990753,Olivia Jones,House,Inner Suburb,4,4,8,4.15,114,No,3,77.0,2,6.0,No,412.13
996249,Jack Scott,Townhouse,Outer Suburb,3,2,8,,47,Yes,8,,2,8.0,Yes,383.13
993293,Olivia Singh,Studio,CBD,1,2,1,,11,No,6,,1,6.0,No,273.88
996168,Noah Tran,House,Outer Suburb,4,3,7,4.35,40,Yes,3,88.0,3,8.0,No,441.08
997405,Hannah Patel,Studio,Outer Suburb,1,1,2,4.51,9,No,3,38.0,1,3.0,Yes,244.86
991138,Sophie Khan,House,Outer Suburb,5,3,10,4.31,62,Yes,9,94.0,1,6.0,No,329.28
997131,Priya Wilson,Studio,Inner Suburb,1,2,2,4.06,21,No,0,45.0,1,5.0,Yes,214.96
993410,William Wilson,Villa,CBD,4,3,10,3.88,10,No,5,96.0,1,8.0,No,489.4
994410,David Singh,Apartment,CBD,1,2,3,4.21,54,Yes,10,54.0,2,4.0,Yes,310.59
992236,Mai King,Villa,Inner Suburb,4,2,8,4.31,71,No,3,78.0,1,5.0,No,480.23
993867,James Tran,Villa,CBD,4,2,7,4.42,90,Y,13,96.0,5,7.0,Yes,500.13
997911,Emily Young,Apartment,Outer Suburb,1,1,3,4.41,67,Yes,4,58.0,2,5.0,Yes,199.73
992823,Noah Ali,House,Regional,3,3,8,4.49,33,No,3,70.0,4,5.0,Yes,343.14
995096,Mei Smith,House,CBD,2,2,4,4.27,35,No,9,62.0,4,4.0,Yes,447.37
993161,Hannah Thomas,House,Outer Suburb,3,3,6,4.53,41,No,7,76.0,2,6.0,Yes,414.1
996112,Henry Scott,Studio,Regional,1,1,2,4.49,57,No,7,35.0,2,6.0,Yes,143.92
993607,Mai Wilson,Apartment,Outer Suburb,1,2,2,3.98,53,No,9,40.0,1,2.0,Yes,184.11
995393,Omar Martin,Townhouse,CBD,3,3,7,4.52,22,Yes,1,73.0,2,6.0,Yes,376.15
996431,Priya Jones,Townhouse,Inner Suburb,3,3,5,4.17,91,Yes,5,81.0,2,5.0,Yes,381.66
990774,Olivia Nguyen,Apartment,Inner Suburb,1,2,4,4.31,90,No,2,57.0,3,4.0,Yes,250.66
990513,Ben Tran,Townhouse,CBD,2,1,4,4.42,67,Yes,4,63.0,1,5.0,Yes,395.33
996482,Liam White,House,CBD,4,3,10,4.79,29,Yes,2,86.0,2,6.0,Yes,433.97
993361,Grace Wang,Villa,Inner Suburb,5,3,9,4.38,130,Yes,8,87.0,3,7.0,Yes,385.53
994353,Zoe Clark,Studio,Inner Suburb,1,1,4,4.43,31,No,0,47.0,3,6.0,Yes,186.92
996797,Lily Ali,House,Regional,4,3,8,4.21,29,Yes,3,89.0,2,6.0,Yes,327.92
995518,Isla Martin,Apartment,Outer Suburb,2,2,4,4.44,161,No,8,45.0,5,5.0,Yes,295.34
996243,Wei Jones,Townhouse,Regional,2,1,3,4.29,38,No,6,57.0,1,3.0,Yes,111.13
995269,Mei Lee,Townhouse,Inner Suburb,4,2,8,4.48,35,No,2,84.0,2,5.0,No,375.66
996294,Anna Scott,Apartment,Inner Suburb,2,2,4,4.83,149,No,7,63.0,1,6.0,Yes,279.12
992732,Chloe Khan,House,Regional,4,3,7,4.85,59,No,8,79.0,2,6.0,No,355.45
992021,Minh Clark,House,CBD,2,2,4,4.59,17,Yes,2,48.0,1,4.0,No,449.77
994198,Liam Harris,Apartment,Outer Suburb,1,1,2,4.24,2,No,1,41.0,1,3.0,Yes,66.83
992705,Liam Nguyen,House,Inner Suburb,4,3,10,,38,Yes,0,,1,8.0,Yes,438.54
996259,Olivia Lee,Apartment,Inner Suburb,1,2,2,4.44,34,No,2,44.0,2,5.0,Yes,210.7
994719,Jack Chen,House,CBD,2,1,6,4.67,72,Yes,8,58.0,2,8.0,Yes,332.35
992847,Sarah Martin,Apartment,CBD,2,2,4,4.22,28,No,3,68.0,1,5.0,No,324.58
993619,Hannah Jones,Apartment,Outer Suburb,2,1,3,4.44,157,Yes,12,60.0,2,7.0,No,236.96
995788,Lucas Martin,Apartment,CBD,1,1,2,4.48,17,No,2,43.0,2,7.0,No,173.3
992027,An Ali,Townhouse,Inner Suburb,3,3,8,4.59,34,No,9,77.0,2,8.0,No,426.8
995231,Thomas Brown,Apartment,CBD,1,1,4,4.35,31,No,10,46.0,1,4.0,Yes,220.69
991665,Hannah Lee,House,Inner Suburb,3,3,5,4.28,69,No,7,71.0,2,4.0,Yes,429.47
993906,Mai Lee,House,CBD,3,2,6,4.76,10,No,1,48.0,2,6.0,No,350.81
991767,Liam Lee,House,Inner Suburb,3,2,6,4.98,47,Yes,1,79.0,1,5.0,Yes,483.81
990863,Thomas Smith,Townhouse,Inner Suburb,4,3,8,4.07,10,No,2,95.0,2,7.0,No,412.88
993924,Ben Le,Villa,Inner Suburb,5,3,10,4.47,105,No,12,91.0,1,,No,462.04
991350,Daniel Lee,Apartment,Outer Suburb,1,1,3,4.34,54,No,10,48.0,2,5.0,Yes,223.11
993372,Noah Smith,House,Inner Suburb,5,4,10,4.47,9,No,1,103.0,10,5.0,No,454.0
997574,Emily Thomas,Apartment,Outer Suburb,1,1,2,4.37,69,Yes,2,44.0,2,5.0,Yes,145.1
997326,Chloe Singh,House,Outer Suburb,3,3,7,4.68,21,No,1,70.0,1,7.0,Yes,271.74
995741,Samuel King,Apartment,Regional,1,1,1,4.12,25,No,1,48.0,2,4.0,Yes,114.27
991768,Linh Le,Apartment,CBD,1,2,2,4.1,124,No,2,48.0,2,5.0,Yes,225.04
994696,Wei White,Apartment,Inner Suburb,2,2,4,4.71,38,Yes,2,57.0,2,6.0,Yes,372.13
995354,Oliver Scott,House,Inner Suburb,2,2,5,4.03,59,No,6,63.0,1,5.0,Yes,311.59
997518,Henry Jones,Apartment,CBD,2,2,4,4.59,59,Yes,15,64.0,1,5.0,No,355.19
995743,Thomas Harris,House,CBD,3,2,6,4.29,12,No,1,66.0,1,6.0,No,397.22
997492,Michael White,House,Regional,4,2,8,4.53,85,No,2,86.0,7,6.0,No,336.9
997631,Priya Harris,Apartment,Regional,3,2,7,3.9,60,No,12,71.0,2,5.0,No,289.36
995106,Mei Tran,House,Inner Suburb,5,3,10,4.82,22,No,10,97.0,1,9.0,Yes,435.74
994615,Noah Singh,House,Outer Suburb,4,2,7,4.55,78,Yes,5,93.0,14,7.0,No,397.17
997662,Minh Martin,Villa,Inner Suburb,3,2,8,,116,No,1,,2,8.0,Yes,416.92
990457,Liam Clark,Apartment,Inner Suburb,1,2,2,4.53,5,No,0,39.0,4,4.0,Yes,289.08
990878,Grace Scott,Apartment,Inner Suburb,1,2,1,4.6,43,No,2,51.0,3,6.0,No,332.23
994540,Priya Wilson,Studio,Inner Suburb,1,2,3,,69,No,3,,3,8.0,Yes,273.43
997542,Priya Taylor,House,Outer Suburb,3,2,6,4.3,44,Yes,2,83.0,2,5.0,No,372.88
997680,Olivia Young,House,Inner Suburb,4,3,10,4.06,61,Yes,5,90.0,1,7.0,No,450.85
991781,Lucas Taylor,Apartment,Inner Suburb,1,1,4,4.52,39,No,1,55.0,1,7.0,Yes,173.69
997039,Olivia Singh,Apartment,Inner Suburb,1,2,3,4.07,6,No,0,36.0,1,5.0,Yes,179.69
990838,Chloe Wang,Townhouse,CBD,2,2,4,4.23,12,No,3,56.0,2,2.0,Yes,303.61
991188,Minh Khan,Apartment,Outer Suburb,1,2,3,4.33,28,No,5,46.0,2,4.0,Yes,211.89
994837,Zoe Patel,Townhouse,Regional,2,3,6,4.44,39,Yes,6,67.0,2,7.0,Yes,326.41
997630,Sophie Jones,House,Inner Suburb,2,2,3,4.85,177,No,2,60.0,1,5.0,No,167.54
991233,Emma Martin,Apartment,Inner Suburb,1,1,2,4.18,50,No,11,63.0,3,5.0,No,291.57
990915,Michael Ali,Townhouse,Regional,3,2,5,4.45,17,No,1,69.0,2,5.0,No,284.25
993081,Daniel White,House,CBD,3,3,7,4.59,35,Yes,6,66.0,4,5.0,Yes,413.57
996163,Minh Clark,House,CBD,3,2,5,4.41,38,Yes,12,56.0,2,4.0,Yes,476.71
990222,Henry Martin,Studio,Inner Suburb,1,1,3,4.17,46,No,0,45.0,2,4.0,No,55.52
995088,Olivia Scott,House,Outer Suburb,3,3,7,3.97,105,No,1,75.0,1,4.0,No,339.46
995818,Aisha Nguyen,Apartment,Outer Suburb,1,1,2,4.65,83,No,7,62.0,1,7.0,No,258.1
990070,David Wang,Apartment,CBD,1,2,2,3.97,72,Yes,11,50.0,3,6.0,Yes,277.56
991553,Minh Harris,House,CBD,5,3,9,4.49,34,Yes,2,96.0,3,5.0,No,430.52
997054,Samuel King,Apartment,Regional,2,2,3,,33,No,3,80.0,1,7.0,Yes,214.08
991225,Aisha Anderson,Apartment,Regional,1,1,2,4.35,64,Yes,1,53.0,3,7.0,No,216.22
996062,Mai Patel,Apartment,CBD,3,3,6,4.65,9,No,0,84.0,1,7.0,Yes,277.83
991654,Michael Walker,Apartment,Regional,1,1,2,4.44,45,Yes,8,49.0,3,6.0,No,359.09
997207,Lily Scott,Studio,Inner Suburb,1,2,1,4.23,23,No,3,52.0,2,4.0,Yes,207.94
994525,Oliver Young,Apartment,Outer Suburb,2,2,6,4.31,103,No,3,53.0,1,3.0,No,352.19
997043,Lucas Thomas,Studio,Inner Suburb,1,1,2,4.21,67,No,3,71.0,1,4.0,Yes,182.56
993659,Thomas Scott,Studio,Inner Suburb,1,1,4,4.34,152,Yes,10,43.0,2,6.0,Yes,251.1
991189,Mai Clark,Townhouse,Outer Suburb,2,1,6,4.37,9,No,1,51.0,1,4.0,No,238.65
994704,Ethan Patel,Apartment,Inner Suburb,2,3,3,4.13,58,No,3,68.0,3,5.0,Yes,291.72
995748,An Wilson,House,Regional,3,3,7,4.49,31,Yes,7,77.0,1,6.0,Yes,298.6
991807,Priya Lee,House,Inner Suburb,3,2,8,,69,Yes,6,85.0,1,10.0,Yes,375.05
997828,Emma Anderson,Townhouse,Regional,2,1,4,4.67,56,Yes,9,64.0,2,6.0,Yes,282.95
994619,Aisha Brown,Studio,Regional,1,1,3,4.93,107,Yes,4,36.0,2,3.0,No,155.53
996189,Michael Nguyen,Studio,Outer Suburb,1,1,3,4.61,46,No,4,31.0,3,3.0,No,143.32
991452,Wei Scott,House,Outer Suburb,4,2,7,4.84,38,No,1,92.0,1,5.0,No,366.05
996982,Zoe Harris,House,Outer Suburb,4,2,8,4.18,50,Yes,8,92.0,1,7.0,Yes,378.47
992061,Ava Khan,Apartment,Outer Suburb,1,2,4,4.32,7,No,1,44.0,1,4.0,Yes,141.78
990502,Lucas Harris,House,Outer Suburb,3,3,8,4.28,103,Yes,4,80.0,1,6.0,No,417.63
990677,Priya King,House,Regional,3,2,8,4.54,159,No,3,66.0,1,5.0,No,263.05
994891,Lucas Taylor,Townhouse,Outer Suburb,3,2,8,,8,No,0,,1,8.0,No,372.03
995860,Mai Chen,Townhouse,Outer Suburb,3,2,7,4.42,10,Yes,1,65.0,1,6.0,Yes,343.25
992438,Anna Ali,Studio,Inner Suburb,1,2,2,3.84,23,Yes,3,50.0,1,4.0,Yes,204.44
996373,Ben Taylor,Apartment,CBD,2,2,5,4.41,27,No,1,49.0,2,5.0,Yes,296.45
993316,Liam Khan,Apartment,CBD,1,2,2,4.31,109,No,0,67.0,2,5.0,Yes,347.67
990456,Aisha Anderson,Apartment,Outer Suburb,1,1,4,4.41,4,No,1,32.0,2,4.0,No,140.29
991415,Anna Le,House,Regional,3,2,6,4.36,48,Yes,1,68.0,1,7.0,No,302.71
990557,Amelia Scott,Townhouse,Outer Suburb,2,1,4,4.81,24,No,3,73.0,1,5.0,Yes,248.83
994301,Arjun Taylor,Townhouse,Outer Suburb,4,3,10,4.96,11,No,3,106.0,1,7.0,Yes,314.04
991707,Lucas Le,House,Inner Suburb,3,3,6,4.32,6,No,1,74.0,1,6.0,Yes,364.21
997520,Grace Thomas,House,Regional,3,2,6,4.19,16,No,3,86.0,5,5.0,Yes,275.74
995103,Noah Patel,Townhouse,Inner Suburb,3,2,6,4.28,21,No,3,53.0,2,2.0,Yes,298.76
993979,Mei Smith,Apartment,Outer Suburb,1,2,1,4.73,85,Yes,6,47.0,2,7.0,Yes,281.56
994463,Grace Wilson,House,Inner Suburb,3,2,7,4.33,4,No,2,78.0,1,7.0,Yes,314.81
997154,Ben Taylor,Apartment,CBD,1,1,2,4.2,97,No,3,48.0,1,7.0,No,203.8
992984,Henry Clark,Villa,Inner Suburb,5,3,10,4.96,87,No,4,93.0,2,7.0,No,563.0
995730,Thomas Patel,House,Outer Suburb,4,2,10,4.5,112,Yes,9,84.0,1,6.0,Yes,441.49
996650,Oliver Khan,House,Inner Suburb,2,2,3,4.52,88,Yes,4,65.0,2,8.0,Yes,348.65
996442,James Wang,House,Regional,2,2,5,4.29,143,Yes,12,68.0,3,3.0,Yes,308.4
997799,Emma Singh,House,Outer Suburb,4,3,7,4.51,68,No,2,96.0,1,8.0,No,370.72
995478,Linh Lee,Townhouse,CBD,3,2,6,4.64,59,Yes,15,75.0,4,7.0,Yes,396.02
994536,David Martin,House,CBD,4,2,7,4.47,37,No,13,102.0,1,8.0,Yes,604.38
997729,Ava Walker,Studio,Inner Suburb,1,1,1,4.27,51,Yes,2,34.0,2,3.0,Yes,173.25
993605,Michael Harris,House,Outer Suburb,5,3,10,4.49,8,No,1,108.0,1,9.0,No,432.88
991298,Arjun Thomas,Apartment,Regional,2,2,4,4.21,6,No,1,73.0,3,6.0,No,277.11
990275,Ava King,Apartment,Inner Suburb,1,1,3,4.38,32,Yes,1,60.0,2,7.0,No,210.23
997430,Henry Thomas,House,Inner Suburb,5,2,9,4.27,110,Yes,3,88.0,1,5.0,No,474.22
995118,Mei White,House,Inner Suburb,3,2,8,4.38,25,No,1,81.0,1,6.0,Yes,496.4
990307,Olivia Walker,House,Outer Suburb,3,2,8,4.59,25,No,4,66.0,2,6.0,Yes,454.88
993639,Noah Patel,Studio,Outer Suburb,1,1,3,5.0,44,No,7,43.0,1,4.0,Yes,207.04
995912,Mai Martin,Studio,Outer Suburb,1,2,4,3.89,58,No,4,65.0,4,6.0,Yes,191.34
996766,Ethan Nguyen,Studio,Regional,1,2,2,4.28,4,No,0,67.0,2,5.0,No,133.28
996530,Noah Wilson,Apartment,Outer Suburb,2,2,3,4.05,28,No,5,63.0,1,4.0,Yes,157.06
994538,Grace Scott,Villa,Inner Suburb,5,3,9,4.21,24,Yes,1,92.0,3,5.0,Yes,590.35
990983,Michael White,Townhouse,Regional,2,2,4,4.54,80,No,10,57.0,2,3.0,No,289.51
996246,Ava Tran,House,Inner Suburb,2,2,3,4.44,161,No,1,58.0,2,5.0,Yes,308.42
993450,Ethan Le,Apartment,Regional,1,2,2,5.0,9,No,3,51.0,3,8.0,Yes,234.44
994305,Anna Chen,Villa,Inner Suburb,5,3,10,4.86,6,No,3,93.0,3,6.0,Yes,614.88
990654,Amelia Wilson,Apartment,CBD,1,1,3,4.57,23,Yes,9,29.0,1,6.0,Yes,325.9
995667,Jack Jones,House,Outer Suburb,2,1,4,4.73,137,Yes,3,63.0,3,8.0,No,319.29
993691,Aisha Jones,Apartment,CBD,2,2,5,4.09,21,No,1,68.0,2,5.0,No,289.52
995846,James Martin,Studio,Outer Suburb,1,2,1,4.34,45,Yes,2,61.0,3,6.0,Yes,248.06
991661,Henry Tran,Studio,Inner Suburb,1,1,3,4.27,41,Yes,1,37.0,2,5.0,Yes,271.7
991910,Sophie Singh,Townhouse,Regional,2,2,4,3.96,67,No,5,48.0,7,5.0,Yes,345.25
995273,Arjun Singh,Studio,CBD,1,2,1,4.55,52,No,2,34.0,3,3.0,Yes,288.32
993938,Grace Tran,Apartment,Inner Suburb,1,2,2,4.95,47,No,2,43.0,4,5.0,No,186.45
994977,Emma Le,Studio,Regional,1,1,3,4.17,18,No,6,40.0,1,5.0,No,183.54
990168,Wei Harris,Apartment,Outer Suburb,3,2,6,4.73,95,No,6,68.0,1,6.0,Yes,259.32
990812,Mia Brown,Studio,CBD,1,2,2,4.53,125,No,15,62.0,1,7.0,Yes,335.07
992080,Aisha Wang,Townhouse,Outer Suburb,3,3,8,4.41,96,Yes,8,75.0,2,5.0,Yes,404.22
991009,Mia Young,Apartment,Inner Suburb,2,2,4,4.23,57,No,5,61.0,5,3.0,Yes,172.62
990718,Oliver Scott,Apartment,Outer Suburb,1,1,2,4.23,57,Yes,1,59.0,2,7.0,No,322.23
994346,Anna Wilson,Apartment,Outer Suburb,1,2,2,4.55,31,No,4,57.0,1,6.0,Yes,256.19
996340,Amelia Brown,House,Regional,3,2,7,4.79,68,Yes,4,82.0,2,7.0,Yes,321.53
994047,Lucas Harris,House,Inner Suburb,5,3,9,4.34,33,Yes,6,90.0,2,6.0,Yes,390.01
991375,Thomas Wang,Studio,Inner Suburb,1,1,2,4.21,26,Yes,0,57.0,1,5.0,No,184.11
991342,William Wang,Apartment,Regional,2,2,4,4.52,79,Yes,4,45.0,3,3.0,Yes,177.77
994325,Chloe Brown,House,Regional,3,2,7,4.89,45,Yes,6,83.0,1,6.0,No,314.81
997887,Lily Brown,Apartment,Outer Suburb,3,2,7,4.78,52,No,15,81.0,3,8.0,Yes,325.1
994973,Zoe Taylor,Apartment,Outer Suburb,1,1,2,4.54,23,No,0,54.0,1,7.0,Yes,185.73
994222,Ben Smith,Apartment,CBD,1,2,2,4.39,38,No,3,53.0,3,6.0,No,292.45
990130,Omar Brown,Townhouse,CBD,3,2,8,4.69,69,No,3,76.0,3,4.0,Yes,384.13
993604,Ava Brown,Apartment,Inner Suburb,1,1,2,4.61,44,Yes,8,45.0,2,4.0,Yes,204.96
992219,Henry Harris,Apartment,CBD,2,2,5,4.31,43,No,3,66.0,2,6.0,Yes,343.21
997036,Lily Clark,Townhouse,Outer Suburb,4,2,8,4.59,51,Yes,10,66.0,2,7.0,Yes,470.84
997400,Lily Jones,Apartment,CBD,2,1,3,4.14,49,No,1,58.0,3,3.0,No,306.8
992725,Isla Harris,Apartment,Outer Suburb,1,2,1,4.2,21,Yes,1,58.0,1,4.0,Yes,283.26
996586,Minh Young,House,Regional,3,2,8,4.31,102,Yes,5,64.0,2,4.0,Yes,442.19
997545,Lily Tran,Apartment,Outer Suburb,1,1,4,4.36,28,Yes,0,52.0,7,7.0,Yes,284.73
993367,Olivia Taylor,Apartment,Outer Suburb,2,2,4,4.3,7,No,1,41.0,2,3.0,No,173.87
996063,Mia White,House,Regional,3,3,6,4.2,144,No,2,58.0,7,3.0,Yes,394.59
995307,Liam King,Apartment,Outer Suburb,3,3,6,4.65,38,Yes,1,80.0,1,6.0,No,278.27
992201,Emma Walker,Townhouse,Outer Suburb,4,2,10,4.45,38,No,1,66.0,4,7.0,Yes,323.71
991852,Omar Walker,Townhouse,Inner Suburb,2,3,6,4.7,24,No,8,58.0,3,6.0,Yes,325.47
993570,James Khan,Studio,Outer Suburb,1,2,2,4.85,117,No,15,59.0,3,7.0,No,294.41
993084,Mei Lee,House,Regional,5,3,10,4.55,131,No,8,90.0,2,8.0,Yes,407.73
996363,Ben Tran,Apartment,CBD,2,1,6,4.8,136,Yes,5,64.0,2,7.0,Yes,366.78
992142,Emma Jones,House,Inner Suburb,2,2,5,4.27,84,No,0,55.0,1,5.0,Yes,327.95
990989,Omar Wang,Apartment,Regional,1,1,4,4.39,71,No,1,39.0,3,5.0,Yes,157.19
995083,Thomas Martin,House,Outer Suburb,5,3,10,4.15,71,Yes,6,93.0,3,9.0,Yes,407.39
991003,Mia Chen,Apartment,Outer Suburb,1,1,4,4.15,48,No,0,46.0,2,6.0,Yes,222.3
997331,Anna White,Apartment,Inner Suburb,1,1,1,4.36,47,Yes,9,48.0,4,6.0,Yes,256.28
990593,Chloe Singh,Studio,Outer Suburb,1,1,1,4.15,80,Yes,5,57.0,1,7.0,Yes,220.92
991868,Isla Taylor,House,Regional,3,2,6,4.6,11,No,4,71.0,1,6.0,No,251.34
993302,Sarah Taylor,House,CBD,5,3,10,4.52,17,Yes,1,99.0,2,9.0,Yes,466.71
997301,Ben Young,Apartment,Outer Suburb,1,1,3,4.21,2,No,0,47.0,2,5.0,Yes,150.28
997441,Mai Walker,Studio,Inner Suburb,1,2,2,4.36,15,No,0,44.0,2,5.0,Yes,234.48
991457,Noah Walker,House,Inner Suburb,3,2,6,4.3,51,Yes,15,54.0,4,4.0,No,353.73
990366,Lily Tran,Studio,Outer Suburb,1,2,2,4.4,102,Yes,15,40.0,3,3.0,No,235.08
993704,William King,Apartment,Outer Suburb,1,1,1,4.01,49,No,3,46.0,2,3.0,No,167.6
996394,Mia Jones,Studio,Regional,1,1,1,4.41,11,Yes,0,50.0,5,4.0,Yes,72.02
996748,Wei Lee,Studio,Outer Suburb,1,2,2,4.14,11,No,5,57.0,4,4.0,Yes,277.68
995180,Ethan Smith,Apartment,Outer Suburb,1,1,2,3.93,67,Yes,3,50.0,1,5.0,Yes,146.03
990060,Emily Khan,Townhouse,Regional,3,3,7,4.46,45,No,10,68.0,1,,No,297.89
996276,Ben Clark,Apartment,Inner Suburb,1,1,4,4.42,27,Yes,3,40.0,1,3.0,Yes,185.54
991459,Samuel Harris,House,Inner Suburb,3,2,8,4.27,31,Yes,1,79.0,7,7.0,No,338.24
992218,Lucas Nguyen,Townhouse,Outer Suburb,3,3,6,4.4,17,No,3,71.0,1,6.0,No,346.74
997899,Ethan Anderson,Villa,CBD,5,4,9,4.77,32,No,1,82.0,2,6.0,No,597.43
995063,Linh White,House,Outer Suburb,4,3,8,4.52,17,No,6,84.0,3,7.0,Yes,424.01
995177,Ava Ali,House,Regional,3,2,6,4.71,90,No,4,75.0,1,7.0,Yes,369.8
990058,Amelia Khan,House,Inner Suburb,5,3,10,4.61,91,Yes,8,89.0,2,6.0,Yes,492.38
997133,Henry Tran,Apartment,Outer Suburb,2,2,4,5.0,35,No,6,59.0,3,8.0,Yes,292.47
995131,Ava Ali,Studio,Inner Suburb,1,1,2,4.27,24,No,1,54.0,2,6.0,No,154.95
997851,Chloe King,House,CBD,3,2,7,4.46,24,Yes,2,87.0,2,7.0,Yes,404.28
991403,Mei Walker,Studio,CBD,1,1,2,4.28,35,No,3,57.0,3,5.0,No,196.92
997788,William Singh,Apartment,Outer Suburb,1,2,3,4.3,73,No,15,59.0,2,6.0,Yes,225.86
997288,Emma Khan,House,Outer Suburb,3,3,6,4.49,57,No,8,69.0,3,6.0,Yes,413.07
997003,Mai Clark,Apartment,Regional,3,2,7,4.61,65,Yes,9,71.0,2,6.0,No,277.11
997263,Isla Ali,House,Inner Suburb,5,3,10,4.45,76,No,1,93.0,1,7.0,Yes,458.32
993868,Samuel White,Apartment,Regional,1,2,3,,32,No,0,,5,4.0,No,188.35
991262,An Patel,Apartment,Regional,3,2,6,4.49,67,No,4,78.0,3,9.0,Yes,274.9
994473,Emily White,House,Outer Suburb,3,2,7,4.56,15,Yes,2,59.0,3,5.0,Yes,279.02
997779,Sophie Martin,Apartment,CBD,1,1,2,4.8,25,No,2,33.0,3,6.0,No,290.72
995643,David White,Townhouse,Inner Suburb,4,3,7,4.57,152,No,0,87.0,7,6.0,Yes,377.06
995914,Ethan Taylor,Townhouse,CBD,4,4,7,4.59,7,No,0,94.0,3,7.0,No,406.77
997168,Noah Harris,Apartment,Outer Suburb,1,1,1,4.28,53,Yes,6,55.0,2,6.0,Yes,334.09
992549,Sophie King,Apartment,Inner Suburb,2,2,5,4.63,25,No,2,63.0,3,7.0,No,254.92
990141,Ava Le,Apartment,Inner Suburb,2,1,4,4.25,15,No,0,50.0,1,6.0,No,250.71
996633,Samuel Scott,House,Regional,2,2,3,4.25,46,No,11,41.0,1,4.0,Yes,299.24
991614,Mei Ali,Apartment,CBD,2,1,5,4.6,36,No,4,75.0,2,8.0,No,262.83
993966,Emma Thomas,Apartment,Outer Suburb,1,2,1,3.97,34,No,6,49.0,7,5.0,No,196.17
994119,Michael Jones,Apartment,Outer Suburb,1,2,4,4.72,41,No,3,51.0,1,5.0,No,309.53
992226,Ava Young,Apartment,CBD,2,2,6,4.78,32,Yes,1,67.0,1,6.0,Yes,291.4
991866,Jack Lee,House,CBD,4,2,9,4.68,58,Yes,5,84.0,1,6.0,No,487.45
994250,Ethan Walker,Townhouse,CBD,3,2,7,4.32,20,No,6,81.0,1,6.0,No,313.92
997320,Linh Young,Townhouse,Inner Suburb,2,2,6,3.96,64,No,1,53.0,1,3.0,Yes,363.28
993320,Chloe Chen,House,Outer Suburb,3,2,8,4.34,47,Yes,7,64.0,2,7.0,Yes,384.69
990385,Grace Thomas,House,Inner Suburb,5,4,10,4.81,73,No,9,119.0,2,8.0,No,506.04
990972,Omar Chen,House,CBD,5,3,10,4.31,44,No,3,87.0,1,5.0,Yes,452.51
991783,Noah Jones,Villa,Outer Suburb,3,2,7,4.45,17,No,1,76.0,2,6.0,Yes,354.73
990075,Jack White,House,CBD,2,2,6,4.37,103,Y,4,71.0,2,5.0,No,281.26
997113,Jack Smith,House,Regional,3,3,5,4.34,72,No,7,59.0,2,4.0,No,321.83
997180,Jack Taylor,Apartment,Inner Suburb,2,1,4,4.61,38,No,15,60.0,7,6.0,No,276.71
996728,Liam Wang,House,Regional,4,2,9,4.07,45,No,0,86.0,3,7.0,Yes,367.04
991936,Grace Singh,Apartment,Outer Suburb,2,3,5,4.38,24,No,3,41.0,1,4.0,No,258.99
992360,Michael Young,House,CBD,2,2,5,4.52,55,No,3,58.0,1,6.0,No,286.0
992006,Sarah Thomas,Apartment,CBD,1,2,2,4.18,40,Yes,3,53.0,1,3.0,No,207.89
996310,Mai Singh,Apartment,Inner Suburb,3,2,5,4.73,44,Yes,6,67.0,2,6.0,No,377.71
995955,Zoe Harris,Townhouse,Outer Suburb,3,2,5,4.0,23,No,1,66.0,1,4.0,No,328.49
993140,Mei Wang,Townhouse,Inner Suburb,4,2,7,4.14,33,Yes,3,89.0,2,7.0,Yes,405.51
992392,Liam Walker,Apartment,Inner Suburb,2,3,6,4.27,11,No,2,63.0,2,4.0,No,379.77
994920,Samuel Chen,Apartment,Outer Suburb,1,1,2,4.24,53,Yes,1,36.0,3,5.0,No,193.88
990438,Noah Wilson,Studio,Regional,1,2,2,4.52,25,No,6,61.0,2,5.0,Yes,168.89
996148,Hannah Taylor,Apartment,Inner Suburb,2,2,6,4.43,40,No,7,52.0,1,5.0,No,335.64
995637,Michael Anderson,Apartment,CBD,1,2,2,,41,No,5,40.0,2,1.0,Yes,306.3
997378,Emily Anderson,Apartment,Inner Suburb,1,1,2,4.29,95,Yes,13,48.0,3,6.0,Yes,356.86
992996,Thomas Wilson,Apartment,CBD,1,1,2,4.92,110,No,15,55.0,3,6.0,No,248.44
997659,Olivia Smith,Apartment,Inner Suburb,1,1,2,4.45,54,Yes,6,51.0,2,7.0,Yes,217.94
990664,Ava Chen,House,CBD,3,3,6,4.62,31,Yes,4,73.0,1,7.0,No,495.91
990477,Oliver Ali,Villa,CBD,5,3,10,4.85,205,No,0,110.0,7,9.0,Yes,710.82
992792,Olivia Walker,Apartment,CBD,2,2,6,4.34,67,No,0,44.0,1,4.0,No,363.1
991351,Chloe Chen,Apartment,Inner Suburb,1,1,1,4.31,57,No,3,50.0,2,4.0,No,188.17
997431,Michael Walker,House,CBD,4,3,7,4.7,92,No,1,90.0,1,6.0,No,429.96
992586,David Thomas,Apartment,Regional,3,2,8,4.36,0,No,0,86.0,3,6.0,Yes,245.63
996315,Isla Jones,Townhouse,Inner Suburb,4,2,10,4.32,38,Yes,0,100.0,1,9.0,Yes,355.56
994427,Anna White,Apartment,CBD,1,1,3,4.55,49,Yes,0,39.0,1,4.0,Yes,248.85
995512,Mei Jones,Apartment,CBD,2,2,4,4.68,12,No,2,63.0,1,6.0,No,416.51
997363,Ava Chen,Apartment,Inner Suburb,1,2,4,4.84,96,Yes,13,58.0,2,6.0,No,301.64
995850,James Wang,House,Inner Suburb,4,3,10,4.13,21,Yes,1,79.0,2,3.0,No,413.65
990176,Mei Wilson,Apartment,CBD,2,2,5,4.74,39,No,1,57.0,1,5.0,Yes,333.55
994665,Sarah King,House,CBD,3,2,7,4.27,21,No,10,67.0,2,3.0,Yes,478.57
990218,Hannah Smith,Villa,CBD,4,2,9,4.17,74,Yes,4,82.0,1,9.0,No,455.28
991596,Isla Smith,House,Inner Suburb,3,2,7,4.49,72,Yes,8,67.0,3,7.0,Yes,438.45
994888,Emily Harris,Townhouse,Inner Suburb,3,2,6,4.45,44,Yes,3,63.0,1,5.0,Yes,325.84
996818,William Ali,Apartment,Regional,2,2,4,4.29,42,No,3,75.0,2,10.0,No,235.57
995976,Ethan Khan,Townhouse,CBD,2,3,4,4.72,161,Yes,6,86.0,2,5.0,Yes,381.32
996537,Priya Walker,Studio,CBD,1,2,2,4.77,31,No,1,56.0,1,6.0,No,268.11
996886,Zoe Patel,Apartment,Outer Suburb,1,1,4,4.26,30,No,5,39.0,1,4.0,Yes,136.98
991795,Samuel Singh,Apartment,Regional,1,1,1,4.57,112,No,2,50.0,5,5.0,Yes,236.75
995827,Sarah Wang,House,Outer Suburb,3,3,8,4.32,97,No,2,82.0,1,7.0,Yes,334.71
991591,Arjun Le,Apartment,Inner Suburb,1,2,3,4.33,5,No,1,50.0,1,6.0,No,345.0
994912,Michael Taylor,House,CBD,4,3,8,4.74,57,Yes,1,94.0,3,7.0,Yes,524.83
993917,Mia Scott,House,Inner Suburb,4,3,7,4.24,14,No,1,93.0,3,7.0,Yes,359.17
990209,Liam Khan,Apartment,CBD,1,2,1,4.34,5,No,1,42.0,10,5.0,No,278.18
993683,Mai Smith,Apartment,CBD,2,2,3,4.4,12,No,1,48.0,1,5.0,No,342.52
992513,Emily Taylor,Apartment,Outer Suburb,1,2,3,,20,No,3,,1,2.0,No,233.42
992855,Mei Ali,Townhouse,Regional,2,2,6,4.37,23,No,6,61.0,3,7.0,Yes,235.95
997919,Hannah Walker,Studio,Inner Suburb,1,1,2,4.45,77,Yes,4,40.0,1,5.0,Yes,265.59
991509,Ethan Harris,Townhouse,Inner Suburb,3,2,7,5.0,9,No,4,77.0,3,7.0,Yes,466.79
993203,Daniel White,House,CBD,2,2,3,4.5,4,No,1,72.0,3,9.0,No,374.64
997579,Aisha Wang,Apartment,Inner Suburb,2,1,4,4.56,33,No,4,71.0,2,8.0,No,278.73
993521,Lucas Ali,House,Regional,3,2,7,4.71,57,No,6,76.0,1,8.0,Yes,269.38
993026,Priya Singh,House,CBD,3,2,8,4.36,66,No,0,63.0,2,5.0,Yes,462.38
990338,Mia Wilson,Apartment,Inner Suburb,1,1,4,4.74,21,No,1,57.0,1,4.0,No,219.58
991695,Mai Khan,Studio,Outer Suburb,1,1,2,3.83,69,Yes,2,50.0,1,5.0,No,151.23
991164,Wei Singh,House,Inner Suburb,3,3,6,,63,No,0,82.0,3,8.0,No,387.1
990665,Omar Nguyen,Apartment,Outer Suburb,2,1,6,4.42,46,No,2,78.0,1,7.0,Yes,275.4
991152,James King,Apartment,Inner Suburb,1,1,2,4.39,145,No,1,48.0,1,6.0,Yes,129.33
995954,Omar Anderson,Apartment,Regional,1,2,3,4.87,57,Yes,3,48.0,1,,Yes,221.22
990063,Ethan Scott,Studio,Outer Suburb,1,1,2,4.42,44,No,1,61.0,2,6.0,No,160.75
996099,Ava Le,Townhouse,Inner Suburb,3,2,8,4.84,59,Yes,11,79.0,2,,No,368.57
994874,Chloe Taylor,Studio,Inner Suburb,1,2,4,3.98,39,No,3,52.0,1,3.0,Yes,195.5
996199,James Wang,Apartment,Outer Suburb,1,1,2,3.38,56,No,7,53.0,1,8.0,Yes,141.86
997602,Isla Ali,Apartment,CBD,2,1,4,4.34,3,No,0,53.0,2,6.0,No,316.61
994492,Zoe Jones,Townhouse,CBD,3,2,6,4.45,22,No,3,57.0,3,1.0,Yes,284.82
990087,Jack Clark,Apartment,Inner Suburb,3,2,6,4.81,14,No,2,86.0,2,6.0,Yes,255.23
991625,Daniel Anderson,Villa,Regional,3,3,6,4.35,46,No,10,82.0,2,6.0,Yes,358.66
993709,Noah Taylor,Apartment,CBD,2,2,4,4.63,31,No,3,48.0,5,4.0,No,368.14
991960,Linh Wilson,Apartment,Outer Suburb,1,2,3,4.52,96,Yes,4,42.0,1,8.0,Yes,157.47
997184,Amelia Jones,Studio,Outer Suburb,1,1,3,4.16,33,No,5,59.0,3,5.0,No,215.33
996422,Emma Smith,House,Inner Suburb,4,3,9,4.61,8,No,2,75.0,2,3.0,Yes,386.47
996730,Michael Smith,House,Regional,3,3,6,4.6,33,No,1,82.0,4,9.0,Yes,443.01
997605,Chloe Wang,Apartment,Outer Suburb,1,1,2,4.48,249,Yes,12,60.0,1,5.0,No,283.89
996680,Hannah Wang,Studio,Outer Suburb,1,1,1,4.28,35,Yes,2,60.0,2,9.0,No,216.35
997513,Noah Chen,House,CBD,2,2,5,4.08,29,No,10,66.0,4,5.0,Yes,361.99
991421,Mei Young,Townhouse,CBD,3,3,6,4.32,40,No,1,65.0,2,5.0,No,329.59
991397,Isla Martin,House,CBD,4,2,8,4.42,96,No,2,70.0,3,4.0,Yes,396.4
992154,Lucas Patel,Studio,Regional,1,2,1,4.51,8,No,1,45.0,1,5.0,Yes,206.84
993858,Ethan Ali,Apartment,Regional,2,2,4,4.15,33,No,15,67.0,2,6.0,Yes,211.36
990830,Lucas Clark,Villa,Outer Suburb,3,3,7,4.73,39,No,0,62.0,3,6.0,Yes,345.98
992291,Sophie Walker,Apartment,CBD,1,2,3,4.01,69,No,1,39.0,4,5.0,Yes,262.92
995422,Emma Martin,Townhouse,Outer Suburb,3,2,6,4.43,47,No,3,65.0,1,4.0,No,292.53
993757,Omar Harris,Apartment,Inner Suburb,1,2,2,4.35,41,No,0,50.0,2,3.0,Yes,269.13
992706,Jack Khan,Apartment,Inner Suburb,1,1,4,,50,Yes,7,,2,6.0,Yes,285.26
994070,Olivia Taylor,Apartment,Inner Suburb,2,2,4,4.64,50,Yes,2,65.0,1,6.0,Yes,243.94
996772,Liam Wang,Apartment,Outer Suburb,2,2,5,4.27,31,No,0,63.0,3,5.0,Yes,266.25
993219,Grace Ali,House,Outer Suburb,4,3,8,4.21,12,No,5,69.0,1,4.0,Yes,396.94
994281,Jack Jones,Villa,Outer Suburb,2,2,4,4.46,71,No,7,67.0,1,6.0,Yes,343.67
990006,Wei Clark,Townhouse,Regional,3,3,5,4.88,63,No,3,74.0,7,4.0,No,176.99
991913,Hannah Scott,Studio,Inner Suburb,1,1,4,4.02,42,No,0,58.0,1,6.0,Yes,253.07
991108,Olivia Thomas,House,Regional,3,1,7,4.38,50,Yes,7,62.0,5,6.0,Yes,381.11
990440,Aisha Scott,Studio,CBD,1,1,2,4.09,103,Yes,6,50.0,2,6.0,No,136.04
995198,Henry Clark,Apartment,Outer Suburb,1,1,2,,46,No,5,,1,6.0,No,124.23
996740,Samuel Nguyen,Apartment,Outer Suburb,1,1,2,4.45,156,Yes,3,47.0,1,5.0,No,158.31
995464,Sophie Young,Studio,CBD,1,2,2,4.49,29,No,9,62.0,1,5.0,Yes,274.71
995528,Liam Khan,Apartment,Inner Suburb,1,1,4,4.66,37,Yes,0,38.0,5,5.0,No,179.81
994550,Emily Patel,House,CBD,2,2,4,4.25,28,No,2,60.0,2,5.0,Yes,332.22
995292,David Clark,Studio,Inner Suburb,1,1,2,4.57,26,No,3,28.0,2,4.0,Yes,179.49
995066,Wei Scott,Villa,Outer Suburb,5,3,10,4.72,11,No,2,96.0,3,5.0,No,469.5
990160,Wei Clark,Studio,Regional,1,1,2,4.0,14,No,5,51.0,2,2.0,Yes,111.65
995204,Emily Martin,House,Inner Suburb,3,2,5,4.72,49,Yes,7,66.0,1,6.0,Yes,359.83
995370,Zoe Wilson,Villa,CBD,2,1,4,4.61,168,No,1,62.0,5,8.0,Yes,402.45
992707,Lucas Jones,Apartment,Inner Suburb,1,2,2,4.02,82,No,10,41.0,2,6.0,No,231.43
993178,Daniel Jones,House,Inner Suburb,4,3,10,4.13,11,No,7,94.0,1,5.0,No,504.05
995390,James Nguyen,Apartment,Outer Suburb,1,2,2,4.63,79,Yes,0,54.0,10,6.0,No,127.01
990935,Hannah Wilson,Apartment,Outer Suburb,1,1,4,4.66,32,No,3,43.0,1,6.0,Yes,249.14
993643,Sarah Tran,Apartment,Outer Suburb,1,1,2,4.54,13,No,2,49.0,2,8.0,Yes,173.42
992098,David Jones,Apartment,Inner Suburb,1,1,3,5.0,53,No,0,45.0,1,7.0,Yes,132.36
996210,William Patel,House,Outer Suburb,3,3,6,3.94,54,Yes,7,60.0,7,4.0,No,442.9
994201,An Nguyen,Apartment,Regional,1,2,1,4.58,27,No,0,42.0,2,5.0,Yes,197.08
996015,Noah Wilson,Apartment,CBD,1,2,1,4.6,33,Yes,0,59.0,2,5.0,Yes,289.7
992992,Lily Thomas,Apartment,Inner Suburb,2,1,4,4.89,173,Yes,8,57.0,1,6.0,No,329.24
990622,An Nguyen,Studio,CBD,1,2,2,4.61,42,Yes,5,42.0,1,3.0,Yes,256.75
993914,David Martin,Studio,CBD,1,2,4,4.07,31,No,6,48.0,3,5.0,Yes,219.11
994861,James Chen,Townhouse,CBD,4,2,7,4.34,15,No,4,89.0,1,5.0,Yes,382.29
993872,William White,Apartment,Inner Suburb,1,1,4,4.61,21,No,5,45.0,5,7.0,Yes,244.67
994778,Oliver Tran,House,Inner Suburb,4,2,9,4.87,39,Yes,4,72.0,1,7.0,Yes,433.11
997795,Noah Walker,Villa,Inner Suburb,5,3,10,,64,No,2,,2,8.0,No,559.78
994011,An Khan,House,Inner Suburb,3,2,7,4.58,45,Yes,5,68.0,2,6.0,Yes,349.94
994394,Zoe Anderson,Apartment,Outer Suburb,1,1,4,4.51,15,No,1,45.0,2,5.0,No,227.07
992560,William King,Studio,Outer Suburb,1,2,1,5.0,40,Yes,1,47.0,3,8.0,No,218.26
993869,Hannah Scott,House,CBD,3,2,7,4.44,19,No,3,53.0,7,5.0,Yes,455.68
994248,Isla Harris,Villa,CBD,5,3,10,4.87,45,Yes,3,114.0,1,9.0,Yes,639.29
994651,Emma Harris,Apartment,CBD,2,2,3,4.25,38,Yes,5,57.0,2,7.0,Yes,434.99
991590,Zoe Patel,Townhouse,Regional,3,2,5,4.27,14,No,2,55.0,1,4.0,Yes,343.26
990559,Aisha Thomas,Townhouse,Inner Suburb,3,2,5,4.4,32,No,2,97.0,4,6.0,Yes,442.13
991512,Ben Khan,Villa,Outer Suburb,3,3,7,4.69,41,No,2,86.0,1,8.0,Yes,349.9
990235,Liam Clark,House,CBD,3,2,6,4.72,88,Yes,5,83.0,3,5.0,Yes,478.23
993507,Sophie Nguyen,Studio,Regional,1,1,4,4.47,119,Yes,1,49.0,3,7.0,Yes,177.09
996884,Emma Walker,Apartment,Regional,1,1,3,4.5,1,No,1,72.0,3,8.0,No,268.55
995150,David Ali,Apartment,CBD,2,2,6,4.59,61,No,0,76.0,2,8.0,Yes,312.26
991540,Ava Taylor,Apartment,Inner Suburb,1,1,3,4.47,43,No,1,83.0,2,8.0,No,264.15
993163,Sarah King,Studio,Inner Suburb,1,2,2,4.73,57,Yes,4,54.0,3,4.0,No,163.32
993563,Sophie Lee,Apartment,Outer Suburb,2,3,4,4.52,30,Yes,1,66.0,2,4.0,Yes,274.85
990117,Chloe Khan,Apartment,Outer Suburb,1,1,1,4.14,21,No,2,51.0,3,6.0,No,193.58
996925,James Taylor,Apartment,Outer Suburb,1,1,2,4.79,39,Yes,0,67.0,1,5.0,No,154.93
992345,Minh Lee,Villa,Inner Suburb,2,3,3,4.59,20,Yes,1,60.0,1,4.0,No,432.5
997474,Wei Singh,Studio,Inner Suburb,1,1,4,4.29,34,Yes,1,57.0,3,,No,179.21
992114,Ben Brown,Studio,Outer Suburb,1,1,2,4.31,8,No,2,30.0,1,3.0,Yes,195.97
995465,Zoe Wang,House,Inner Suburb,2,2,6,4.02,26,No,0,81.0,1,7.0,Yes,345.33
996410,Mai Scott,Studio,Inner Suburb,1,2,1,4.46,42,Yes,0,36.0,2,5.0,Yes,194.67
993564,Sarah Young,Apartment,Outer Suburb,1,2,3,4.67,56,Yes,2,55.0,3,5.0,No,209.91
992752,Daniel Khan,Apartment,Regional,2,1,3,4.64,35,Yes,4,62.0,3,8.0,No,237.58
994687,Jack Thomas,House,Inner Suburb,3,2,6,4.63,68,No,4,78.0,1,5.0,Yes,385.62
994936,Linh Wang,Townhouse,CBD,3,3,8,4.15,81,No,0,78.0,3,6.0,Yes,318.93
996470,Jack Harris,Apartment,Inner Suburb,2,2,5,4.27,21,No,3,53.0,2,5.0,No,333.44
997029,David Thomas,Apartment,Regional,2,2,6,4.04,101,Yes,9,54.0,3,3.0,Yes,210.51
997891,Emily Ali,Apartment,CBD,2,1,3,4.51,6,No,1,68.0,5,7.0,No,294.25
995929,Liam Taylor,Apartment,CBD,3,2,8,4.49,40,Yes,3,56.0,7,3.0,No,395.31
997243,Liam Jones,Apartment,Regional,2,3,4,4.49,46,No,11,77.0,3,9.0,No,311.32
992194,Omar Anderson,Apartment,Regional,1,1,3,4.38,57,Yes,4,54.0,7,5.0,Yes,142.14
994032,Jack Clark,Apartment,Outer Suburb,1,2,1,,41,Yes,3,,1,5.0,No,198.87
994087,Lily Chen,House,Inner Suburb,2,2,5,4.5,3,No,1,81.0,1,8.0,Yes,348.26
995410,Daniel Clark,House,CBD,4,2,8,4.57,11,No,1,93.0,1,8.0,No,451.04
992195,James Harris,Apartment,Inner Suburb,2,2,5,4.68,18,No,9,78.0,4,7.0,No,270.04
996519,Priya Brown,Apartment,Regional,2,2,4,4.01,68,No,7,43.0,1,4.0,Yes,184.27
996336,Isla Le,Townhouse,Regional,3,2,6,4.36,35,Yes,4,70.0,1,6.0,Yes,302.39
993117,Amelia Young,House,Inner Suburb,4,4,7,4.5,40,No,8,97.0,3,6.0,No,426.41
997390,Noah Smith,Apartment,Outer Suburb,1,2,4,4.66,36,No,0,61.0,3,7.0,Yes,181.18
996545,Mei Patel,House,Inner Suburb,5,3,9,4.57,22,No,2,100.0,3,8.0,Yes,543.45
995361,Mia Clark,House,Regional,3,2,7,4.45,19,No,3,69.0,3,5.0,No,275.16
994063,Henry Anderson,Apartment,CBD,1,2,2,4.29,29,Yes,1,48.0,7,5.0,No,201.98
995122,Linh Lee,Townhouse,CBD,4,2,9,4.58,105,Yes,1,78.0,1,5.0,Yes,560.89
991607,Emma Chen,House,Inner Suburb,4,4,10,3.94,63,Yes,4,72.0,5,5.0,No,407.58
993974,An Wilson,Townhouse,CBD,4,3,8,4.11,65,Yes,7,85.0,1,7.0,No,464.95
991312,James Martin,Apartment,Inner Suburb,1,1,4,4.0,14,No,9,46.0,1,5.0,No,257.08
994752,Thomas Walker,Studio,Outer Suburb,1,1,1,4.5,28,Yes,0,38.0,1,5.0,Yes,224.95
997588,Emma Wilson,Apartment,CBD,2,2,4,4.74,12,No,1,80.0,7,7.0,Yes,315.91
990324,Jack Chen,Townhouse,CBD,3,2,6,,72,No,7,,2,6.0,Yes,391.2
994323,Mai Taylor,Apartment,CBD,1,2,2,4.61,120,No,5,56.0,1,7.0,No,343.88
990284,Ben Clark,Apartment,Regional,3,3,6,4.39,27,No,3,85.0,1,6.0,Yes,327.07
993154,Mia Ali,House,CBD,3,2,6,4.48,4,No,2,66.0,1,6.0,Yes,463.22
995984,Daniel Jones,Studio,Inner Suburb,1,2,4,,53,No,0,,2,2.0,Yes,172.99
996979,Daniel Le,Studio,Regional,1,1,2,4.43,38,Yes,0,47.0,1,6.0,No,128.72
994649,Samuel Scott,Apartment,CBD,2,2,3,4.05,43,Yes,9,57.0,1,6.0,No,367.14
997447,Samuel Clark,Townhouse,CBD,2,2,5,4.57,41,Yes,5,67.0,1,8.0,Yes,335.7
994965,Sophie Jones,House,Regional,4,3,8,4.49,35,Yes,1,102.0,7,9.0,Yes,288.36
995952,Emily White,Apartment,Regional,1,2,2,3.78,30,No,2,43.0,4,4.0,Yes,62.63
994944,William Martin,House,Regional,3,2,7,,48,No,7,78.0,1,7.0,Yes,282.87
990759,Wei Patel,House,Outer Suburb,3,3,7,4.35,48,No,3,56.0,2,4.0,No,379.13
994005,Linh Singh,Apartment,Outer Suburb,3,2,8,3.77,100,Yes,2,51.0,3,3.0,Yes,198.86
996356,Priya Martin,Apartment,CBD,2,1,4,4.16,20,No,2,64.0,2,6.0,No,282.57
993167,Mai Brown,Apartment,Inner Suburb,1,1,4,4.34,14,No,3,66.0,1,8.0,Yes,245.33
996447,Sarah Walker,Apartment,CBD,1,1,1,4.58,14,No,0,52.0,1,,No,219.33
997787,Noah Tran,Apartment,CBD,1,1,1,4.57,14,No,2,36.0,2,3.0,No,247.7
994630,Ben Brown,House,Outer Suburb,3,3,5,4.24,144,No,12,67.0,14,3.0,Yes,299.89
995543,Sophie Singh,House,Inner Suburb,2,2,3,4.06,56,Yes,2,59.0,2,7.0,No,306.97
990968,Grace Singh,Studio,Outer Suburb,1,2,2,4.31,31,No,0,35.0,1,1.0,No,55.81
994340,James Scott,Apartment,CBD,1,2,4,4.44,105,No,7,26.0,3,3.0,Yes,211.67
991529,Amelia Patel,House,Outer Suburb,5,4,10,4.22,21,No,1,98.0,3,8.0,Yes,364.54
997210,Grace Tran,Townhouse,CBD,3,2,8,4.42,39,No,0,86.0,5,7.0,Yes,426.05
996698,William Nguyen,Townhouse,CBD,4,3,7,4.92,31,Yes,2,88.0,2,8.0,Yes,431.04
997105,Sophie Taylor,House,Outer Suburb,5,4,10,4.98,47,Yes,7,107.0,2,8.0,No,432.12
994818,Emma Smith,House,Inner Suburb,3,3,5,4.6,23,No,1,84.0,1,6.0,Yes,327.47
993105,Anna Scott,Townhouse,Outer Suburb,3,1,5,4.97,81,Yes,4,69.0,1,5.0,Yes,376.99
990139,Minh Lee,Studio,Outer Suburb,1,1,1,4.0,64,No,7,41.0,2,6.0,Yes,159.57
995581,Grace White,Townhouse,Inner Suburb,3,2,7,4.58,45,No,5,53.0,5,6.0,Yes,400.16
997958,An White,House,Inner Suburb,3,3,8,4.8,140,Yes,5,70.0,2,5.0,No,379.85
990857,Olivia Scott,House,Outer Suburb,4,2,10,4.77,71,Yes,11,61.0,3,6.0,Yes,398.43
993944,Wei Clark,House,Regional,3,2,5,4.21,24,No,8,98.0,2,7.0,Yes,343.38
991990,Daniel Le,Townhouse,CBD,2,2,4,,22,No,1,,2,3.0,Yes,210.15
994532,Sarah Young,Apartment,Regional,1,1,4,4.76,46,No,5,62.0,2,6.0,Yes,220.28
990537,Ava Lee,Studio,CBD,1,2,4,4.22,6,No,1,49.0,3,5.0,Yes,207.99
997274,Liam Wang,Studio,Outer Suburb,1,1,2,3.86,53,No,1,47.0,2,3.0,Yes,108.38
997976,Aisha Clark,House,Outer Suburb,3,3,7,4.83,41,No,2,69.0,2,5.0,No,441.65
990291,Jack White,House,CBD,3,2,6,,156,No,6,,1,5.0,Yes,384.93
990197,Wei White,Apartment,CBD,1,2,1,4.09,57,No,2,47.0,1,7.0,Yes,277.55
995879,James Walker,Townhouse,Outer Suburb,2,2,4,4.57,65,Yes,5,54.0,1,5.0,Yes,333.98
990373,William Smith,Apartment,Outer Suburb,2,3,4,4.25,73,Yes,3,69.0,3,7.0,Yes,237.67
995978,Samuel Harris,House,Inner Suburb,5,3,10,4.59,63,No,0,97.0,3,8.0,Yes,520.64
992016,Liam Khan,Apartment,Outer Suburb,1,1,4,4.3,49,No,4,49.0,5,6.0,Yes,138.27
995438,Linh Brown,House,Outer Suburb,4,3,8,4.49,20,No,5,77.0,1,5.0,No,454.09
996399,Zoe Wilson,House,Inner Suburb,3,2,5,4.37,36,Yes,1,72.0,2,5.0,No,299.23
991630,Mia Le,Studio,Outer Suburb,1,1,2,3.88,75,No,15,43.0,2,4.0,No,211.4
995550,Henry Jones,Apartment,Outer Suburb,3,2,5,4.24,51,No,4,79.0,1,,Yes,427.8
994385,Wei White,Apartment,CBD,1,1,2,4.28,22,Yes,2,33.0,2,3.0,Yes,219.93
995476,Michael Smith,Apartment,Outer Suburb,1,1,2,4.2,67,No,7,41.0,2,6.0,No,170.86
994082,Jack Thomas,House,Inner Suburb,4,2,10,4.43,35,Yes,3,78.0,2,7.0,Yes,461.64
997252,Ben Ali,Apartment,Inner Suburb,1,2,4,4.61,40,Yes,7,67.0,1,6.0,No,322.65
996543,Oliver Anderson,Apartment,Outer Suburb,2,2,6,4.53,56,No,0,69.0,2,5.0,No,235.95
990824,Lucas Smith,Apartment,Inner Suburb,1,1,2,4.41,37,Yes,2,42.0,3,3.0,Yes,263.87
993506,William Khan,Villa,Inner Suburb,3,2,6,4.36,58,No,0,78.0,1,4.0,Yes,607.45
994813,Michael Clark,House,Outer Suburb,3,2,7,4.37,24,No,1,72.0,7,4.0,Yes,336.95
993478,Aisha Clark,Apartment,Regional,1,1,4,4.07,29,No,8,51.0,5,4.0,No,154.21
991280,Amelia Clark,Apartment,Inner Suburb,1,1,2,4.34,19,No,1,63.0,1,6.0,Yes,343.86
990102,Emily Jones,Studio,CBD,1,2,1,4.39,1,No,1,40.0,1,5.0,Yes,253.88
993963,Grace Clark,Apartment,CBD,1,1,3,4.18,41,No,2,42.0,4,3.0,No,191.64
996927,Priya Harris,Apartment,Outer Suburb,3,2,6,4.23,11,No,3,74.0,2,3.0,Yes,171.43
991380,Mai Le,Studio,CBD,1,2,2,4.37,46,No,1,29.0,3,2.0,Yes,295.01
990850,David Smith,Apartment,Outer Suburb,3,2,6,4.61,21,No,10,77.0,1,7.0,Yes,364.42
997345,Mei Smith,Apartment,CBD,1,2,2,4.61,22,No,2,52.0,2,6.0,Yes,245.2
994640,David Taylor,House,Inner Suburb,4,2,8,4.25,24,Yes,5,92.0,4,8.0,No,532.49
994524,Lily Nguyen,Townhouse,Outer Suburb,3,2,8,4.52,19,No,1,63.0,3,7.0,No,318.15
993550,Wei Nguyen,Apartment,Outer Suburb,1,1,1,4.72,37,Yes,5,48.0,7,5.0,Yes,128.95
993863,Hannah Walker,Studio,Inner Suburb,1,2,2,4.15,8,No,3,44.0,2,5.0,Yes,131.57
993119,Sarah Khan,Townhouse,Outer Suburb,2,1,4,4.27,29,No,13,55.0,1,4.0,Yes,298.92
997549,James Lee,House,Inner Suburb,2,1,4,4.09,84,No,0,56.0,1,5.0,No,299.92
990273,Henry Chen,Townhouse,CBD,2,2,6,4.64,45,Yes,9,65.0,3,4.0,Yes,374.12
996436,Mei Patel,Villa,Inner Suburb,3,3,6,4.63,43,Y,4,85.0,1,9.0,No,449.08
993248,Arjun Smith,Apartment,Inner Suburb,1,2,2,4.04,30,Yes,2,51.0,1,5.0,Yes,241.33
993260,Samuel Wang,House,CBD,4,3,8,4.49,73,Yes,10,97.0,3,9.0,Yes,606.79
996822,Emily Smith,Apartment,CBD,2,2,5,4.72,85,No,0,70.0,1,7.0,Yes,276.16
992846,Chloe Brown,Villa,Regional,4,2,10,4.64,35,No,3,80.0,1,4.0,Yes,418.95
991125,Anna Chen,House,CBD,3,2,8,4.36,51,Yes,9,66.0,2,4.0,Yes,485.19
995306,Linh Harris,Studio,Outer Suburb,1,2,2,4.57,33,No,10,62.0,1,5.0,No,248.56
993522,Jack Jones,Apartment,Regional,1,1,2,4.02,22,No,6,49.0,1,6.0,Yes,227.77
991099,William Nguyen,Apartment,Outer Suburb,2,2,5,4.76,46,Yes,12,48.0,1,7.0,No,378.27
996117,Noah Scott,Apartment,Inner Suburb,1,2,1,4.53,82,Yes,3,52.0,1,5.0,Yes,247.8
991263,Mia Singh,Townhouse,Regional,3,2,6,4.6,101,Yes,13,84.0,1,,Yes,426.86
995825,Emily Chen,Villa,Outer Suburb,4,2,9,5.0,43,Yes,4,88.0,1,9.0,Yes,460.77
995765,Hannah Le,House,CBD,4,3,9,4.66,149,No,14,90.0,1,7.0,Yes,465.98
996031,David Le,Studio,Inner Suburb,1,1,4,4.55,81,Yes,0,35.0,2,4.0,Yes,151.16
994019,Lily Thomas,Apartment,Outer Suburb,2,2,4,4.37,7,No,1,51.0,4,5.0,Yes,250.23
995274,Samuel Young,Studio,Outer Suburb,1,2,2,4.67,186,No,4,58.0,2,7.0,Yes,175.74
992714,Ethan Singh,House,Inner Suburb,3,2,8,4.59,158,Yes,13,80.0,1,7.0,No,415.33
992991,Oliver Scott,Apartment,Outer Suburb,2,2,4,4.55,110,Yes,1,66.0,1,7.0,Yes,353.7
996546,Amelia White,Apartment,Outer Suburb,3,2,8,4.48,56,Yes,2,63.0,4,6.0,Yes,298.56
995862,Chloe Anderson,Apartment,Regional,1,2,2,4.38,42,Yes,8,81.0,2,6.0,Yes,157.8
994957,Daniel Thomas,House,Regional,4,3,10,4.26,78,Yes,13,86.0,1,7.0,Yes,489.14
991266,An Anderson,Townhouse,CBD,3,2,7,4.4,18,No,1,66.0,2,3.0,No,405.44
992469,Liam King,House,Outer Suburb,4,2,10,4.85,83,Yes,2,69.0,2,6.0,No,372.4
992807,Henry Nguyen,Apartment,Outer Suburb,1,2,2,4.09,105,Yes,3,39.0,1,2.0,Yes,226.85
994997,Jack King,Apartment,Outer Suburb,1,1,2,4.68,57,Yes,7,71.0,3,8.0,Yes,221.87
991763,Hannah Young,Apartment,CBD,1,1,1,3.68,21,No,1,41.0,5,4.0,No,256.67
994598,Michael Ali,Apartment,Outer Suburb,1,2,2,4.59,52,Yes,3,58.0,1,6.0,No,276.59
995142,Chloe Wang,House,Inner Suburb,2,1,5,4.75,60,Yes,4,58.0,1,5.0,Yes,344.19
991471,Zoe Young,Apartment,Regional,2,2,3,4.4,17,No,8,80.0,1,7.0,No,271.61
990473,Omar Martin,Apartment,CBD,1,2,4,4.46,88,Yes,1,60.0,1,4.0,Yes,310.37
990867,Lucas Ali,Townhouse,Inner Suburb,2,2,3,4.34,47,No,4,68.0,1,5.0,Yes,240.27
997296,Arjun Wilson,Studio,Inner Suburb,1,1,4,4.42,69,Yes,15,48.0,3,3.0,No,274.76
993850,Henry Chen,Apartment,Regional,3,3,6,3.69,47,No,2,66.0,1,2.0,Yes,226.59
990509,Emma Jones,Apartment,Outer Suburb,1,2,3,4.54,58,No,14,37.0,1,5.0,Yes,255.17
993148,Lily Singh,House,Regional,3,2,5,,74,Yes,5,,7,5.0,No,377.97
993243,Olivia Smith,Townhouse,Outer Suburb,4,3,8,4.19,36,No,3,83.0,2,4.0,Yes,356.43
991683,Mei Patel,Studio,Inner Suburb,1,2,2,4.48,66,No,7,48.0,2,4.0,No,136.52
991514,Noah Lee,House,Regional,4,3,8,4.29,45,Yes,5,89.0,3,5.0,No,374.41
995052,Arjun Ali,Townhouse,CBD,4,3,8,4.33,14,No,4,93.0,4,6.0,Yes,503.37
993754,Mia Scott,Apartment,CBD,1,2,4,4.07,60,Yes,4,56.0,1,4.0,No,294.87
994504,Hannah Chen,House,Outer Suburb,5,3,10,4.14,26,No,4,74.0,2,6.0,No,464.35
997066,Zoe Scott,Townhouse,Outer Suburb,2,2,3,4.97,21,Yes,1,75.0,3,9.0,Yes,383.62
994178,Omar Thomas,Townhouse,Outer Suburb,2,2,5,4.65,93,Yes,12,78.0,2,,No,353.02
992990,Amelia Tran,Townhouse,Inner Suburb,3,2,6,4.35,135,No,1,94.0,1,7.0,No,397.64
994421,Mei Lee,House,CBD,3,3,6,3.9,28,No,1,81.0,7,5.0,Yes,444.36
995176,Sarah King,Apartment,Outer Suburb,1,2,2,4.09,4,No,1,54.0,7,6.0,Yes,181.21
992673,Linh White,Apartment,CBD,1,2,1,4.22,23,No,1,64.0,4,6.0,No,290.71
993719,Michael Clark,Studio,Inner Suburb,1,1,1,4.44,115,No,6,47.0,4,7.0,Yes,287.53
990467,Linh Taylor,Apartment,Outer Suburb,2,2,5,4.76,54,No,6,70.0,2,6.0,Yes,167.15
997206,Noah Tran,Apartment,Outer Suburb,1,1,3,4.43,46,No,1,29.0,2,3.0,Yes,266.59
993531,Oliver Martin,House,Outer Suburb,5,3,10,4.62,21,Yes,1,102.0,1,10.0,Yes,498.68
996207,Sophie Scott,Studio,Outer Suburb,1,2,3,4.22,70,Yes,12,47.0,5,4.0,Yes,174.49
997228,Ethan Taylor,Town House,Regional,2,2,6,4.0,108,No,4,55.0,3,2.0,No,205.56
992530,An Brown,Apartment,CBD,1,1,2,4.68,7,No,2,58.0,2,6.0,No,291.46
995112,Oliver Patel,Apartment,Outer Suburb,3,2,6,4.53,27,No,2,73.0,4,7.0,Yes,222.68
991167,Ethan Harris,Apartment,Inner Suburb,3,2,7,4.78,21,No,2,68.0,2,6.0,No,375.49
997024,Jack Wilson,House,Inner Suburb,4,3,10,4.54,48,Yes,2,94.0,4,6.0,No,395.59
994107,Mei Harris,Studio,Inner Suburb,1,2,4,3.97,15,No,2,55.0,3,4.0,No,209.99
991545,Ava White,Townhouse,Outer Suburb,2,2,3,4.38,28,Yes,5,44.0,3,3.0,Yes,260.34
993990,Ava Brown,Apartment,Outer Suburb,2,2,5,4.21,34,No,1,57.0,2,2.0,Yes,258.11
993711,Henry Chen,Apartment,Regional,1,1,2,4.88,52,Yes,0,53.0,1,8.0,Yes,172.15
995824,Emily Wang,Apartment,CBD,2,2,6,4.31,65,Yes,2,59.0,3,5.0,No,242.49
997343,Ben Ali,Apartment,Inner Suburb,1,1,2,4.29,12,Yes,1,58.0,2,4.0,Yes,210.67
992668,Jack Scott,Apartment,Regional,2,2,5,4.23,15,No,0,58.0,7,4.0,Yes,213.03
993256,Amelia Wang,Apartment,Outer Suburb,1,1,4,4.66,41,Yes,5,45.0,4,6.0,No,267.29
994717,Sarah Brown,Apartment,Inner Suburb,1,1,3,4.73,30,Yes,1,53.0,2,3.0,No,187.55
995767,Amelia Le,House,Regional,2,3,5,4.4,50,No,2,56.0,1,8.0,No,329.32
991602,Grace Khan,Townhouse,Outer Suburb,3,1,6,4.67,103,Yes,5,58.0,2,6.0,No,358.88
990668,Aisha Singh,House,Outer Suburb,3,2,8,4.65,63,No,0,66.0,14,5.0,No,377.82
995567,Olivia Harris,House,CBD,2,1,3,4.43,41,Yes,3,59.0,1,5.0,Yes,312.68
996990,Mai Chen,Townhouse,Outer Suburb,3,2,7,4.7,4,No,1,95.0,2,8.0,No,313.41
992200,Isla Taylor,House,Outer Suburb,3,1,6,4.58,73,No,15,76.0,1,,Yes,316.68
990880,Henry Wilson,House,Inner Suburb,4,3,7,4.29,10,No,6,79.0,1,6.0,Yes,510.98
990919,Henry Wilson,Apartment,Inner Suburb,2,2,5,4.54,10,No,3,44.0,3,4.0,No,330.23
990962,An Singh,House,Regional,3,3,6,4.24,28,No,1,85.0,5,7.0,Yes,423.43
994782,Michael Walker,Apartment,Inner Suburb,1,2,3,4.56,14,No,1,54.0,5,,Yes,262.49
994722,Anna Le,House,Inner Suburb,3,1,6,4.57,114,No,1,62.0,2,6.0,No,377.82
993089,Jack Brown,House,Inner Suburb,4,3,10,4.72,57,No,1,96.0,2,7.0,Yes,475.37
995363,Lucas White,Apartment,Regional,2,3,4,4.63,76,No,10,68.0,1,6.0,Yes,202.72
996154,Wei Anderson,Apartment,CBD,1,1,3,4.37,91,Yes,4,67.0,2,5.0,Yes,252.17
995877,Zoe Le,House,CBD,5,3,9,4.75,47,No,2,91.0,4,7.0,Yes,465.03
995645,Mai Scott,House,CBD,4,3,8,4.11,126,Yes,5,86.0,2,,Yes,442.3
992343,Mai Tran,House,CBD,2,2,3,4.26,94,No,1,76.0,2,5.0,No,362.04
993425,Lily Taylor,Studio,Inner Suburb,1,2,1,4.22,15,No,9,52.0,10,5.0,No,217.28
996327,Samuel Wilson,apartment,Outer Suburb,1,2,2,4.5,50,No,0,61.0,1,6.0,Yes,182.42
996973,Oliver Tran,Apartment,CBD,2,2,5,4.38,12,No,3,66.0,3,6.0,No,386.35
991137,Daniel Jones,Apartment,Inner Suburb,1,1,2,4.71,27,No,11,47.0,2,8.0,Yes,286.91
996869,Emily White,House,CBD,4,3,7,4.84,33,Yes,0,69.0,2,4.0,No,549.0
991500,Thomas White,Studio,Outer Suburb,1,2,2,4.74,35,Yes,9,52.0,1,7.0,Yes,169.99
993149,Wei Harris,House,Inner Suburb,3,3,6,4.22,120,No,7,88.0,1,7.0,Yes,455.04
990565,Ben Martin,Apartment,Inner Suburb,1,1,3,4.32,81,Yes,6,36.0,7,5.0,No,232.75
996003,Sophie Singh,Studio,Outer Suburb,1,1,1,4.36,87,Yes,15,57.0,3,7.0,Yes,235.52
995312,Mai Walker,House,Outer Suburb,3,2,7,4.81,38,Yes,5,87.0,1,7.0,Yes,344.34
995683,Lily Scott,Studio,Inner Suburb,1,1,1,4.64,39,Yes,6,64.0,2,8.0,No,240.65
997700,Zoe Walker,Studio,Outer Suburb,1,1,1,4.33,40,No,0,50.0,1,5.0,No,186.28
997611,Samuel Nguyen,House,Inner Suburb,2,2,5,4.13,48,No,9,62.0,2,7.0,No,347.18
996052,Emily Anderson,Townhouse,Outer Suburb,2,1,4,4.0,72,No,3,66.0,2,4.0,No,321.26
995482,Lily Clark,Apartment,Outer Suburb,2,2,4,4.12,15,No,2,55.0,2,5.0,No,186.29
996722,Ethan Young,Apartment,Inner Suburb,1,1,2,4.76,96,Yes,1,41.0,7,6.0,No,291.54
995711,Noah Ali,Townhouse,Regional,2,2,4,4.56,53,No,15,75.0,7,6.0,Yes,218.65
990157,David Wilson,Apartment,Inner Suburb,1,2,4,4.37,135,No,6,50.0,1,6.0,Yes,270.37
992052,Aisha Anderson,Studio,Inner Suburb,1,2,1,4.88,17,No,4,46.0,5,4.0,Yes,98.66
993692,Lucas Martin,Studio,Outer Suburb,1,1,2,4.46,29,Yes,0,49.0,1,4.0,No,145.02
992292,Grace King,Studio,Outer Suburb,1,1,2,4.55,90,Yes,15,52.0,5,6.0,Yes,168.5
991311,Sophie Clark,Townhouse,Outer Suburb,4,2,8,4.42,86,No,8,87.0,3,,No,463.6
991327,Minh Young,House,Outer Suburb,4,2,9,4.61,94,Yes,5,77.0,1,8.0,No,357.9
993374,Samuel King,House,Outer Suburb,3,1,7,4.46,26,No,2,81.0,1,5.0,Yes,381.83
990563,James Smith,Apartment,CBD,1,1,4,4.38,72,Yes,15,56.0,1,8.0,No,268.33
997547,Michael Nguyen,House,Inner Suburb,3,2,6,4.16,93,Yes,3,70.0,2,6.0,Yes,418.74
996918,Mia Khan,Apartment,Inner Suburb,2,1,4,4.33,69,No,7,59.0,3,4.0,Yes,252.56
995732,Daniel Wang,Studio,Outer Suburb,1,1,3,4.46,8,No,0,48.0,2,5.0,No,185.57
990269,Emma Thomas,Studio,Outer Suburb,1,2,2,4.4,22,No,1,42.0,5,6.0,No,135.7
992640,Mai Thomas,Apartment,Regional,3,3,5,4.35,32,No,4,87.0,2,6.0,Yes,337.07
992954,Lily Thomas,Studio,CBD,1,1,4,4.39,2,No,0,40.0,1,5.0,Yes,300.45
996282,Emily Harris,Apartment,Inner Suburb,3,2,8,4.71,45,Yes,6,56.0,2,3.0,Yes,236.56
996521,Priya Harris,Studio,CBD,1,2,2,4.46,20,No,2,64.0,1,4.0,Yes,297.04
992490,Emily Young,Studio,Regional,1,1,3,4.73,15,No,2,58.0,2,6.0,No,245.62
991013,Sarah Young,Apartment,Regional,1,1,1,4.18,14,Yes,1,62.0,1,5.0,Yes,214.58
993989,Olivia Chen,Apartment,Inner Suburb,2,2,4,4.65,66,Yes,9,46.0,1,3.0,Yes,368.89
993626,James Nguyen,House,Outer Suburb,3,3,7,4.53,6,No,0,75.0,1,8.0,Yes,308.73
994439,Mei Brown,House,CBD,4,3,9,4.64,41,Yes,7,85.0,4,9.0,Yes,569.95
996971,Linh Clark,Apartment,Regional,3,2,6,4.39,48,No,5,62.0,1,3.0,No,322.89
991533,Sarah Brown,Studio,CBD,1,1,2,,29,No,1,,3,7.0,No,300.64
993915,William Clark,Studio,Outer Suburb,1,1,2,4.26,38,No,3,37.0,1,8.0,No,148.67
991195,Grace Le,House,Inner Suburb,4,3,8,4.33,54,No,3,88.0,2,8.0,No,491.38
995348,Mei Wilson,Apartment,Outer Suburb,3,2,8,4.37,9,No,2,82.0,1,7.0,No,217.12
994910,Sarah Le,Townhouse,Outer Suburb,2,2,5,4.53,30,Yes,1,87.0,1,9.0,Yes,251.09
994172,Linh Young,Apartment,Outer Suburb,1,2,2,3.98,39,No,2,52.0,2,5.0,Yes,226.34
993701,Hannah Tran,Apartment,CBD,2,2,4,4.63,102,No,7,62.0,1,7.0,Yes,341.24
990078,Isla Tran,Studio,Regional,1,1,3,4.78,37,Yes,7,38.0,5,5.0,Yes,172.68
990523,Liam Patel,Apartment,Regional,2,1,4,4.52,74,No,8,65.0,3,4.0,No,261.19
990131,Sarah White,Apartment,Regional,1,1,2,4.32,33,Yes,5,59.0,3,7.0,No,219.24
993377,Linh Smith,Apartment,Inner Suburb,1,1,2,4.53,33,No,15,52.0,1,7.0,No,332.59
991402,Mia Taylor,Apartment,Outer Suburb,1,1,4,4.74,35,No,1,52.0,1,6.0,Yes,230.26
994976,Michael Taylor,House,Inner Suburb,4,2,8,4.57,83,Yes,14,73.0,3,9.0,Yes,428.02
990548,Hannah Wilson,Apartment,Inner Suburb,2,2,4,4.39,40,Yes,3,59.0,3,7.0,No,299.7
997837,Linh Le,Apartment,Inner Suburb,1,1,3,4.45,57,No,11,36.0,3,4.0,Yes,217.64
991815,Grace Ali,Apartment,Inner Suburb,1,1,1,4.2,24,Yes,1,31.0,1,4.0,Yes,148.21
995968,Jack Singh,House,Outer Suburb,2,2,4,3.91,142,No,1,67.0,2,5.0,No,318.53
996322,Zoe Nguyen,Townhouse,Outer Suburb,2,2,4,5.0,102,Yes,12,49.0,3,6.0,Yes,253.91
996393,Henry Singh,House,CBD,4,3,10,4.77,64,No,11,80.0,2,9.0,No,611.22
994785,Sophie Smith,Apartment,Outer Suburb,2,2,4,3.87,0,No,0,58.0,1,6.0,No,222.22
995540,Lucas Scott,Studio,Inner Suburb,1,1,2,4.15,192,No,6,32.0,1,2.0,No,206.59
996616,Liam Lee,Apartment,CBD,3,2,5,4.59,71,Yes,9,57.0,1,7.0,Yes,388.62
995737,Thomas Patel,Apartment,CBD,2,3,4,4.63,18,No,1,48.0,2,,No,205.26
992636,Anna Wilson,Studio,CBD,1,2,4,4.55,145,No,4,67.0,2,8.0,Yes,246.0
994605,Ava Nguyen,Apartment,Outer Suburb,1,1,1,4.08,32,No,1,59.0,2,6.0,No,212.35
997922,Henry Nguyen,Apartment,Regional,2,2,6,3.92,69,No,3,80.0,1,5.0,No,266.35
996795,Omar Tran,Villa,CBD,4,3,8,4.58,79,Yes,2,83.0,3,5.0,Yes,616.8
991537,Wei Le,Townhouse,CBD,4,3,9,4.59,117,Yes,2,88.0,2,8.0,Yes,585.05
990829,Amelia Scott,Apartment,CBD,1,1,3,4.29,37,Yes,1,61.0,4,7.0,Yes,162.6
991235,Hannah Nguyen,Villa,CBD,4,3,8,4.39,67,Yes,10,91.0,3,9.0,No,481.94
991384,Samuel Young,Townhouse,Inner Suburb,3,2,7,4.66,9,No,0,74.0,4,6.0,Yes,272.83
997651,Noah Chen,Apartment,Inner Suburb,2,3,6,4.6,127,Yes,6,40.0,1,5.0,Yes,302.72
992352,Samuel Wilson,Townhouse,Inner Suburb,3,2,8,4.67,41,Yes,7,66.0,2,5.0,Yes,395.36
997935,Lucas Chen,House,Outer Suburb,3,2,5,4.84,60,No,1,67.0,2,7.0,Yes,307.72
994100,James Smith,House,Inner Suburb,4,3,7,4.35,42,No,2,54.0,1,4.0,No,347.1
992512,Grace White,Apartment,Inner Suburb,1,1,2,5.0,27,Yes,2,44.0,4,6.0,Yes,216.72
991149,Ethan Lee,House,Inner Suburb,2,2,4,4.54,60,Yes,7,49.0,1,5.0,Yes,353.73
997929,Samuel Le,Villa,Outer Suburb,3,3,7,4.03,22,No,0,73.0,2,8.0,Yes,350.96
996155,Lily Thomas,Villa,CBD,5,3,9,4.02,14,Yes,4,105.0,2,6.0,Yes,580.06
996096,Thomas Wilson,Townhouse,Outer Suburb,2,2,4,4.22,21,No,7,83.0,2,7.0,No,344.32
997772,Wei Chen,Apartment,CBD,3,2,6,4.45,46,No,1,56.0,2,6.0,Yes,411.35
994879,Priya Young,Apartment,Inner Suburb,1,1,4,4.63,63,Yes,9,45.0,1,4.0,Yes,208.09
990660,Ethan Anderson,Apartment,Regional,1,1,4,4.75,12,No,4,48.0,3,4.0,No,186.3
993698,Mia King,House,CBD,4,3,8,4.35,35,No,3,78.0,1,4.0,No,432.18
993611,Amelia Le,House,Inner Suburb,4,3,8,4.95,32,No,2,91.0,1,7.0,Yes,426.5
993852,Priya Chen,Apartment,Regional,1,1,1,4.4,59,No,8,43.0,1,6.0,Yes,149.28
993216,Aisha Le,Apartment,Inner Suburb,1,2,2,4.53,21,Yes,4,51.0,4,5.0,Yes,287.17
994098,Olivia Ali,Apartment,CBD,2,1,3,4.61,18,No,2,48.0,3,6.0,Yes,238.46
995692,Daniel Patel,Townhouse,Inner Suburb,2,1,4,4.56,13,N,0,69.0,1,5.0,Yes,303.73
994362,Aisha Anderson,Apartment,Inner Suburb,3,3,8,4.2,169,No,2,73.0,5,8.0,Yes,432.77
991760,An Tran,Townhouse,Inner Suburb,3,2,8,4.26,8,No,1,78.0,2,7.0,No,458.09
994958,Lucas Singh,Studio,Inner Suburb,1,2,2,4.76,54,Yes,1,60.0,2,5.0,Yes,375.32
995213,Omar Harris,House,Inner Suburb,3,2,6,3.98,10,No,0,63.0,1,6.0,No,338.91
993474,Anna Ali,Studio,Inner Suburb,1,2,3,4.23,15,No,2,50.0,3,6.0,No,172.67
993980,Aisha Brown,Townhouse,Outer Suburb,3,2,6,4.74,50,No,3,76.0,1,6.0,Yes,462.89
992337,Mia Patel,Townhouse,Outer Suburb,3,3,5,4.82,35,No,7,75.0,1,8.0,Yes,331.67
992010,Liam Harris,Townhouse,Outer Suburb,3,2,6,4.47,47,Yes,0,83.0,2,6.0,No,234.37
992878,Jack Patel,Apartment,Inner Suburb,1,1,3,4.28,53,No,8,22.0,1,6.0,No,277.21
995475,Minh Anderson,Apartment,Inner Suburb,1,2,3,4.62,7,No,0,48.0,3,6.0,Yes,306.51
990598,Hannah Tran,Apartment,Outer Suburb,2,2,6,4.61,118,No,9,71.0,2,6.0,No,277.36
994922,Ben Clark,Apartment,Outer Suburb,1,2,4,4.51,71,Yes,5,57.0,2,7.0,No,277.04
991442,Mia Anderson,Villa,Outer Suburb,5,3,10,4.59,36,No,1,97.0,1,8.0,No,454.98
994940,Samuel Anderson,House,Inner Suburb,3,2,5,4.43,35,Yes,11,91.0,3,8.0,Yes,407.34
991121,Noah Harris,Studio,Outer Suburb,1,1,4,4.81,28,Yes,3,54.0,2,6.0,Yes,257.86
994502,Arjun Nguyen,House,Inner Suburb,4,2,9,4.22,95,No,2,80.0,3,7.0,Yes,385.56
991228,Noah Clark,House,CBD,4,3,7,4.75,27,Yes,3,98.0,14,8.0,Yes,405.24
996625,Priya Le,House,Outer Suburb,2,2,4,4.18,79,No,0,65.0,1,5.0,No,316.77
995435,Ethan Thomas,House,Outer Suburb,4,2,8,4.51,36,No,0,77.0,1,6.0,No,392.39
995460,Lucas King,House,Regional,4,3,7,4.55,53,No,6,94.0,5,6.0,No,373.56
991836,Liam Taylor,Apartment,Inner Suburb,1,2,2,4.24,28,No,9,30.0,2,2.0,Yes,221.89
990970,Omar Martin,Townhouse,Inner Suburb,2,2,6,4.35,11,No,1,66.0,2,5.0,Yes,322.67
995128,Emily Anderson,House,Outer Suburb,3,2,6,,19,No,7,,1,5.0,Yes,339.17
993095,Amelia Scott,Apartment,Inner Suburb,1,2,3,4.09,97,No,5,48.0,3,3.0,Yes,173.08
991511,Michael Wilson,Apartment,Outer Suburb,3,3,5,4.42,166,Yes,2,61.0,2,7.0,Yes,411.93
992547,Oliver King,Apartment,Regional,1,2,1,4.24,93,No,7,43.0,1,3.0,Yes,245.28
991737,William Smith,Townhouse,CBD,3,3,5,4.57,68,Yes,5,59.0,2,5.0,Yes,325.28
996144,Grace Smith,Apartment,Inner Suburb,1,1,4,5.0,51,Yes,13,50.0,1,8.0,Yes,374.26
995642,James Lee,Studio,Regional,1,1,2,4.77,54,Yes,1,53.0,1,5.0,Yes,164.59
993475,Daniel King,Apartment,Outer Suburb,2,1,4,4.53,45,Yes,4,43.0,1,5.0,No,169.65
992183,Omar Ali,Apartment,Inner Suburb,1,1,4,4.74,0,No,0,33.0,5,5.0,Yes,302.63
997754,Hannah Brown,Apartment,CBD,1,1,2,4.59,53,Yes,2,57.0,1,8.0,No,241.6
990890,Jack Harris,Apartment,Regional,3,2,5,4.38,85,Yes,4,62.0,2,6.0,No,246.75
993136,Linh Taylor,Apartment,Regional,1,1,2,4.83,64,Yes,2,51.0,2,6.0,Yes,145.03
997086,Sarah Chen,Townhouse,Outer Suburb,4,3,9,4.47,60,Yes,4,96.0,1,8.0,Yes,441.42
991873,An Le,Apartment,Outer Suburb,2,2,5,4.62,115,No,4,56.0,1,5.0,No,331.03
995554,Chloe Young,House,Regional,4,3,8,4.39,74,Yes,2,87.0,1,8.0,Yes,356.98
994379,Wei Wilson,Apartment,Outer Suburb,2,2,6,4.39,49,Yes,9,64.0,2,6.0,Yes,293.67
997038,Ben Taylor,House,Outer Suburb,3,2,5,4.39,42,No,2,76.0,2,7.0,Yes,376.36
994949,Minh Smith,Apartment,Outer Suburb,1,1,1,4.89,56,Yes,6,53.0,2,6.0,Yes,317.0
991658,Ava Chen,Townhouse,Inner Suburb,4,4,8,,71,No,3,,1,7.0,Yes,476.99
990843,David King,House,Inner Suburb,3,2,6,4.68,54,Yes,8,76.0,2,8.0,Yes,429.17
992509,Sarah Jones,Apartment,Outer Suburb,2,2,5,4.09,88,No,13,77.0,2,4.0,Yes,190.55
994673,Linh Scott,Studio,Regional,1,1,4,4.09,42,Yes,2,49.0,2,7.0,Yes,159.3
996509,Priya White,House,Outer Suburb,4,2,10,4.66,30,Yes,1,80.0,1,5.0,No,403.16
995196,Emma White,Apartment,Regional,2,2,4,4.58,301,No,6,79.0,1,9.0,Yes,369.79
990458,Omar Harris,Apartment,Inner Suburb,1,1,3,4.4,136,Yes,0,51.0,2,7.0,No,178.8
991668,Mai Le,Villa,Inner Suburb,2,2,4,4.21,19,No,1,69.0,1,7.0,No,448.7
993795,Wei Young,Apartment,Outer Suburb,2,1,4,4.78,61,No,2,58.0,3,5.0,No,235.88
996910,Lucas Thomas,Apartment,Outer Suburb,1,1,2,4.13,129,Yes,9,48.0,2,6.0,Yes,208.7
993538,Michael Singh,Apartment,CBD,1,2,4,4.15,52,Yes,1,47.0,1,8.0,No,326.46
995145,Mai White,Villa,Inner Suburb,3,3,6,4.52,50,Yes,8,83.0,3,9.0,Yes,423.01
994529,Lucas Tran,House,Regional,4,2,10,4.65,32,No,2,84.0,2,8.0,Yes,312.57
997421,Jack Patel,House,Outer Suburb,4,4,10,4.21,66,No,15,78.0,2,4.0,Yes,407.89
995365,Samuel Le,Apartment,Regional,2,2,4,4.27,21,No,1,58.0,2,4.0,Yes,194.87
995768,William Clark,House,Regional,3,2,6,4.14,4,No,1,87.0,1,7.0,Yes,262.5
992920,Grace Ali,Apartment,Inner Suburb,1,1,2,4.38,31,No,3,39.0,7,4.0,No,163.79
992833,An Smith,House,Outer Suburb,2,3,3,4.03,43,No,7,51.0,2,3.0,No,278.66
994318,Sophie Anderson,Apartment,Regional,1,1,1,4.87,17,No,2,73.0,2,7.0,Yes,190.02
995368,Lily Jones,Apartment,Outer Suburb,2,2,5,4.28,28,No,13,73.0,1,6.0,No,269.59
997879,Emma Martin,Apartment,Outer Suburb,2,1,4,4.36,33,Yes,1,72.0,1,7.0,Yes,193.21
996293,Wei Singh,Townhouse,Inner Suburb,3,3,7,,127,No,2,,1,6.0,Yes,439.53
992583,Lucas Lee,Townhouse,Outer Suburb,2,1,6,4.46,141,No,7,51.0,1,9.0,Yes,286.27
991285,Arjun Anderson,Villa,Outer Suburb,3,2,6,4.33,10,No,3,65.0,3,3.0,Yes,420.67
990666,Daniel Thomas,Villa,CBD,4,2,9,4.71,31,Yes,3,85.0,1,5.0,Yes,513.44
993443,Chloe Harris,Apartment,Outer Suburb,2,1,5,4.19,29,No,0,70.0,3,4.0,No,141.71
997011,Aisha Tran,House,Inner Suburb,3,3,7,4.76,38,Yes,5,75.0,1,5.0,Yes,397.87
997230,An Harris,Apartment,CBD,3,2,5,4.42,46,Yes,0,73.0,3,5.0,No,389.99
994822,Anna Thomas,House,Outer Suburb,3,3,7,4.71,34,Yes,9,53.0,2,2.0,Yes,344.89
992695,William Martin,Townhouse,CBD,2,2,4,4.4,15,No,5,64.0,2,6.0,No,273.36
997187,Amelia Taylor,Townhouse,Outer Suburb,2,2,3,4.2,100,Yes,13,62.0,1,4.0,Yes,344.05
997514,Priya Patel,Apartment,Outer Suburb,1,1,4,4.82,121,Yes,9,32.0,1,4.0,No,255.19
996132,Hannah Harris,Apartment,Regional,3,2,5,4.43,70,No,3,81.0,2,4.0,Yes,260.95
997153,Sophie Chen,Apartment,Inner Suburb,2,2,6,4.18,39,No,8,48.0,2,5.0,Yes,275.59
995291,Emma Brown,Studio,Inner Suburb,1,2,1,4.04,34,No,4,51.0,3,5.0,No,238.5
994904,Grace Anderson,House,Inner Suburb,2,2,4,4.69,65,Yes,4,65.0,2,6.0,Yes,285.11
992059,Linh Wang,Apartment,Outer Suburb,1,1,2,4.83,61,Yes,15,53.0,5,7.0,Yes,218.73
995776,David Ali,Town House,Inner Suburb,3,2,5,4.3,31,No,9,65.0,1,5.0,Yes,362.28
991079,Omar Walker,Apartment,Inner Suburb,1,1,1,4.35,61,Yes,14,50.0,1,8.0,Yes,312.51
990886,Liam Wang,House,CBD,3,2,7,4.39,27,No,5,72.0,4,6.0,No,371.87
995996,Ben Walker,Apartment,CBD,1,1,2,4.22,27,No,9,36.0,3,5.0,Yes,240.67
995439,Lily Young,Villa,Regional,4,3,7,,47,Yes,6,92.0,2,6.0,Yes,521.66
991901,Emily Anderson,Apartment,Inner Suburb,2,2,5,4.51,15,No,3,66.0,1,5.0,No,267.99
990258,Lily Young,Studio,Outer Suburb,1,1,3,4.74,35,Yes,1,52.0,1,5.0,No,183.98
992550,Samuel White,Studio,Inner Suburb,1,1,3,4.19,81,Yes,8,60.0,2,6.0,No,183.9
992415,Samuel Khan,Apartment,Outer Suburb,2,2,5,4.41,53,No,1,54.0,2,4.0,No,220.11
993771,An White,Studio,Inner Suburb,1,1,3,3.88,31,No,5,48.0,2,6.0,No,186.03
992696,Thomas Brown,Apartment,CBD,3,2,6,4.68,8,No,1,67.0,3,6.0,No,327.71
993830,Olivia Le,Townhouse,CBD,2,1,6,4.67,47,No,6,72.0,2,8.0,Yes,379.61
991799,Mia Lee,Townhouse,CBD,2,2,4,4.25,51,No,8,70.0,2,8.0,No,352.69
994352,An Tran,Apartment,Regional,1,2,3,4.51,21,No,1,55.0,1,4.0,Yes,161.26
996789,David Brown,House,Regional,3,2,6,4.51,59,No,1,77.0,3,7.0,Yes,330.8
993960,Samuel Thomas,Villa,Inner Suburb,2,2,4,4.71,35,No,2,62.0,1,5.0,Yes,375.38
990442,Arjun Chen,Studio,Regional,1,2,3,4.52,28,No,2,49.0,3,7.0,No,121.51
993790,Liam Taylor,Studio,CBD,1,1,4,4.2,14,No,0,53.0,1,3.0,No,244.93
991516,Oliver Patel,Apartment,CBD,1,1,3,4.46,2,No,0,52.0,2,6.0,Yes,227.17
997151,Isla Scott,Apartment,Inner Suburb,2,1,5,4.49,13,No,2,52.0,1,7.0,Yes,295.7
992574,Liam Patel,Townhouse,Inner Suburb,3,2,5,4.71,17,No,3,68.0,1,6.0,Yes,356.85
994190,Zoe Young,Townhouse,Outer Suburb,3,2,5,4.49,61,Yes,7,73.0,2,10.0,Yes,278.03
993800,An Scott,Apartment,Regional,1,2,2,4.23,87,No,0,43.0,3,4.0,No,118.35
994629,Anna Brown,Studio,Outer Suburb,1,1,1,4.15,20,No,1,56.0,3,6.0,No,98.96
997125,Anna Brown,Apartment,Regional,1,1,2,4.19,115,No,3,54.0,4,5.0,No,141.5
996326,Isla Patel,Apartment,Regional,1,2,4,4.37,95,Yes,13,44.0,1,5.0,Yes,190.6
991941,David Jones,Apartment,CBD,1,2,2,4.71,39,Yes,2,59.0,3,4.0,No,264.04
994586,Emma Tran,Apartment,CBD,1,2,3,4.29,15,No,1,46.0,3,5.0,No,205.33
997364,Emma Lee,Apartment,Regional,3,3,6,4.23,21,No,4,65.0,1,8.0,Yes,359.14
990325,Amelia Chen,Apartment,Inner Suburb,1,1,1,4.57,57,Yes,7,53.0,1,6.0,Yes,205.04
995416,Ben Singh,Apartment,Outer Suburb,1,1,2,4.4,48,Yes,10,48.0,7,7.0,No,276.81
994002,Liam Jones,Apartment,CBD,1,2,2,4.26,59,No,5,56.0,4,4.0,Yes,322.72
996228,Mei King,Townhouse,Outer Suburb,3,2,6,4.51,107,No,4,69.0,2,5.0,No,288.04
994840,Mai Ali,Apartment,Outer Suburb,2,2,4,4.69,155,No,1,67.0,1,4.0,Yes,295.11
995108,Sarah Singh,House,CBD,5,3,10,4.44,54,No,6,86.0,5,4.0,No,382.73
994199,An Chen,House,Outer Suburb,5,3,10,4.33,78,No,6,110.0,5,6.0,Yes,355.5
997607,Amelia Wilson,Studio,Inner Suburb,1,1,2,4.35,67,No,1,40.0,1,4.0,Yes,213.35
994408,Lucas White,Apartment,Outer Suburb,1,2,1,4.59,10,No,3,46.0,1,7.0,No,174.64
992065,Amelia Jones,House,Regional,3,3,6,4.72,19,Yes,3,77.0,1,8.0,No,362.0
990842,Arjun Nguyen,Apartment,Inner Suburb,1,1,2,4.42,17,No,3,46.0,1,4.0,No,193.88
994213,Aisha Thomas,Townhouse,Regional,3,2,8,4.36,32,No,1,87.0,7,7.0,Yes,372.76
997104,Grace Walker,Apartment,CBD,1,2,1,4.69,21,No,11,64.0,2,5.0,Yes,266.44
993458,Minh Nguyen,Apartment,Inner Suburb,2,2,6,4.03,22,Yes,0,54.0,1,2.0,Yes,216.52
997686,Noah Brown,Studio,Inner Suburb,1,1,2,4.86,27,No,1,41.0,3,5.0,No,240.72
991025,Emma Jones,Studio,CBD,1,1,3,4.38,4,No,1,30.0,2,4.0,No,242.16
993641,Daniel King,House,Regional,4,2,8,4.49,74,No,4,79.0,3,7.0,Yes,379.6
992060,Lily Harris,House,Outer Suburb,4,3,8,4.39,31,No,3,78.0,2,6.0,No,437.05
996601,Olivia Taylor,House,Outer Suburb,2,2,6,4.02,4,No,0,54.0,2,4.0,Yes,298.64
995628,Mia Wang,Villa,CBD,3,2,8,4.61,48,Yes,3,63.0,2,6.0,Yes,561.08
993642,Daniel Wilson,House,CBD,3,2,6,4.58,60,Yes,1,52.0,1,3.0,No,370.1
990602,Sophie Smith,House,Regional,4,2,8,4.78,20,No,1,103.0,2,7.0,No,424.28
992713,William Harris,House,Outer Suburb,2,2,4,4.52,7,No,2,59.0,1,5.0,No,290.94
997720,Sarah Khan,Townhouse,Inner Suburb,3,2,5,,57,No,14,,1,7.0,No,357.95
990208,Henry Nguyen,Apartment,Outer Suburb,2,1,4,4.06,39,No,10,31.0,1,5.0,Yes,264.82
994014,Sophie White,Townhouse,Regional,2,2,4,4.27,26,No,3,68.0,3,5.0,Yes,330.33
996718,Lily Anderson,Apartment,Outer Suburb,1,1,1,4.53,78,No,4,42.0,3,5.0,No,174.75
991171,David Walker,Villa,Outer Suburb,5,3,10,,16,No,3,,1,10.0,Yes,389.8
993032,Samuel Wilson,Apartment,Outer Suburb,2,2,4,4.5,9,No,3,69.0,2,6.0,Yes,412.73
990363,Olivia Le,Apartment,Inner Suburb,1,2,2,4.3,35,Yes,2,31.0,2,5.0,No,199.01
993438,Samuel Le,Apartment,Outer Suburb,1,2,1,4.38,68,Yes,6,56.0,2,6.0,Yes,172.19
995036,Michael Taylor,Villa,Regional,4,2,9,4.57,30,No,3,67.0,3,6.0,No,338.06
995865,Michael Tran,House,Inner Suburb,3,1,6,4.27,18,No,6,70.0,4,5.0,Yes,415.9
991128,Liam Chen,House,Outer Suburb,4,3,7,4.52,85,No,2,94.0,1,6.0,Yes,336.79
997040,Jack Lee,Townhouse,Outer Suburb,3,3,5,4.61,96,No,0,63.0,2,5.0,Yes,195.9
996020,Noah Young,House,CBD,3,2,6,4.36,24,Yes,4,67.0,2,8.0,Yes,403.12
995078,Anna Walker,Townhouse,Regional,4,3,8,4.46,28,No,4,98.0,1,9.0,Yes,350.96
994203,Daniel White,Apartment,Outer Suburb,2,3,4,4.4,78,No,6,58.0,2,5.0,No,308.79
992383,Anna Smith,Apartment,Regional,1,1,2,4.37,133,No,2,29.0,1,5.0,Yes,124.7
994309,Chloe King,Studio,Outer Suburb,1,1,2,4.3,24,No,3,44.0,3,5.0,Yes,278.44
994775,Olivia Smith,Studio,CBD,1,1,3,4.76,59,Yes,6,47.0,5,7.0,No,250.51
992135,Mai Jones,Studio,Inner Suburb,1,2,4,4.34,45,No,7,57.0,7,4.0,Yes,206.76
996285,Amelia Wang,Apartment,Regional,2,2,4,4.51,24,Yes,2,70.0,1,9.0,No,220.74
994275,Lily Thomas,Studio,CBD,1,2,4,4.49,55,No,2,33.0,3,4.0,Yes,357.49
997516,Oliver Nguyen,Apartment,CBD,1,2,3,3.98,36,No,4,48.0,1,5.0,No,284.07
990293,Olivia Scott,Villa,Inner Suburb,2,2,4,,122,No,7,,2,3.0,Yes,351.43
997781,Mia Wang,House,Inner Suburb,5,3,10,4.6,84,Yes,6,108.0,2,6.0,No,469.13
994046,Noah Le,Villa,Outer Suburb,4,2,8,4.99,29,Yes,4,70.0,3,7.0,No,526.58
996904,Linh Brown,Studio,Outer Suburb,1,2,2,,18,Yes,0,,2,,Yes,153.34
991436,Michael Thomas,Apartment,Outer Suburb,1,1,1,4.47,216,No,3,42.0,3,4.0,No,219.64
992822,Amelia Taylor,House,Outer Suburb,4,2,10,4.41,156,Yes,8,67.0,3,4.0,Yes,424.78
997796,Sophie Khan,Apartment,Inner Suburb,2,2,5,4.15,55,No,4,47.0,2,2.0,No,218.75
997603,Thomas Martin,Apartment,CBD,1,1,1,4.54,28,No,10,50.0,1,6.0,Yes,274.55
994746,Emma King,Apartment,Inner Suburb,1,1,1,,51,Yes,1,,2,6.0,Yes,218.14
990744,Samuel Walker,House,Regional,3,2,6,4.76,39,No,4,93.0,10,10.0,No,321.56
996574,Wei Lee,Studio,Regional,1,1,4,4.34,40,No,1,38.0,3,4.0,No,114.3
996224,Isla Thomas,Studio,Outer Suburb,1,1,3,4.56,82,Yes,10,51.0,1,8.0,Yes,280.8
990113,Omar Khan,Apartment,Outer Suburb,1,2,2,4.38,87,Yes,15,62.0,1,6.0,No,231.23
997476,Mai Walker,Studio,Outer Suburb,1,2,1,4.4,64,Yes,7,45.0,2,5.0,Yes,214.58
997337,Ethan Khan,House,Regional,3,3,8,4.86,10,No,0,81.0,1,7.0,Yes,269.48
995868,William Patel,Studio,Inner Suburb,1,2,2,4.72,49,No,3,48.0,4,6.0,Yes,334.17
991381,Ava King,House,Regional,2,2,4,4.11,77,No,2,58.0,1,6.0,No,350.91
995541,Chloe Ali,House,Inner Suburb,2,1,6,4.16,62,No,2,50.0,3,5.0,No,283.61
990496,Noah Thomas,Apartment,Regional,2,2,6,4.28,6,No,0,55.0,1,3.0,No,115.3
992712,An Taylor,House,Regional,3,3,8,4.03,45,No,2,79.0,3,5.0,Yes,433.21
997062,Ava Singh,Apartment,Regional,2,2,4,4.1,63,No,3,53.0,1,6.0,Yes,293.06
997442,Minh Jones,Apartment,Inner Suburb,1,2,1,4.52,9,No,3,51.0,7,6.0,Yes,234.54
997014,Ethan Smith,House,Regional,5,3,10,5.0,190,Yes,10,103.0,4,8.0,Yes,437.15
991745,Noah Taylor,House,CBD,4,3,7,4.44,22,Yes,1,91.0,2,7.0,Yes,413.36
992132,Anna Jones,House,Regional,4,3,9,4.48,34,No,6,83.0,2,7.0,No,389.65
994727,Linh Khan,Apartment,Outer Suburb,2,2,5,4.41,1,No,1,68.0,1,4.0,No,281.52
992728,William Nguyen,Townhouse,Outer Suburb,2,2,6,4.36,23,No,0,69.0,1,6.0,Yes,260.11
995558,Emma Nguyen,Villa,Inner Suburb,4,3,10,4.41,12,No,2,78.0,1,8.0,Yes,414.6
997589,Mia Martin,Apartment,Outer Suburb,3,2,7,4.28,14,No,0,64.0,2,6.0,Yes,319.08
992429,Chloe Scott,House,Inner Suburb,3,3,6,4.27,28,Yes,5,79.0,3,5.0,No,351.79
995285,Samuel Thomas,Studio,Inner Suburb,1,2,2,4.4,47,No,9,42.0,2,5.0,No,245.72
996796,Olivia Walker,House,Outer Suburb,5,3,10,4.03,25,No,5,101.0,2,6.0,Yes,433.58
996922,Aisha Patel,Townhouse,CBD,2,1,3,4.14,29,Yes,2,49.0,2,4.0,Yes,326.82
993665,Chloe Patel,Apartment,Outer Suburb,2,2,3,4.04,22,No,1,50.0,1,4.0,Yes,244.38
990150,Ben White,Apartment,Regional,1,1,3,4.44,41,Yes,5,59.0,2,5.0,Yes,152.2
993036,Thomas Singh,Apartment,Outer Suburb,1,1,2,4.78,67,Yes,15,48.0,4,6.0,Yes,208.77
994567,Lily Tran,Studio,CBD,1,2,1,4.51,88,Yes,3,63.0,5,5.0,No,222.28
997069,Mai Le,Villa,Regional,4,3,8,4.89,2,No,1,102.0,3,8.0,No,474.34
994809,Anna Walker,Apartment,Regional,1,1,2,4.08,30,Yes,2,51.0,4,4.0,Yes,164.68
996056,Isla Taylor,Apartment,Regional,1,1,4,3.95,153,No,2,50.0,3,4.0,Yes,280.25
990151,Linh Jones,Villa,Outer Suburb,4,3,7,4.92,36,No,6,86.0,1,7.0,No,510.28
992528,Zoe Wang,Apartment,Inner Suburb,1,1,2,4.65,65,No,12,37.0,10,,No,242.92
997022,Daniel Clark,Apartment,CBD,1,1,3,4.76,11,No,2,29.0,1,4.0,No,172.91
991412,Ava King,Studio,Inner Suburb,1,1,2,4.5,12,No,0,67.0,5,4.0,Yes,136.02
996747,Chloe Scott,Studio,CBD,1,2,4,4.01,30,No,15,53.0,3,5.0,No,242.43
996123,Thomas Clark,Apartment,Inner Suburb,3,2,7,4.81,156,Yes,13,89.0,1,8.0,Yes,363.09
997539,Sarah Khan,Apartment,Inner Suburb,2,2,6,4.34,115,No,4,44.0,2,2.0,Yes,292.57
993358,Mai Tran,Apartment,Outer Suburb,2,2,4,,20,No,1,,3,6.0,Yes,231.06
997665,Anna Brown,Apartment,Inner Suburb,2,3,4,4.27,65,No,11,57.0,3,6.0,Yes,333.47
995654,Grace Ali,House,CBD,4,3,8,4.99,23,No,9,85.0,1,8.0,Yes,487.82
996668,Mai White,Townhouse,Inner Suburb,3,2,6,4.53,51,No,6,71.0,1,8.0,Yes,348.41
992632,Emily Harris,Apartment,Regional,1,1,3,4.32,3,No,1,50.0,10,4.0,Yes,120.31
991687,Liam Young,Apartment,Outer Suburb,2,1,4,4.49,64,Yes,0,63.0,2,5.0,No,211.4
992608,Emily Thomas,Apartment,Outer Suburb,2,1,4,4.24,17,No,5,45.0,1,6.0,Yes,220.54
994484,Amelia Le,Townhouse,Outer Suburb,3,2,8,4.42,18,No,2,63.0,1,6.0,Yes,302.87
997277,Amelia Walker,Studio,Regional,1,1,3,4.16,37,No,8,33.0,2,6.0,Yes,261.56
997758,Sarah Lee,Apartment,CBD,2,1,3,4.13,99,Yes,4,56.0,14,5.0,Yes,286.1
995462,Oliver Taylor,Apartment,Inner Suburb,2,1,5,4.59,63,Yes,7,51.0,2,5.0,Yes,247.58
993791,Linh Patel,Apartment,Outer Suburb,1,1,3,4.61,30,No,4,42.0,1,5.0,Yes,163.67
993955,Lily King,Townhouse,CBD,3,3,7,4.93,43,No,3,71.0,2,6.0,Yes,351.6
990695,Mai Martin,Apartment,Regional,3,2,6,4.55,64,Yes,3,86.0,7,6.0,Yes,334.93
993066,Samuel Chen,Studio,Inner Suburb,1,1,2,4.13,124,Yes,4,40.0,2,3.0,No,153.92
993697,Sophie Taylor,House,CBD,3,2,7,4.29,68,Yes,9,74.0,1,7.0,Yes,420.43
991468,Grace Chen,Townhouse,Regional,3,2,7,4.59,20,Yes,0,95.0,2,8.0,No,283.42
995882,Mia Young,Apartment,Outer Suburb,1,1,2,4.31,41,No,3,57.0,1,7.0,No,179.95
992567,Jack Chen,Apartment,Outer Suburb,2,2,3,4.34,29,Yes,3,57.0,3,7.0,Yes,182.34
994345,Linh Young,Studio,CBD,1,2,3,4.49,103,No,3,45.0,1,3.0,No,275.03
997434,William Taylor,Studio,Outer Suburb,1,1,2,4.37,10,No,1,48.0,3,8.0,Yes,178.88
993503,Omar Nguyen,Apartment,Inner Suburb,1,1,1,4.99,68,Yes,1,62.0,5,6.0,No,224.23
993859,Lucas Young,House,CBD,3,2,7,4.27,7,No,1,75.0,1,5.0,No,388.76
997959,Olivia Harris,Apartment,Regional,1,1,4,4.37,31,No,2,32.0,1,4.0,Yes,232.25
996970,Anna Smith,House,Inner Suburb,3,2,6,4.07,37,No,3,59.0,1,5.0,Yes,370.98
990094,Ava King,House,Outer Suburb,2,1,3,4.57,18,No,3,55.0,1,6.0,Yes,220.72
993725,Ben Tran,Townhouse,CBD,3,3,8,3.89,31,No,1,73.0,4,5.0,Yes,422.23
995189,Zoe Wilson,House,CBD,3,2,8,4.3,8,No,1,69.0,1,4.0,Yes,451.28
991496,Oliver Wilson,Townhouse,Outer Suburb,4,3,7,4.89,59,Yes,13,68.0,1,6.0,Yes,340.47
997475,Ben Ali,Studio,Inner Suburb,1,1,2,4.36,38,No,2,60.0,4,6.0,Yes,164.21
997220,Thomas Patel,House,Regional,3,2,8,4.2,29,No,5,82.0,2,10.0,Yes,327.31
990996,An Jones,Apartment,Regional,1,1,3,4.85,69,No,2,48.0,2,5.0,Yes,55.0
996416,Daniel Nguyen,Studio,Outer Suburb,1,1,4,4.43,3,No,3,54.0,2,5.0,No,56.31
996000,An Singh,Studio,Regional,1,1,4,4.52,15,No,2,64.0,2,7.0,No,118.57
993368,Lucas Taylor,Studio,Outer Suburb,1,1,3,4.44,44,Yes,4,65.0,2,5.0,Yes,148.6
997769,Aisha Taylor,Apartment,Outer Suburb,1,1,4,4.72,67,No,0,59.0,2,6.0,Yes,124.08
995392,Mai Patel,Studio,Outer Suburb,1,1,3,4.47,46,No,8,68.0,1,6.0,Yes,258.57
994566,Chloe Martin,Apartment,Regional,1,1,3,4.83,31,Yes,1,33.0,7,7.0,Yes,214.41
990011,Olivia King,Apartment,Inner Suburb,1,1,3,4.44,9,No,3,34.0,1,4.0,No,142.81
991626,Arjun Le,Apartment,CBD,1,2,1,4.11,145,No,3,60.0,1,5.0,Yes,197.11
996872,Jack Harris,Apartment,CBD,2,1,5,4.35,93,Yes,7,53.0,3,4.0,Yes,316.21
992852,Samuel Brown,Apartment,Inner Suburb,1,1,4,4.16,134,No,0,50.0,2,5.0,Yes,214.02
991144,Aisha Jones,Villa,Regional,3,1,7,4.5,47,Yes,1,75.0,2,6.0,Yes,378.28
996084,Wei Taylor,Apartment,Inner Suburb,1,2,2,4.57,58,Yes,1,62.0,1,9.0,Yes,232.03
992174,Lucas Le,Apartment,Regional,1,2,1,4.45,56,Yes,6,58.0,1,4.0,No,244.55
990899,Arjun Wang,Studio,Inner Suburb,1,2,2,4.36,25,No,8,59.0,5,7.0,Yes,242.56
991587,An Brown,Apartment,Regional,1,2,4,4.86,4,No,1,60.0,2,4.0,No,156.45
996947,Ben Young,Apartment,Outer Suburb,3,2,5,4.64,46,No,14,78.0,5,8.0,No,233.23
995257,Daniel Brown,Villa,Inner Suburb,2,2,6,4.57,152,Yes,15,57.0,7,7.0,No,319.39
996368,William Thomas,Apartment,Outer Suburb,1,2,4,4.54,81,No,15,63.0,1,6.0,Yes,218.17
997005,Grace Tran,Studio,Inner Suburb,1,1,3,4.6,78,No,1,49.0,1,6.0,Yes,199.63
990151,Linh Jones,Villa,Outer Suburb,4,3,7,4.92,36,No,6,86.0,1,7.0,No,510.28
995548,Lucas Smith,Studio,Regional,1,2,1,4.42,46,Yes,5,32.0,2,4.0,Yes,92.75
994728,Mai King,House,Inner Suburb,3,1,8,4.62,45,Yes,6,74.0,1,5.0,No,402.14
994595,James Brown,Townhouse,Inner Suburb,3,3,6,4.13,40,Yes,4,78.0,2,6.0,Yes,391.52
995007,Oliver Scott,Townhouse,Outer Suburb,2,2,4,4.42,25,No,3,56.0,1,5.0,No,216.87
991366,Anna Singh,House,Regional,5,3,10,4.32,28,Yes,3,110.0,2,8.0,No,466.84
991855,David Anderson,House,Regional,3,3,8,4.48,18,No,0,59.0,2,5.0,Yes,348.59
992217,Mia Khan,Apartment,Inner Suburb,3,3,6,4.26,50,Yes,6,67.0,2,6.0,Yes,435.95
996488,Zoe Ali,House,Outer Suburb,4,3,9,3.94,19,No,1,84.0,2,8.0,Yes,395.56
990428,James King,Apartment,Inner Suburb,1,2,2,4.2,26,No,2,53.0,3,4.0,Yes,231.14
991063,Ethan Martin,Apartment,Inner Suburb,2,2,5,4.46,55,No,1,67.0,3,3.0,No,307.29
991241,William Brown,Apartment,CBD,1,1,2,4.59,71,No,1,41.0,2,4.0,Yes,232.64
994894,An Jones,Apartment,Regional,2,2,5,5.0,41,No,5,71.0,1,6.0,Yes,226.47
990510,Omar Harris,Studio,Inner Suburb,1,1,3,4.11,16,No,1,50.0,1,5.0,Yes,182.88
992112,Ava Tran,Studio,Inner Suburb,1,1,4,4.61,72,No,3,59.0,2,6.0,No,217.68
992633,Grace Lee,House,Regional,3,2,6,4.72,50,Yes,3,74.0,5,7.0,Yes,350.84
994363,Oliver Smith,Villa,Regional,4,3,8,4.32,25,No,0,82.0,1,8.0,Yes,395.88
990914,Noah Chen,Villa,Inner Suburb,3,2,6,4.27,88,Yes,1,70.0,5,6.0,Yes,326.79
994790,Grace King,House,CBD,2,2,3,4.13,30,No,3,49.0,2,7.0,No,462.01
990743,James Clark,Townhouse,Regional,2,2,6,4.23,40,No,6,68.0,2,6.0,Yes,206.47
995876,William Ali,Apartment,Outer Suburb,1,1,4,4.51,57,Yes,10,54.0,3,6.0,No,168.89
997307,Linh Patel,Apartment,Regional,1,2,2,4.6,44,Yes,8,30.0,2,1.0,Yes,232.79
993378,Zoe Le,House,Outer Suburb,3,3,6,4.29,66,Yes,3,62.0,2,4.0,Yes,423.68
993254,James Brown,Villa,Regional,4,3,9,4.61,28,No,2,79.0,2,,Yes,309.9
995342,Wei Anderson,Apartment,Outer Suburb,1,1,3,4.35,61,Yes,5,47.0,1,4.0,Yes,197.17
996094,Amelia Le,House,CBD,3,2,6,4.29,68,Yes,2,68.0,2,5.0,Yes,328.53
991186,Minh Thomas,House,Inner Suburb,4,2,8,4.21,47,Yes,4,84.0,2,7.0,Yes,423.77
994519,Zoe Martin,Apartment,Inner Suburb,1,1,3,4.32,24,No,1,44.0,1,5.0,Yes,342.28
991293,Thomas Scott,Apartment,Regional,2,3,4,4.13,102,No,5,52.0,1,7.0,No,247.08
992131,Henry Anderson,Apartment,Regional,1,2,2,4.37,23,No,3,53.0,1,4.0,Yes,241.79
992709,James Le,Apartment,CBD,3,2,5,4.57,8,No,1,67.0,2,6.0,Yes,231.85
994468,Henry Singh,Apartment,CBD,1,2,3,4.29,69,No,2,59.0,1,8.0,No,313.15
995501,Thomas Chen,Studio,CBD,1,1,3,4.4,131,Yes,10,50.0,2,3.0,No,265.07
996415,Lily Nguyen,Apartment,Regional,2,2,4,4.22,28,No,0,48.0,1,6.0,Yes,166.46
992276,Aisha Wang,House,Inner Suburb,3,2,6,4.45,39,No,7,83.0,2,6.0,No,375.99
993923,Thomas Tran,Apartment,Outer Suburb,2,1,4,4.49,95,Yes,7,69.0,1,5.0,Yes,206.28
991097,Aisha Wang,Townhouse,Regional,3,2,5,4.29,35,No,5,80.0,2,4.0,Yes,322.73
992523,Jack Singh,Apartment,Inner Suburb,1,2,3,4.49,35,Yes,3,59.0,5,8.0,No,265.32
991965,Jack Young,Apartment,Outer Suburb,1,1,2,4.11,32,No,2,37.0,1,4.0,Yes,217.75
991850,Priya Young,House,Regional,3,2,6,4.28,46,Yes,3,78.0,4,6.0,Yes,298.58
993624,Thomas Lee,Apartment,Regional,3,2,8,4.44,150,Yes,9,64.0,1,4.0,Yes,269.86
996386,Aisha Chen,Apartment,Outer Suburb,2,2,4,4.58,24,Yes,1,81.0,2,8.0,Yes,239.23
995202,Hannah Khan,Apartment,Outer Suburb,2,2,3,4.41,49,Yes,8,56.0,1,5.0,Yes,262.78
990727,Lily Smith,Apartment,Outer Suburb,1,1,2,4.35,18,No,5,33.0,2,4.0,Yes,135.25
997118,Chloe Wang,Apartment,Outer Suburb,2,2,4,4.27,91,Yes,10,77.0,2,6.0,No,334.52
996792,Mai Lee,House,Inner Suburb,4,3,8,4.71,103,Yes,4,86.0,3,9.0,Yes,505.71
994516,Linh Walker,Townhouse,CBD,3,3,6,4.72,47,No,2,79.0,3,6.0,Yes,460.86
995187,David Lee,Apartment,Outer Suburb,2,2,3,4.08,166,No,5,67.0,2,4.0,No,107.51
996401,Sarah Nguyen,Villa,Inner Suburb,5,3,9,4.7,8,No,2,103.0,2,7.0,Yes,497.73
996064,Sarah Taylor,Studio,Inner Suburb,1,1,2,4.15,25,No,1,42.0,1,7.0,Yes,167.49
993853,Henry Harris,House,Inner Suburb,4,4,7,4.14,140,No,3,87.0,1,5.0,Yes,450.35
991393,Oliver Thomas,House,Outer Suburb,4,3,10,4.88,60,Yes,5,97.0,2,8.0,No,493.29
993354,Minh Scott,House,Outer Suburb,5,2,10,3.98,48,No,0,78.0,2,6.0,No,345.53
991778,Ben Wilson,Studio,Outer Suburb,1,2,3,4.29,9,No,3,65.0,1,8.0,Yes,237.62
990244,Thomas Ali,Apartment,Inner Suburb,2,2,6,4.52,55,Yes,0,65.0,3,7.0,Yes,335.56
991076,Anna Nguyen,Townhouse,Outer Suburb,3,3,7,4.52,97,No,8,69.0,2,5.0,No,416.32
992215,Hannah Singh,Apartment,CBD,1,1,3,4.59,66,Yes,2,29.0,2,7.0,Yes,352.47
991151,An Harris,Apartment,CBD,1,1,3,4.43,5,N,2,53.0,1,7.0,Yes,340.71
994406,Michael Martin,Villa,CBD,3,3,6,4.56,63,No,4,65.0,2,2.0,Yes,496.1
996629,David Thomas,House,Outer Suburb,3,3,8,4.35,15,No,5,67.0,4,5.0,Yes,335.96
991247,Emily Jones,Studio,Inner Suburb,1,1,1,3.97,37,No,4,55.0,2,5.0,No,173.8
993651,Chloe Wang,Apartment,Inner Suburb,1,1,2,4.81,88,Yes,2,75.0,4,5.0,No,257.56
992697,Oliver Scott,Studio,Regional,1,2,2,4.22,9,No,0,40.0,1,6.0,Yes,205.74
996176,Henry Clark,House,Outer Suburb,3,2,6,4.88,105,Yes,2,84.0,4,10.0,Yes,365.86
997923,Aisha Le,House,Inner Suburb,4,3,8,4.6,34,Yes,3,87.0,1,5.0,Yes,456.26
992627,Omar King,House,Regional,2,2,3,4.7,28,No,5,66.0,4,5.0,Yes,371.96
995676,Ben Singh,Studio,Inner Suburb,1,1,2,4.62,11,No,2,46.0,1,7.0,Yes,217.92
990643,Lily White,House,Inner Suburb,3,3,5,4.58,21,No,8,77.0,2,8.0,No,390.65
997988,Samuel Walker,Apartment,Regional,2,3,6,4.98,53,Yes,1,68.0,2,3.0,Yes,205.37
991880,Ben Martin,Apartment,Inner Suburb,1,2,1,4.65,34,No,1,56.0,1,6.0,Yes,224.58
996022,Lucas Taylor,Apartment,CBD,1,2,1,3.84,84,Yes,15,50.0,2,4.0,Yes,317.48
992412,Chloe Tran,Apartment,Inner Suburb,2,1,4,4.41,33,No,9,62.0,4,5.0,No,187.02
997323,Henry Taylor,Townhouse,Inner Suburb,3,4,6,4.26,67,Yes,9,78.0,3,6.0,No,435.06
997928,Noah Walker,Studio,Outer Suburb,1,1,3,,49,Yes,9,37.0,1,6.0,No,201.79
997735,William Ali,Apartment,Regional,1,1,3,4.56,36,No,5,64.0,3,6.0,Yes,255.52
992111,Olivia Le,Apartment,Inner Suburb,1,2,1,4.26,28,No,5,36.0,2,4.0,No,209.74
993200,Chloe Scott,Apartment,Outer Suburb,2,1,5,4.9,25,No,10,44.0,2,5.0,No,223.97
993649,Isla Jones,Studio,Inner Suburb,1,2,2,4.31,6,No,0,51.0,7,7.0,Yes,183.41
991422,Omar Nguyen,Apartment,Inner Suburb,2,2,3,4.4,49,Yes,4,46.0,3,5.0,Yes,279.11
995925,An King,Apartment,CBD,3,2,6,4.58,73,Yes,0,54.0,10,4.0,No,247.64
991580,Olivia Le,Studio,CBD,1,1,3,4.37,48,Yes,7,51.0,1,7.0,Yes,350.61
993630,Omar Lee,Studio,Inner Suburb,1,2,4,4.66,233,Yes,4,38.0,2,3.0,No,325.05
992026,Linh Young,Apartment,Outer Suburb,1,1,4,4.35,123,Yes,9,71.0,1,9.0,No,329.9
994401,Mia Tran,Apartment,Outer Suburb,2,2,6,4.7,30,No,4,76.0,2,5.0,Yes,178.52
996120,Minh Clark,Apartment,CBD,1,1,2,4.21,31,Yes,3,49.0,1,6.0,Yes,170.84
990572,Aisha Martin,Townhouse,Outer Suburb,2,1,4,4.1,3,No,0,46.0,1,4.0,Yes,230.8
993029,Samuel Young,House,Outer Suburb,3,2,5,4.3,32,No,6,69.0,3,5.0,No,271.72
991124,Ben Lee,House,Outer Suburb,2,2,4,,89,Yes,4,74.0,3,7.0,Yes,345.67
990424,Priya King,Apartment,Outer Suburb,1,1,1,4.37,44,Yes,5,35.0,2,7.0,Yes,137.66
997450,Minh Scott,Townhouse,CBD,3,3,5,4.73,14,No,5,97.0,2,,Yes,474.94
991748,Henry White,Apartment,Inner Suburb,1,2,2,4.29,20,No,1,59.0,2,7.0,No,277.33
992782,Isla Khan,Apartment,Outer Suburb,1,2,2,4.2,53,No,15,67.0,1,7.0,No,233.81
997328,Wei Ali,Townhouse,Regional,3,2,6,4.75,70,No,1,70.0,10,9.0,No,306.4
993356,Isla Nguyen,Townhouse,CBD,2,2,5,4.31,46,No,1,69.0,4,5.0,Yes,387.57
993788,Mia Taylor,Townhouse,Inner Suburb,2,2,4,4.06,50,No,1,62.0,2,7.0,No,296.73
993529,Michael Clark,Villa,Outer Suburb,4,3,8,4.9,62,Yes,8,68.0,3,6.0,No,437.07
992164,Emma Smith,House,Inner Suburb,4,2,9,4.52,80,Yes,4,86.0,3,7.0,Yes,317.64
995229,Ethan Brown,House,Outer Suburb,4,2,8,4.53,72,Yes,15,77.0,1,6.0,No,461.91
996091,Mei Tran,Townhouse,Inner Suburb,2,1,4,4.28,63,No,11,59.0,1,6.0,Yes,273.23
993851,Arjun Martin,Apartment,CBD,2,2,6,4.62,22,No,3,60.0,2,6.0,Yes,408.46
991919,Priya Khan,Apartment,Outer Suburb,1,1,4,4.23,47,No,7,66.0,1,7.0,No,252.52
993041,Anna Young,House,Regional,4,3,7,4.55,20,No,3,89.0,1,6.0,Yes,329.45
993776,Michael Clark,House,CBD,3,3,7,,75,No,2,,1,5.0,Yes,470.43
990008,Amelia Wang,House,Inner Suburb,2,2,6,4.55,50,Yes,7,52.0,2,5.0,Yes,396.68
994025,Emily Lee,Townhouse,Outer Suburb,2,2,4,4.51,6,No,1,68.0,14,2.0,No,261.85
991292,Olivia Singh,House,Regional,4,3,10,4.94,44,Yes,2,83.0,1,,Yes,385.64
992789,Oliver King,Villa,Regional,4,2,8,4.58,62,No,3,87.0,2,9.0,No,465.08
997416,Linh Smith,Studio,Regional,1,1,3,4.47,102,Yes,10,32.0,2,4.0,Yes,189.97
991325,Priya Thomas,Studio,Outer Suburb,1,2,2,4.44,68,No,2,54.0,2,5.0,Yes,187.56
990794,Emma Young,Apartment,Inner Suburb,3,2,6,4.74,161,Yes,3,76.0,4,7.0,No,296.21
997585,Aisha Thomas,Studio,Outer Suburb,1,1,1,4.92,8,No,1,45.0,3,3.0,Yes,183.74
994111,Ethan Anderson,House,Outer Suburb,4,2,7,4.6,89,No,8,88.0,1,7.0,Yes,368.8
994424,Linh Smith,Apartment,Inner Suburb,3,2,6,4.87,41,No,5,63.0,3,7.0,Yes,380.16
991087,Mia Ali,House,Outer Suburb,4,2,8,,43,No,5,,2,9.0,No,429.41
997351,Jack Nguyen,House,Inner Suburb,3,2,6,4.93,40,No,3,82.0,4,5.0,Yes,400.6
992962,Mia Scott,Studio,Inner Suburb,1,1,4,4.54,49,Yes,3,39.0,3,3.0,Yes,168.18
997092,Aisha Tran,Studio,Inner Suburb,1,1,1,4.68,50,No,4,52.0,3,8.0,Yes,209.19
991998,An Wang,Apartment,Regional,1,1,2,4.19,51,No,2,42.0,2,5.0,Yes,109.26
991479,Chloe White,House,Outer Suburb,2,2,4,4.44,48,No,0,68.0,1,6.0,No,181.44
993249,Mia Walker,Townhouse,Inner Suburb,2,3,4,4.58,62,Yes,11,77.0,3,6.0,Yes,277.13
994078,Arjun Wang,Studio,Outer Suburb,1,1,3,4.68,71,Yes,12,46.0,1,5.0,No,257.7
990512,Grace Khan,Apartment,CBD,3,1,6,4.52,125,No,1,62.0,3,6.0,Yes,310.07
991895,Amelia Tran,Townhouse,CBD,2,2,3,3.88,32,No,1,53.0,1,4.0,Yes,266.2
995597,Liam Khan,Townhouse,Outer Suburb,3,2,6,4.6,26,No,1,60.0,2,6.0,Yes,253.13
994356,Olivia Patel,Townhouse,Inner Suburb,3,2,7,3.99,7,No,0,61.0,7,5.0,No,311.81
990631,Lily Scott,Townhouse,Outer Suburb,3,2,5,4.78,60,No,2,80.0,3,9.0,No,340.75
992535,Michael Clark,Studio,CBD,1,2,2,4.84,78,Yes,15,51.0,1,7.0,Yes,367.71
992456,Hannah Harris,House,Regional,4,3,9,4.47,108,No,1,95.0,2,6.0,No,356.61
993650,Lily Taylor,Apartment,Inner Suburb,1,1,2,4.3,27,No,3,37.0,1,4.0,No,293.42
991086,Lily Le,Studio,CBD,1,1,4,4.79,70,Yes,15,51.0,1,7.0,Yes,220.25
997965,Priya Young,Apartment,Inner Suburb,2,2,5,4.11,39,Yes,15,75.0,3,5.0,Yes,357.21
990725,Ava Wilson,House,Outer Suburb,2,2,3,4.83,115,Yes,15,58.0,1,5.0,Yes,319.97
994862,Noah Jones,Townhouse,Outer Suburb,2,1,6,5.0,66,Yes,7,41.0,1,6.0,Yes,247.47
995296,Hannah Walker,Studio,CBD,1,1,2,4.99,39,N,3,36.0,10,3.0,Yes,263.88
995772,Hannah Taylor,Apartment,Inner Suburb,2,2,4,,103,No,6,69.0,1,6.0,Yes,257.12
993241,Michael Jones,Apartment,Inner Suburb,2,2,3,4.81,79,No,10,70.0,1,9.0,Yes,382.43
991648,Ethan Jones,Studio,Inner Suburb,1,1,1,4.59,85,No,1,63.0,2,8.0,No,229.9
993494,Samuel Le,House,CBD,4,3,8,4.8,29,No,3,93.0,1,7.0,Yes,411.08
993417,Linh Lee,Apartment,Outer Suburb,3,2,8,4.2,26,No,5,62.0,1,7.0,Yes,332.86
990073,Thomas Wilson,Studio,CBD,1,1,4,4.47,46,No,4,66.0,1,8.0,Yes,249.33
993682,Emily Anderson,Apartment,CBD,2,1,3,4.39,56,No,5,49.0,3,3.0,Yes,193.67
993362,Omar Walker,Studio,Outer Suburb,1,1,2,4.46,58,No,1,45.0,1,4.0,Yes,99.87
992427,Chloe Clark,Townhouse,Inner Suburb,2,2,4,4.5,18,No,4,71.0,2,6.0,No,282.94
992332,An Le,House,CBD,4,3,9,4.07,51,Yes,2,77.0,1,6.0,No,487.67
993546,Mia Clark,House,Inner Suburb,3,2,6,4.14,32,No,4,82.0,1,6.0,Yes,353.36
991715,Linh Scott,Studio,Inner Suburb,1,1,1,4.59,49,Yes,3,40.0,3,4.0,No,205.71
992904,Chloe Tran,House,Regional,3,2,6,4.33,73,No,14,57.0,2,4.0,No,345.14
992715,Emily Tran,Studio,CBD,1,2,4,4.81,27,Yes,4,35.0,4,6.0,Yes,285.97
997632,Emily Khan,Townhouse,Inner Suburb,3,2,8,4.56,26,No,1,75.0,2,8.0,No,408.08
992228,Amelia Walker,House,CBD,4,2,9,4.06,17,No,2,87.0,2,6.0,Yes,467.54
990600,Oliver Brown,House,Regional,4,2,9,4.65,55,No,13,82.0,1,5.0,Yes,360.22
990817,Sophie Taylor,Apartment,Inner Suburb,1,2,2,4.68,63,Yes,9,58.0,4,8.0,Yes,265.18
992906,Ethan Brown,Apartment,Outer Suburb,2,2,5,4.48,16,N,4,68.0,3,5.0,No,356.86
993927,Aisha Young,Apartment,Inner Suburb,2,1,5,4.3,67,No,8,60.0,2,6.0,No,302.21
996657,Amelia Martin,Townhouse,Inner Suburb,2,2,4,4.3,42,Yes,1,52.0,1,4.0,Yes,301.97
993263,James Anderson,Studio,Outer Suburb,1,1,2,4.65,16,No,7,49.0,1,6.0,Yes,128.55
992304,Amelia Jones,Apartment,CBD,2,2,4,4.1,76,Yes,4,65.0,3,6.0,Yes,374.82
997376,Mai Nguyen,Studio,Inner Suburb,1,1,2,4.48,41,No,3,29.0,2,3.0,Yes,104.43
996612,Wei Tran,Townhouse,Regional,2,2,6,4.19,33,No,5,71.0,2,6.0,Yes,201.68
992742,Hannah Young,Apartment,Regional,2,2,4,4.44,78,Yes,2,76.0,3,6.0,No,207.41
997633,Ben Nguyen,Studio,Inner Suburb,1,1,3,4.75,21,Yes,2,39.0,2,8.0,Yes,225.66
991832,Chloe Le,Studio,CBD,1,1,2,3.89,59,No,4,45.0,2,2.0,Yes,151.51
995455,Anna Taylor,Townhouse,Inner Suburb,3,3,6,4.59,12,No,1,95.0,1,9.0,Yes,427.91
997070,Ava Brown,Apartment,Outer Suburb,2,2,6,4.5,68,Yes,2,68.0,1,4.0,Yes,282.69
996129,Ava King,House,Inner Suburb,4,3,7,4.53,69,No,15,100.0,1,9.0,Yes,479.42
995831,Hannah Harris,Apartment,Outer Suburb,1,1,2,4.75,48,No,5,45.0,1,7.0,No,196.42
995496,Ben Chen,Townhouse,CBD,2,1,5,4.59,45,Yes,8,63.0,2,7.0,Yes,439.66
990796,Lily Ali,House,Regional,3,2,6,4.94,36,Yes,4,69.0,1,8.0,No,323.07
996940,Emma Tran,Studio,Inner Suburb,1,1,3,4.52,112,Yes,1,39.0,2,5.0,No,219.36
995647,Mai Wilson,Apartment,Inner Suburb,2,2,3,4.32,81,No,1,52.0,3,6.0,Yes,210.48
994708,Thomas Wilson,House,Outer Suburb,2,2,4,4.16,38,Yes,2,80.0,2,5.0,Yes,329.74
993825,Amelia Nguyen,Apartment,Inner Suburb,1,2,3,4.78,30,No,2,35.0,1,5.0,No,210.72
996934,Chloe Smith,Townhouse,Inner Suburb,3,2,6,4.34,37,Yes,2,61.0,4,6.0,Yes,366.75
996860,Mei Martin,Apartment,Regional,1,2,3,4.21,11,No,0,51.0,3,5.0,Yes,228.44
995080,Priya White,Studio,Regional,1,1,1,4.6,36,Yes,10,52.0,1,8.0,No,178.04
995172,Michael Young,Apartment,Inner Suburb,1,1,1,4.17,6,No,2,27.0,1,5.0,No,223.2
994370,Sophie Anderson,Apartment,Inner Suburb,3,2,6,4.55,40,Yes,6,78.0,3,6.0,Yes,268.09
992123,An Nguyen,House,CBD,3,2,7,4.57,1,No,0,86.0,3,8.0,Yes,472.49
997557,Jack Clark,Apartment,Inner Suburb,1,2,2,4.2,48,Yes,5,44.0,1,4.0,Yes,296.96
994757,Sophie White,Apartment,Inner Suburb,2,1,5,5.0,120,Yes,11,57.0,3,7.0,Yes,312.59
993222,Samuel Smith,Apartment,Outer Suburb,3,2,7,4.4,19,No,1,76.0,10,6.0,No,289.37
995428,Anna Wang,Apartment,Inner Suburb,1,1,3,4.37,55,No,1,41.0,1,4.0,No,276.81
994036,Mia Martin,Apartment,Regional,3,2,8,4.16,71,Yes,1,69.0,1,5.0,No,258.13
992919,Isla Le,Studio,Inner Suburb,1,1,4,4.18,63,No,6,29.0,1,2.0,No,218.11
997346,Omar Thomas,Apartment,Inner Suburb,1,1,1,4.76,57,No,1,43.0,2,7.0,Yes,182.7
995766,Ava Wilson,House,Inner Suburb,4,2,8,4.6,60,Yes,3,76.0,1,6.0,Yes,372.24
993707,Sarah Le,Apartment,Outer Suburb,1,1,3,4.11,49,Yes,6,55.0,3,4.0,No,179.57
996638,Emma Harris,House,CBD,2,2,3,4.25,214,No,5,64.0,1,6.0,Yes,390.84
994261,Henry Ali,Studio,Inner Suburb,1,2,2,3.96,12,No,0,39.0,10,3.0,Yes,76.68
994306,Chloe Thomas,HOUSE,CBD,3,2,7,4.55,49,Yes,1,79.0,1,6.0,Yes,458.74
994482,Olivia Taylor,Studio,Inner Suburb,1,2,3,4.25,32,No,3,38.0,1,4.0,Yes,270.94
995429,Mia Wilson,House,Outer Suburb,3,3,8,4.13,62,No,8,66.0,1,4.0,Yes,329.92
997932,Chloe Anderson,House,Regional,3,2,6,4.52,23,Yes,1,74.0,2,8.0,Yes,328.89
993498,Lily Clark,Townhouse,CBD,3,3,7,4.29,64,Yes,3,82.0,2,6.0,No,353.89
995503,Olivia King,Apartment,Inner Suburb,1,1,1,4.54,12,No,1,43.0,5,7.0,No,229.33
991942,Sophie Smith,Apartment,Outer Suburb,1,2,1,4.5,189,Yes,3,67.0,2,7.0,No,204.59
993756,Noah Brown,Studio,Inner Suburb,1,2,1,4.57,16,No,5,74.0,3,6.0,No,242.95
993157,Daniel Lee,Apartment,Outer Suburb,1,1,2,4.54,26,No,3,52.0,1,7.0,No,200.46
992644,James Jones,House,Inner Suburb,4,3,8,4.4,49,No,0,86.0,5,7.0,Yes,441.73
994069,Lily Wilson,Apartment,Inner Suburb,1,1,4,4.62,37,Yes,1,33.0,1,6.0,No,370.75
991159,Noah Brown,Townhouse,Outer Suburb,3,3,7,4.72,129,Yes,7,78.0,2,4.0,No,342.18
993239,Amelia Wilson,Villa,Outer Suburb,5,3,10,4.27,87,No,13,82.0,2,6.0,No,453.43
993389,Minh Martin,Studio,Inner Suburb,1,2,1,4.23,46,No,3,67.0,1,6.0,No,285.28
994334,Mia White,House,Regional,3,3,7,5.0,26,Yes,0,80.0,4,8.0,No,369.7
992141,Ava Martin,House,Regional,2,2,3,4.41,45,No,2,68.0,1,5.0,No,177.63
997702,Minh Walker,House,Inner Suburb,3,3,7,4.71,59,Yes,5,71.0,4,7.0,No,434.1
994071,Sarah Nguyen,Apartment,Outer Suburb,2,2,6,4.49,33,No,0,70.0,2,8.0,Yes,226.22
997737,Olivia Chen,Studio,Regional,1,2,3,4.7,29,Yes,2,67.0,2,6.0,Yes,80.84
990506,Noah Martin,House,Inner Suburb,5,4,10,,55,No,2,,2,5.0,Yes,625.79
993582,Wei White,House,CBD,3,2,6,4.62,8,No,3,62.0,3,5.0,Yes,449.49
993801,Jack Tran,Studio,Outer Suburb,1,1,2,4.12,55,No,9,39.0,1,5.0,No,272.17
996734,Priya Patel,Villa,Inner Suburb,3,2,6,4.19,103,No,2,90.0,4,8.0,Yes,413.81
995185,Michael Wilson,Apartment,CBD,2,2,6,4.5,72,Yes,5,77.0,1,7.0,Yes,244.06
994377,Samuel Walker,Studio,Inner Suburb,1,2,1,3.88,42,Yes,2,50.0,1,4.0,No,166.25
991755,Zoe Nguyen,Apartment,Regional,1,1,4,4.68,76,Yes,2,64.0,3,6.0,Yes,186.78
990278,Arjun Harris,Apartment,Inner Suburb,2,2,4,4.14,8,No,0,74.0,3,9.0,Yes,307.87
997321,Samuel Ali,House,Regional,3,2,8,4.48,63,Yes,1,69.0,3,5.0,No,281.59
993892,Noah Young,Apartment,Inner Suburb,1,1,3,4.45,73,No,2,33.0,2,5.0,Yes,221.62
997740,Amelia Patel,Townhouse,Outer Suburb,2,2,4,4.08,29,No,1,56.0,2,5.0,Yes,196.66
995895,David Taylor,Studio,Outer Suburb,1,2,2,5.0,29,Yes,2,74.0,7,9.0,Yes,140.54
992483,Jack Lee,Townhouse,Regional,3,2,5,4.18,60,No,4,79.0,3,6.0,Yes,372.03
995005,Arjun Harris,House,Regional,2,2,4,4.71,47,Yes,1,47.0,2,6.0,Yes,247.19
995816,Priya Le,House,CBD,4,3,7,4.19,25,No,4,88.0,2,10.0,No,417.38
991697,Noah Khan,Apartment,CBD,1,1,2,4.58,7,No,0,25.0,1,4.0,Yes,199.54
991945,Hannah Smith,Studio,CBD,1,2,4,4.2,89,Yes,12,55.0,2,5.0,Yes,366.85
997893,Liam Wang,Apartment,Regional,1,2,4,4.19,139,No,1,50.0,5,,No,225.13
993038,Mai White,Apartment,CBD,2,2,6,4.27,37,No,13,41.0,1,5.0,Yes,265.55
995965,Olivia Le,Studio,Inner Suburb,1,1,1,4.41,25,No,4,42.0,3,3.0,No,128.8
992246,Minh White,House,Inner Suburb,3,2,6,3.99,22,No,0,91.0,1,6.0,Yes,344.21
990682,Minh Thomas,House,Inner Suburb,5,4,10,4.56,22,Yes,1,100.0,2,7.0,No,446.44
992505,Priya Wilson,Townhouse,Outer Suburb,2,1,5,4.08,38,Yes,1,38.0,3,4.0,Yes,325.0
992882,David Brown,Villa,Regional,3,2,6,4.48,41,Yes,2,62.0,1,4.0,Yes,454.37
993724,Samuel Ali,Townhouse,Outer Suburb,2,1,4,4.28,95,No,3,48.0,1,6.0,Yes,289.15
996891,Thomas Lee,Studio,Inner Suburb,1,1,2,4.18,14,No,0,32.0,1,7.0,No,226.66
992711,Grace Lee,Villa,Outer Suburb,5,3,10,4.35,28,Yes,1,109.0,1,8.0,Yes,529.24
994627,Daniel Nguyen,Villa,Inner Suburb,3,4,5,4.01,33,No,3,79.0,2,6.0,Yes,405.33
990793,Emily Nguyen,House,Regional,4,2,8,4.5,3,No,0,68.0,1,5.0,Yes,364.86
991073,Omar White,Apartment,Inner Suburb,2,2,5,4.34,15,No,1,56.0,3,4.0,No,262.07
992682,Isla Chen,Apartment,Inner Suburb,2,1,4,4.0,18,No,5,43.0,3,3.0,No,161.06
990801,Lucas Khan,Studio,Outer Suburb,1,1,2,4.18,142,No,0,49.0,2,5.0,No,156.1
993942,David Patel,House,Outer Suburb,2,2,5,4.48,53,No,1,66.0,1,4.0,Yes,307.91
992887,Lucas Thomas,House,Regional,3,2,6,4.24,90,Yes,0,84.0,2,7.0,Yes,334.07
995006,Linh King,Studio,Outer Suburb,1,1,2,4.39,68,Yes,1,49.0,2,4.0,No,248.3
996912,Mia Nguyen,Apartment,Outer Suburb,3,3,5,4.64,52,Yes,2,79.0,1,6.0,Yes,233.86
992813,Sarah Smith,Apartment,Inner Suburb,1,2,1,4.51,86,No,8,59.0,1,5.0,No,323.9
994503,David Tran,House,Regional,4,3,8,4.49,33,No,1,92.0,2,6.0,Yes,296.04
994758,Noah Harris,Studio,Inner Suburb,1,1,4,4.22,36,No,5,60.0,2,5.0,No,231.78
991916,Amelia Clark,Apartment,Inner Suburb,1,1,3,,33,No,7,,1,2.0,No,223.16
994435,Hannah Tran,Apartment,Inner Suburb,1,1,4,4.24,103,No,2,29.0,5,4.0,Yes,255.34
994489,Olivia Martin,House,Inner Suburb,3,2,7,4.59,44,No,0,70.0,1,7.0,Yes,327.0
994354,Michael King,Apartment,Inner Suburb,3,2,6,4.24,25,Yes,4,76.0,2,9.0,Yes,442.12
997031,Aisha Le,House,Inner Suburb,3,1,6,4.62,34,Yes,5,48.0,1,6.0,Yes,477.46
997939,Henry Ali,Apartment,Inner Suburb,2,2,4,4.74,20,No,0,62.0,1,7.0,No,305.91
997833,Zoe Singh,Townhouse,Regional,3,2,7,4.23,42,No,4,53.0,1,5.0,Yes,244.93
996366,Samuel Le,Apartment,Outer Suburb,1,1,4,4.41,12,No,0,35.0,1,4.0,No,132.07
994290,Emily Tran,Studio,Outer Suburb,1,1,2,4.39,31,No,1,46.0,1,6.0,Yes,197.03
990326,Sophie Ali,Apartment,CBD,1,1,3,4.36,44,No,0,47.0,2,5.0,No,207.71
995144,Samuel Jones,Apartment,Inner Suburb,1,1,3,4.33,47,No,0,37.0,3,6.0,No,220.82
991246,Isla Singh,Villa,Regional,4,2,8,4.68,50,No,2,79.0,2,8.0,No,405.63
996817,Ava Anderson,Apartment,CBD,1,1,1,4.99,85,Yes,7,37.0,1,5.0,Yes,300.28
994612,Hannah Chen,House,Outer Suburb,3,2,8,4.68,61,No,0,55.0,1,6.0,Yes,400.29
995070,Isla Jones,Apartment,CBD,1,2,4,,42,Yes,5,,2,4.0,Yes,277.29
991601,Omar Chen,Apartment,Regional,1,1,4,4.69,126,Yes,9,61.0,1,4.0,Yes,138.34
990746,Ava Martin,House,Inner Suburb,4,2,9,4.74,110,No,6,86.0,1,7.0,No,490.15
997183,Chloe Le,House,Inner Suburb,2,1,4,4.33,36,No,0,63.0,1,5.0,No,220.15
994913,Linh King,House,Outer Suburb,3,3,6,4.69,37,Yes,4,75.0,1,5.0,Yes,338.2
991853,Mai Thomas,Apartment,Inner Suburb,1,2,4,5.0,61,N,1,67.0,1,7.0,Yes,293.58
996824,Wei Young,Studio,Outer Suburb,1,1,3,4.53,68,No,3,50.0,2,7.0,Yes,165.68
992395,Liam Harris,House,CBD,4,2,8,4.21,17,No,4,74.0,2,6.0,Yes,447.57
994390,Lily Singh,Studio,Regional,1,2,2,4.38,24,Yes,4,58.0,4,6.0,Yes,147.87
990986,Aisha Tran,House,Outer Suburb,5,4,10,3.9,19,No,2,97.0,2,6.0,No,439.22
997653,Hannah Tran,House,Outer Suburb,2,2,4,4.62,127,Yes,7,70.0,2,5.0,No,300.8
990942,Sarah Singh,Apartment,Outer Suburb,2,3,6,4.78,93,Yes,15,64.0,1,7.0,No,357.63
996439,Lily Nguyen,Apartment,CBD,3,3,6,4.18,31,Yes,4,68.0,3,5.0,Yes,359.32
995763,Arjun Ali,Townhouse,Inner Suburb,4,2,7,4.52,107,Yes,1,76.0,2,7.0,No,374.09
995304,Daniel Wilson,House,Outer Suburb,2,2,5,4.32,37,Yes,2,67.0,1,8.0,Yes,389.34
995259,Mei Taylor,Studio,CBD,1,1,3,4.65,17,No,8,46.0,5,4.0,Yes,266.88
996432,Ethan Lee,Studio,CBD,1,2,1,4.26,51,Yes,10,41.0,2,5.0,No,239.94
995451,Mia Wilson,House,Outer Suburb,4,3,8,4.17,45,Yes,2,79.0,2,7.0,No,476.46
992222,Ben Taylor,Apartment,Outer Suburb,1,1,4,,50,No,4,39.0,2,4.0,Yes,136.58
997915,Emma Brown,Apartment,Inner Suburb,1,1,4,4.45,50,Yes,0,46.0,1,5.0,Yes,212.49
993053,Michael Le,House,CBD,3,3,7,,9,No,2,,2,9.0,No,446.33
990079,Chloe King,House,Inner Suburb,4,3,7,4.5,73,No,7,96.0,14,6.0,No,389.66
990697,Thomas Clark,Apartment,Outer Suburb,3,2,8,4.66,77,Yes,6,79.0,4,6.0,Yes,263.75
992930,Ava Jones,House,Regional,4,3,10,4.62,34,Yes,5,75.0,7,9.0,Yes,468.16
995398,Amelia Taylor,Apartment,Regional,1,2,2,4.16,49,Yes,5,48.0,1,3.0,No,157.83
997960,William King,Apartment,Outer Suburb,2,2,6,4.33,43,No,6,70.0,2,5.0,No,247.53
992522,Samuel Clark,Apartment,Outer Suburb,2,2,3,4.6,93,No,15,62.0,3,5.0,Yes,255.89
991140,Daniel Young,House,Inner Suburb,3,2,5,4.22,14,No,4,84.0,1,7.0,Yes,327.52
992723,Sophie Singh,Townhouse,Inner Suburb,3,2,6,4.56,15,No,3,67.0,2,6.0,Yes,441.69
995091,Mia Thomas,Townhouse,Outer Suburb,3,2,6,4.09,60,No,8,83.0,2,8.0,No,280.02
995535,Mei Lee,Apartment,Inner Suburb,2,2,6,4.49,57,No,4,61.0,1,7.0,Yes,345.74
996289,Mai Harris,Apartment,Regional,3,3,5,4.58,45,Yes,4,81.0,1,7.0,Yes,390.18
993332,Chloe Singh,Apartment,Outer Suburb,3,2,8,4.94,41,No,6,73.0,3,5.0,No,415.01
996489,An Patel,Studio,Outer Suburb,1,2,3,4.43,89,No,15,61.0,1,4.0,No,325.18
997064,Jack Tran,Studio,Inner Suburb,1,2,4,4.75,67,Yes,8,39.0,3,5.0,Yes,155.29
993886,Ethan Singh,Studio,CBD,1,2,4,4.21,14,No,4,43.0,3,5.0,No,353.88
996023,Sarah Walker,House,Outer Suburb,3,2,5,4.57,30,No,11,67.0,3,6.0,No,391.21
992665,Grace Martin,House,Outer Suburb,4,3,7,4.75,40,Yes,3,92.0,3,5.0,No,309.89
995239,Amelia Clark,House,CBD,4,3,7,4.18,82,No,5,66.0,3,4.0,No,517.15
996902,Emily Clark,Apartment,Outer Suburb,1,1,4,4.6,95,No,0,45.0,3,7.0,No,212.69
996059,Priya Patel,House,Inner Suburb,4,3,7,4.71,53,Yes,2,88.0,14,10.0,Yes,337.52
992267,Priya Brown,Apartment,Outer Suburb,2,1,4,4.34,66,Yes,4,26.0,1,4.0,No,250.61
993684,Michael White,House,Outer Suburb,4,3,7,4.53,57,Yes,2,85.0,3,7.0,No,360.5
991914,Jack Khan,Studio,Inner Suburb,1,1,1,4.27,35,No,2,51.0,3,5.0,Yes,234.24
992344,Noah Khan,Apartment,Regional,1,1,2,4.57,63,Yes,15,52.0,3,6.0,Yes,312.36
993083,An Martin,House,Outer Suburb,3,2,7,4.32,93,Yes,10,60.0,1,6.0,Yes,396.73
994096,Liam Clark,Apartment,Outer Suburb,1,2,2,4.53,37,No,8,52.0,7,6.0,No,112.87
997044,Michael Nguyen,House,Regional,5,4,10,,32,No,8,,2,8.0,Yes,398.85
990629,Lily Anderson,Studio,Inner Suburb,1,1,3,3.97,89,Yes,1,55.0,1,4.0,No,253.23
993472,Daniel Jones,House,Regional,5,3,10,5.0,64,Yes,2,106.0,1,7.0,No,495.74
997000,Ethan Patel,Apartment,Inner Suburb,1,1,3,4.69,34,Yes,1,41.0,5,7.0,Yes,237.75
996323,Anna Thomas,Apartment,Outer Suburb,1,1,2,4.3,38,No,3,52.0,3,5.0,Yes,204.8
995493,Zoe Brown,House,CBD,4,3,8,4.58,99,Yes,12,75.0,2,5.0,Yes,469.44
995061,Isla Harris,Apartment,Inner Suburb,1,1,2,4.34,17,No,3,48.0,1,5.0,No,174.48
992106,William Walker,Studio,Outer Suburb,1,2,2,4.35,82,No,15,56.0,3,5.0,Yes,220.94
995268,Chloe Khan,House,Inner Suburb,3,2,7,4.61,27,No,0,66.0,3,5.0,Yes,310.25
991334,Ben Walker,Apartment,Inner Suburb,3,3,6,,104,Yes,3,,1,4.0,No,288.82
996522,Oliver Young,House,Outer Suburb,2,2,5,4.32,32,No,4,63.0,3,8.0,Yes,318.67
997569,Thomas Chen,House,Inner Suburb,2,1,4,4.49,69,Yes,4,57.0,1,7.0,Yes,411.21
997732,Linh Young,Apartment,Outer Suburb,1,1,4,3.88,8,No,2,38.0,2,5.0,Yes,190.61
997818,An Thomas,Apartment,Inner Suburb,1,1,4,4.65,73,No,1,42.0,2,6.0,Yes,226.8
995861,Jack Wang,House,Outer Suburb,2,3,5,4.38,44,No,1,57.0,1,4.0,No,265.98
995672,Amelia King,House,Outer Suburb,3,2,6,4.45,46,No,1,64.0,2,5.0,No,308.16
992588,James Khan,House,CBD,4,3,8,4.69,84,Yes,1,94.0,1,6.0,Yes,461.97
991967,Anna Le,House,CBD,3,2,6,4.66,100,Yes,2,79.0,1,5.0,No,342.64
992161,Thomas Anderson,Apartment,CBD,1,1,2,4.43,65,No,2,40.0,5,6.0,Yes,256.8
993952,James King,Apartment,Inner Suburb,1,2,1,4.14,6,No,0,57.0,4,4.0,No,153.44
996749,Ben Walker,Studio,Outer Suburb,1,1,2,4.5,146,No,1,38.0,2,5.0,Yes,122.8
996325,Ava Jones,House,Inner Suburb,3,3,8,4.43,19,No,2,65.0,1,6.0,Yes,313.19
997387,Hannah Martin,Studio,CBD,1,1,2,4.07,29,No,5,43.0,7,5.0,No,198.51
990059,Aisha Wilson,Apartment,CBD,2,1,5,4.24,120,No,3,54.0,3,6.0,Yes,379.51
990066,Samuel Le,Apartment,Inner Suburb,2,3,4,3.94,108,No,15,70.0,10,5.0,Yes,221.28
994400,Lily Singh,House,Regional,3,2,8,4.6,115,Yes,4,73.0,3,3.0,Yes,326.45
995191,Michael Harris,Apartment,Regional,2,3,3,4.9,56,Yes,7,67.0,2,8.0,Yes,370.41
996459,Noah Lee,Townhouse,CBD,2,2,3,4.67,95,No,15,55.0,1,5.0,Yes,386.1
996916,James Nguyen,Studio,Inner Suburb,1,1,3,4.39,57,No,0,56.0,4,8.0,Yes,174.81
990413,Samuel Anderson,Apartment,Inner Suburb,1,1,3,,60,Yes,0,,2,4.0,Yes,213.84
990476,Olivia King,Studio,Outer Suburb,1,1,1,4.18,34,No,13,41.0,1,5.0,Yes,172.04
993958,Chloe Wang,House,Outer Suburb,3,2,5,5.0,73,Yes,15,61.0,1,6.0,No,322.06
990494,Jack Harris,Apartment,Inner Suburb,1,1,3,4.26,14,No,7,37.0,2,3.0,Yes,121.95
996209,Daniel King,House,CBD,3,3,5,4.29,18,No,3,74.0,1,4.0,No,354.76
997957,Mai Scott,Apartment,Inner Suburb,1,2,1,4.17,159,No,8,49.0,2,5.0,No,312.04
991632,Oliver Young,House,Inner Suburb,4,2,8,4.83,24,No,5,70.0,10,6.0,Yes,330.38
990896,Mai Thomas,Apartment,Inner Suburb,1,2,2,4.96,41,Yes,1,61.0,1,8.0,No,272.77
990866,Lily Singh,Apartment,Inner Suburb,1,2,1,4.18,42,No,11,49.0,3,2.0,No,306.35
990552,Noah Anderson,Studio,CBD,1,2,4,4.79,34,No,2,44.0,2,5.0,No,314.54
994169,Minh Singh,Apartment,Regional,2,2,4,4.62,41,No,2,62.0,2,7.0,No,181.42
997830,Lily Harris,Townhouse,Outer Suburb,2,2,5,4.28,9,No,3,78.0,2,5.0,No,224.02
992190,Ava Tran,Townhouse,Inner Suburb,2,2,4,4.13,58,No,4,69.0,1,7.0,Yes,287.85
995275,Henry Martin,House,Inner Suburb,3,3,8,4.03,95,No,11,72.0,3,4.0,Yes,403.88
994244,Grace Patel,Apartment,Regional,1,1,2,4.53,20,No,1,53.0,1,5.0,Yes,130.99
997824,Daniel Martin,Apartment,Outer Suburb,1,2,2,4.28,22,No,0,48.0,1,6.0,Yes,194.98
994824,Jack Anderson,House,Inner Suburb,3,1,7,4.22,39,Yes,3,65.0,2,6.0,No,412.7
993405,Liam Thomas,Apartment,CBD,2,2,3,4.32,81,Yes,15,63.0,1,5.0,Yes,300.45
994956,Jack Patel,Townhouse,Inner Suburb,2,2,5,4.31,15,No,7,62.0,1,6.0,Yes,286.26
990903,Linh Chen,House,Inner Suburb,5,3,9,4.63,43,No,4,74.0,1,7.0,Yes,442.86
991821,Grace Walker,Apartment,Inner Suburb,2,2,3,4.14,56,No,4,60.0,5,4.0,No,254.46
991286,Ben Nguyen,Studio,Inner Suburb,1,2,1,4.63,58,No,9,67.0,5,7.0,Yes,256.82
996150,Oliver Harris,Townhouse,CBD,3,2,6,,83,No,15,,2,6.0,No,305.51
995295,Amelia Khan,Townhouse,CBD,3,2,6,4.76,3,No,0,97.0,3,7.0,No,438.34
997864,Ben Taylor,Apartment,Outer Suburb,2,2,4,4.2,51,No,10,61.0,2,3.0,Yes,177.95
993152,Emma Young,Townhouse,Inner Suburb,3,3,8,4.41,13,No,0,58.0,4,7.0,Yes,309.1
993439,Isla King,Townhouse,Outer Suburb,4,3,9,4.18,29,No,2,75.0,1,6.0,Yes,279.06
995280,Sarah Nguyen,Villa,Outer Suburb,5,3,9,4.22,88,Yes,2,82.0,3,6.0,Yes,450.35
993742,Chloe White,Apartment,Regional,1,2,1,4.18,31,Yes,3,56.0,2,4.0,Yes,150.39
993022,Emily Nguyen,Apartment,Outer Suburb,2,2,4,4.48,6,No,2,69.0,2,7.0,No,218.88
994006,Daniel Chen,House,Inner Suburb,4,3,10,5.0,62,Yes,8,96.0,7,4.0,Yes,403.2
991396,Ethan Anderson,Studio,Inner Suburb,1,1,4,4.11,40,No,3,39.0,3,4.0,Yes,95.64
997101,Sarah White,Apartment,CBD,2,1,4,4.79,46,No,5,59.0,5,6.0,Yes,240.32
994911,David King,Apartment,Outer Suburb,2,2,6,4.28,5,No,1,75.0,2,4.0,Yes,362.81
994756,Emily Tran,House,Inner Suburb,3,2,6,4.03,6,No,1,77.0,1,5.0,Yes,312.64
990487,Isla Khan,House,Inner Suburb,3,2,6,4.28,73,No,15,78.0,1,,No,455.2
993718,Oliver Lee,House,Inner Suburb,4,3,8,4.41,40,Yes,7,88.0,1,6.0,Yes,390.26
994533,Emily Taylor,Apartment,Inner Suburb,3,2,7,4.19,42,Yes,4,53.0,2,4.0,Yes,341.83
994432,Ben Jones,Apartment,Regional,2,2,6,4.27,44,No,1,67.0,1,2.0,Yes,295.58
990617,Ben Scott,House,Regional,4,3,10,4.4,50,Yes,8,104.0,1,7.0,No,394.47
992237,Wei King,House,Outer Suburb,5,3,9,4.69,96,Yes,1,119.0,2,8.0,Yes,417.54
990105,Aisha Clark,House,Inner Suburb,4,3,8,4.74,27,No,4,86.0,3,7.0,Yes,427.24
997640,Liam Lee,Townhouse,CBD,2,1,4,4.0,33,No,1,65.0,1,8.0,Yes,371.52
996353,Thomas Nguyen,Apartment,Outer Suburb,2,2,4,4.74,44,No,2,64.0,1,5.0,Yes,219.92
996977,Jack Clark,Apartment,Regional,3,2,8,4.45,37,Yes,4,69.0,1,6.0,No,169.31
991390,Minh Scott,House,Regional,4,4,7,4.79,30,No,3,95.0,5,8.0,No,350.71
992712,An Taylor,House,Regional,3,3,8,4.03,45,No,2,79.0,3,5.0,Yes,433.21
994052,Mai Le,Studio,Inner Suburb,1,1,3,3.96,21,Yes,0,35.0,1,4.0,Yes,220.86
990594,Michael Taylor,Apartment,Outer Suburb,1,2,2,4.38,17,No,7,44.0,2,5.0,Yes,202.29
996397,Grace White,Apartment,CBD,1,1,2,4.51,124,No,15,38.0,1,4.0,No,346.8
993594,An Lee,Apartment,Outer Suburb,2,2,6,4.47,21,Yes,1,50.0,2,5.0,Yes,217.92
990279,Isla Singh,Townhouse,Outer Suburb,3,3,5,4.29,56,No,10,75.0,2,5.0,Yes,382.57
993174,Ava Clark,Apartment,Inner Suburb,1,2,1,4.52,51,No,9,54.0,1,9.0,No,197.58
993526,William Jones,Apartment,Inner Suburb,2,2,4,4.7,22,Yes,1,78.0,1,9.0,No,297.81
995252,David Clark,House,Outer Suburb,2,2,4,3.99,27,Yes,1,69.0,1,5.0,Yes,262.81
993723,Thomas Thomas,Studio,Inner Suburb,1,1,1,4.79,15,No,8,33.0,2,2.0,No,182.54
997096,Mei Singh,Apartment,Outer Suburb,1,2,2,4.79,28,Yes,3,61.0,1,6.0,Yes,179.12
993153,Omar White,House,Inner Suburb,3,2,7,4.48,7,No,2,67.0,1,7.0,Yes,326.74
992094,Lucas Khan,Apartment,Outer Suburb,2,1,4,4.54,65,Yes,4,51.0,1,5.0,Yes,258.98
996152,Omar Le,Townhouse,Outer Suburb,3,3,6,4.33,57,No,5,82.0,1,7.0,Yes,358.91
991819,Ava Chen,Apartment,Inner Suburb,1,2,4,5.0,38,Yes,11,56.0,7,7.0,Yes,186.43
992166,Noah Singh,HOUSE,Outer Suburb,3,2,8,4.36,21,Yes,3,61.0,2,4.0,No,309.22
997626,Michael Scott,Studio,Regional,1,2,3,4.23,87,No,1,44.0,2,5.0,Yes,135.07
990464,Sarah King,Townhouse,Outer Suburb,4,2,7,4.53,27,Yes,1,99.0,2,9.0,No,454.31
993436,Linh Scott,Studio,CBD,1,1,2,4.24,21,Yes,1,38.0,1,8.0,Yes,261.24
991848,David Singh,House,Outer Suburb,3,3,7,4.79,47,No,10,82.0,2,7.0,Yes,370.34
995992,Daniel Singh,Apartment,Inner Suburb,1,1,4,4.69,81,Yes,1,44.0,2,6.0,Yes,157.31
990535,Olivia Wang,Apartment,Outer Suburb,1,2,3,4.35,1,No,0,57.0,2,5.0,No,249.34
996191,Liam Singh,Studio,Inner Suburb,1,1,2,4.91,52,Yes,7,48.0,3,7.0,Yes,280.8
992303,Daniel Martin,Studio,Regional,1,2,4,5.0,50,Yes,0,51.0,2,8.0,Yes,262.79
991269,Priya Walker,Studio,CBD,1,1,3,4.62,67,Yes,5,52.0,2,6.0,No,234.42
992425,Mei Singh,Studio,CBD,1,1,2,4.44,16,No,3,48.0,2,7.0,Yes,209.86
997454,Jack Brown,Apartment,CBD,2,1,5,4.31,57,No,15,74.0,2,7.0,No,371.06
992787,Sarah King,Townhouse,Inner Suburb,3,3,7,4.61,78,No,1,76.0,1,6.0,No,369.35
991084,Olivia Smith,Apartment,Regional,1,2,1,4.13,16,No,4,53.0,1,5.0,No,62.47
996787,Mia Smith,Studio,Inner Suburb,1,2,2,4.31,25,No,1,56.0,3,5.0,Yes,170.47
991018,Emily Lee,Apartment,Outer Suburb,1,2,2,4.22,14,No,3,51.0,1,4.0,No,145.43
996158,Chloe Singh,House,Inner Suburb,5,3,10,5.0,64,Yes,2,91.0,5,10.0,No,469.29
996843,Samuel Patel,House,Outer Suburb,3,2,7,4.42,4,No,2,73.0,1,6.0,No,334.4
992890,Sarah Khan,House,Inner Suburb,4,3,8,4.3,34,Yes,3,87.0,3,6.0,No,414.63
996187,Sophie Wilson,Studio,Inner Suburb,1,1,4,4.55,6,No,1,52.0,1,6.0,Yes,161.35
990589,Emma Ali,House,Outer Suburb,2,2,4,4.53,38,No,1,51.0,2,6.0,No,162.54
992411,An Chen,Villa,Inner Suburb,3,2,6,4.56,24,No,0,72.0,3,6.0,No,405.65
990129,Daniel Patel,House,Outer Suburb,3,2,6,4.3,21,Yes,2,74.0,3,8.0,Yes,385.83
991539,Lily Khan,Villa,Outer Suburb,5,2,10,4.42,58,No,3,101.0,1,8.0,Yes,480.96
992157,Ava Nguyen,Apartment,Inner Suburb,1,1,4,4.48,85,Yes,15,23.0,3,3.0,Yes,193.99
994652,Emily Nguyen,Townhouse,CBD,3,2,6,4.65,101,No,6,61.0,1,3.0,No,292.72
991685,Thomas Le,Apartment,CBD,1,1,3,4.83,34,No,2,49.0,1,6.0,No,259.92
996048,Sophie King,Townhouse,Outer Suburb,2,2,4,4.22,18,No,2,60.0,7,4.0,Yes,227.24
997171,Noah Singh,House,Regional,3,2,8,4.43,29,No,9,79.0,1,7.0,Yes,318.32
994852,Samuel Khan,Studio,Inner Suburb,1,1,2,4.38,60,No,1,31.0,3,2.0,Yes,230.06
994810,Sarah Wilson,Apartment,Outer Suburb,2,1,6,4.65,13,No,7,47.0,1,4.0,Yes,229.17
997767,Ethan Singh,Studio,Inner Suburb,1,1,4,4.31,57,Yes,13,44.0,3,4.0,Yes,212.81
990405,Henry Patel,Apartment,Inner Suburb,2,2,5,4.5,16,No,2,51.0,1,5.0,No,222.56
993145,William Wang,Apartment,Outer Suburb,3,2,8,4.05,53,No,4,68.0,1,5.0,Yes,243.37
992976,Sarah Harris,Apartment,CBD,2,2,4,3.76,78,No,3,62.0,1,4.0,Yes,299.5
991371,Ben Scott,Apartment,Outer Suburb,1,1,2,4.25,117,Yes,15,52.0,2,7.0,Yes,133.18
996595,Wei Scott,Studio,Outer Suburb,1,1,2,4.11,13,No,1,28.0,1,2.0,No,147.23
993093,Ethan Clark,Apartment,Inner Suburb,1,2,3,4.64,44,No,2,49.0,1,6.0,Yes,320.99
992590,Chloe Patel,Townhouse,Inner Suburb,3,2,6,4.66,8,No,0,70.0,2,6.0,Yes,297.18
996424,Mia Jones,House,Inner Suburb,3,1,6,4.3,28,No,2,78.0,3,4.0,Yes,347.98
992875,Henry Lee,Apartment,CBD,2,2,4,4.32,97,No,5,53.0,2,4.0,No,361.03
996618,Chloe Jones,Apartment,Regional,1,1,1,4.29,47,No,0,49.0,1,5.0,No,186.4
992831,Amelia Anderson,Studio,Outer Suburb,1,2,1,4.72,100,Yes,0,45.0,1,4.0,Yes,115.26
997213,Daniel Clark,Apartment,Outer Suburb,3,2,8,4.41,28,No,4,84.0,2,7.0,No,317.2
996948,Michael Young,House,Inner Suburb,4,3,9,4.59,23,No,7,68.0,2,4.0,Yes,424.64
994829,Lucas Patel,Apartment,Inner Suburb,1,1,1,4.12,71,Yes,5,47.0,1,5.0,No,262.77
994409,Amelia White,Apartment,CBD,3,2,5,4.5,32,Yes,5,79.0,3,6.0,Yes,342.24
995041,Emily Wang,Apartment,Inner Suburb,1,1,2,4.63,6,No,2,58.0,2,6.0,No,162.84
995729,Mei Young,Apartment,Regional,2,2,6,4.75,15,No,0,87.0,1,7.0,No,298.08
992063,Priya King,Studio,Inner Suburb,1,2,2,4.89,34,No,2,56.0,2,8.0,No,256.15
994741,Olivia Tran,House,Outer Suburb,5,3,10,4.33,31,Yes,1,92.0,3,6.0,No,470.47
996472,Chloe Tran,Villa,CBD,4,3,7,4.82,27,Yes,3,78.0,3,6.0,No,359.83
995084,William Khan,Villa,Inner Suburb,3,2,7,4.58,16,Yes,2,64.0,1,9.0,Yes,490.06
997472,Anna Thomas,Studio,Outer Suburb,1,1,4,4.33,15,No,4,67.0,1,7.0,Yes,230.25
991413,Aisha Harris,Apartment,Inner Suburb,2,2,4,4.06,29,No,4,68.0,2,6.0,Yes,257.35
992694,Jack Scott,Apartment,Outer Suburb,2,1,5,4.27,47,Yes,4,58.0,1,6.0,Yes,211.79
991443,Linh Nguyen,House,Outer Suburb,3,2,7,4.98,43,Yes,1,76.0,1,6.0,No,307.92
993322,Lucas Clark,Villa,Inner Suburb,5,3,10,4.42,56,No,5,98.0,1,8.0,Yes,505.58
995256,Thomas Jones,Villa,Outer Suburb,3,2,6,4.48,39,No,1,65.0,2,8.0,Yes,413.67
995409,Chloe Chen,Apartment,Inner Suburb,2,2,5,4.35,60,No,2,51.0,3,5.0,Yes,208.97
993822,Emma Le,House,Inner Suburb,4,2,8,3.9,48,No,2,68.0,3,3.0,Yes,369.37
992485,Grace Ali,House,Inner Suburb,4,3,7,4.72,51,No,1,81.0,3,9.0,Yes,401.6
995571,Mai Nguyen,House,CBD,3,2,6,4.42,51,No,15,74.0,1,6.0,Yes,433.24
997751,Mai Lee,House,Inner Suburb,3,3,8,4.23,137,No,0,72.0,5,3.0,No,389.28
995192,Chloe Smith,Apartment,Outer Suburb,1,2,3,4.68,12,No,3,55.0,1,6.0,Yes,143.89
997660,Priya Young,Apartment,Inner Suburb,1,1,4,4.57,105,Yes,15,35.0,1,3.0,Yes,224.9
992756,Oliver Patel,Townhouse,CBD,2,2,6,4.64,120,No,7,51.0,1,5.0,No,389.3
996534,Lily Brown,Studio,CBD,1,1,1,4.06,10,No,1,56.0,1,5.0,No,180.95
993781,Henry Anderson,Townhouse,Regional,4,2,8,4.69,89,Yes,14,97.0,1,7.0,Yes,405.95
992827,Linh Clark,Townhouse,Inner Suburb,2,2,4,4.86,93,Yes,7,51.0,2,5.0,Yes,233.84
994145,Aisha Tran,Apartment,Inner Suburb,1,2,4,4.35,17,No,4,41.0,1,5.0,No,160.87
992020,Emma Singh,House,Outer Suburb,4,3,9,4.96,96,Yes,5,86.0,1,6.0,No,514.02
992443,Aisha Ali,House,Inner Suburb,4,2,7,4.46,81,Yes,10,92.0,1,7.0,No,387.14
997272,Noah Ali,House,Outer Suburb,2,2,5,4.95,61,Yes,2,52.0,1,9.0,No,357.41
997713,Mei Martin,Apartment,Outer Suburb,2,1,4,4.54,5,No,1,70.0,2,6.0,Yes,207.6
995335,Mai Taylor,Apartment,CBD,2,2,3,4.36,80,Yes,7,61.0,3,6.0,Yes,308.26
995130,Arjun Martin,Studio,Outer Suburb,1,1,1,4.31,16,No,2,63.0,2,6.0,Yes,176.79
991199,Grace Le,House,Inner Suburb,3,2,6,4.29,19,No,1,78.0,2,5.0,Yes,399.46
997204,Mai Tran,House,Outer Suburb,4,3,8,4.53,25,No,1,98.0,2,6.0,No,393.43
990024,An Harris,Townhouse,CBD,3,2,6,4.25,29,No,4,62.0,4,7.0,No,450.1
992354,Oliver Wilson,Apartment,Regional,1,1,2,4.23,10,No,2,63.0,1,5.0,Yes,156.83
993408,Zoe Walker,Apartment,Outer Suburb,1,1,2,4.95,26,Yes,3,56.0,2,7.0,Yes,189.61
994620,Lily Tran,Apartment,Inner Suburb,3,2,6,4.42,41,No,2,64.0,1,5.0,Yes,350.91
995076,Noah Jones,Apartment,Inner Suburb,2,2,5,4.4,25,No,1,67.0,2,3.0,No,170.04
995458,Wei Wang,Townhouse,CBD,2,1,5,4.45,38,Yes,3,48.0,7,6.0,Yes,356.68
994125,Lucas Wang,Apartment,CBD,1,1,2,4.06,58,No,12,58.0,2,8.0,Yes,320.04
990342,Daniel Taylor,Apartment,Inner Suburb,2,2,5,4.76,52,No,2,79.0,1,6.0,Yes,330.09
992210,Isla Walker,Apartment,Regional,1,1,2,,39,Yes,7,,2,6.0,Yes,179.71
992656,Mei King,House,Inner Suburb,3,3,6,4.74,5,No,2,79.0,5,9.0,Yes,391.03
990378,Priya Harris,Studio,Outer Suburb,1,1,2,4.78,39,No,0,33.0,10,3.0,No,110.01
991875,David Tran,Apartment,Outer Suburb,2,1,3,4.65,15,No,2,74.0,2,7.0,Yes,227.92
997397,Liam Brown,House,CBD,2,2,4,4.12,20,No,6,45.0,2,4.0,Yes,343.41
990409,Michael Tran,Studio,Regional,1,2,2,4.31,5,No,1,40.0,1,3.0,No,135.17
992462,Daniel Brown,Studio,Outer Suburb,1,1,4,4.6,9,No,2,54.0,1,5.0,No,148.07
991290,Noah Young,Apartment,Regional,2,2,6,4.53,185,No,1,62.0,5,4.0,Yes,204.88
992199,Priya Lee,House,Outer Suburb,3,2,6,4.3,20,No,0,62.0,2,4.0,Yes,325.96
990740,Omar Lee,House,CBD,3,2,7,4.48,26,No,1,76.0,1,6.0,Yes,446.82
993896,Mia Chen,Apartment,Inner Suburb,2,2,4,4.52,36,No,5,74.0,2,7.0,Yes,330.35
991021,Lucas Walker,Studio,Outer Suburb,1,1,3,4.41,94,No,15,48.0,2,6.0,Yes,200.17
995210,Noah Scott,Apartment,CBD,1,1,1,4.41,41,Yes,1,21.0,1,1.0,No,202.74
994520,Noah Clark,Apartment,CBD,1,1,2,4.81,109,Yes,15,38.0,2,3.0,Yes,301.53
991824,Liam Khan,Apartment,Inner Suburb,3,2,6,4.15,24,No,0,64.0,1,4.0,No,288.44
995757,Thomas Brown,Apartment,Outer Suburb,2,1,3,4.61,27,No,12,69.0,3,6.0,Yes,205.17
993352,Mei Taylor,Apartment,Regional,1,2,4,4.61,54,No,0,48.0,2,4.0,No,267.65
993282,Emma Martin,House,Outer Suburb,2,2,5,4.22,26,No,7,66.0,2,6.0,No,332.22
990721,David Jones,Studio,Outer Suburb,1,1,2,4.91,143,Yes,7,66.0,2,7.0,Yes,229.19
996935,Thomas Anderson,House,Outer Suburb,3,3,6,4.33,60,No,1,77.0,2,5.0,Yes,332.21
996585,Grace Wang,Apartment,Inner Suburb,2,2,3,4.21,58,Yes,2,73.0,2,7.0,Yes,184.72
991119,Ethan Khan,Townhouse,Inner Suburb,3,2,8,4.36,21,No,3,76.0,2,7.0,Yes,256.67
992229,Ethan Wilson,HOUSE,Outer Suburb,5,3,9,4.65,15,No,1,108.0,1,9.0,Yes,461.45
990033,James Walker,Villa,Outer Suburb,3,2,6,4.14,44,No,8,81.0,1,7.0,No,463.96
993587,Lily Khan,Apartment,Inner Suburb,1,1,4,4.49,72,Yes,8,51.0,3,6.0,Yes,245.35
991010,James Patel,Apartment,Outer Suburb,2,1,6,4.37,101,No,1,61.0,1,6.0,No,227.95
994819,An Taylor,Apartment,Inner Suburb,1,2,1,4.18,33,No,4,60.0,3,5.0,No,256.78
995762,Henry Walker,Town House,CBD,4,3,8,4.07,40,No,1,71.0,1,6.0,Yes,432.61
997759,Chloe Scott,House,Inner Suburb,3,2,5,4.43,89,No,1,78.0,1,6.0,No,400.66
996250,Ben Wilson,Townhouse,Outer Suburb,2,2,6,4.36,50,No,4,63.0,1,6.0,Yes,399.83
993984,Liam Scott,Apartment,CBD,2,2,4,4.22,15,No,3,43.0,2,4.0,Yes,187.26
994193,Wei White,Apartment,Outer Suburb,1,2,2,4.51,75,No,0,48.0,2,5.0,Yes,220.7
992004,Priya Anderson,Apartment,Outer Suburb,1,1,1,4.3,25,No,15,25.0,2,3.0,No,152.4
997901,William Le,Apartment,Outer Suburb,1,1,1,4.83,58,No,15,39.0,1,2.0,Yes,161.54
994265,Chloe White,Villa,CBD,2,2,5,,24,No,0,,2,6.0,Yes,338.18
996915,Omar King,Townhouse,Outer Suburb,3,3,5,4.12,25,No,0,76.0,3,6.0,Yes,309.82
997580,Henry Harris,House,Inner Suburb,4,3,8,4.33,36,No,2,86.0,1,5.0,Yes,404.71
990608,Olivia Brown,Apartment,Regional,2,2,5,,55,No,1,,3,4.0,Yes,210.37
997428,James Chen,House,Outer Suburb,3,3,6,4.46,61,No,0,68.0,3,6.0,Yes,383.6
994136,Olivia Scott,House,Outer Suburb,4,2,8,,65,Yes,15,,1,8.0,Yes,435.35
996776,Mei Ali,Studio,CBD,1,1,1,4.58,70,Yes,1,36.0,5,2.0,Yes,270.91
992073,Omar Tran,Townhouse,CBD,3,2,7,4.52,40,Yes,9,70.0,1,6.0,Yes,414.81
990525,James Scott,Apartment,Inner Suburb,1,1,2,4.13,59,Yes,11,47.0,14,5.0,Yes,234.36
995716,Zoe Ali,Studio,Outer Suburb,1,2,1,4.05,5,No,1,52.0,3,4.0,Yes,140.33
996829,Liam Lee,House,CBD,4,4,8,4.62,53,Yes,2,82.0,1,6.0,No,449.16
996646,Anna Clark,Townhouse,Regional,3,2,5,4.61,44,No,4,71.0,1,7.0,Yes,356.16
990859,Mai Tran,Villa,Inner Suburb,3,2,7,4.64,48,No,2,81.0,1,8.0,No,469.85
995819,Oliver Lee,Villa,Regional,5,3,10,4.63,33,Yes,7,85.0,7,7.0,No,483.42
995999,Henry Jones,House,Outer Suburb,3,2,7,4.01,37,No,4,61.0,1,5.0,Yes,260.39
992663,Daniel Harris,Apartment,CBD,2,2,6,4.4,111,No,0,76.0,2,6.0,No,324.1
994554,James Anderson,Townhouse,CBD,2,2,4,4.05,49,Yes,4,72.0,2,4.0,No,334.7
992994,Henry Patel,Apartment,Outer Suburb,3,2,8,4.51,23,No,8,71.0,1,6.0,Yes,340.06
996911,Anna Scott,Villa,Outer Suburb,2,2,4,4.73,91,Yes,12,62.0,1,4.0,Yes,433.4
996572,Lily Clark,Apartment,Outer Suburb,1,2,2,4.19,15,No,3,51.0,1,5.0,No,156.34
996717,Samuel Lee,House,Inner Suburb,2,2,4,4.39,13,No,4,48.0,3,4.0,No,337.09
996952,Hannah Wilson,House,Inner Suburb,5,4,10,4.62,130,Yes,6,104.0,7,5.0,Yes,483.91
991864,Ethan Martin,Apartment,Outer Suburb,2,2,4,4.55,16,No,7,60.0,3,5.0,Yes,305.3
992119,Lily White,Apartment,CBD,2,1,4,4.05,44,No,1,59.0,3,6.0,Yes,185.42
995113,Jack Smith,Townhouse,Inner Suburb,3,2,7,4.4,41,Yes,7,81.0,3,6.0,No,409.25
997453,Chloe Ali,Apartment,Inner Suburb,2,1,3,4.54,58,Yes,4,45.0,2,3.0,Yes,249.55
991071,Linh Wang,House,CBD,4,3,7,4.41,2,No,1,100.0,1,5.0,Yes,424.96
991250,Michael Tran,Villa,CBD,3,3,5,4.14,46,No,15,80.0,3,7.0,Yes,808.54
996347,Sophie Wilson,Apartment,Outer Suburb,1,2,3,3.99,5,No,1,53.0,1,3.0,No,243.83
992863,Emma Walker,Apartment,Outer Suburb,2,2,3,4.42,37,Yes,3,69.0,1,5.0,Yes,253.23
993111,James Martin,House,Inner Suburb,3,1,5,4.06,32,No,0,78.0,1,6.0,No,308.05
997347,Minh Smith,Townhouse,Inner Suburb,3,2,7,4.68,46,Yes,1,70.0,1,6.0,Yes,376.73
996038,Olivia Thomas,Apartment,Inner Suburb,1,1,2,4.37,43,No,0,55.0,1,4.0,No,161.87
991851,Emily Clark,Villa,Regional,5,3,10,4.48,64,No,1,107.0,4,10.0,Yes,458.45
994811,William Ali,Apartment,CBD,1,1,1,4.46,42,No,12,54.0,1,5.0,Yes,348.62
995970,Lily Nguyen,Apartment,Inner Suburb,1,2,4,4.36,28,Yes,1,50.0,2,4.0,No,215.35
990536,Arjun Harris,House,Regional,3,3,6,4.31,29,No,1,72.0,5,6.0,Yes,322.15
996624,Liam Anderson,House,CBD,3,3,6,4.48,71,Yes,15,83.0,2,6.0,Yes,390.65
993122,Lucas Wilson,Studio,Regional,1,1,2,4.5,46,No,15,35.0,1,7.0,Yes,198.24
990879,Priya Clark,Apartment,Regional,1,2,4,4.32,17,No,2,40.0,4,3.0,No,156.6
996645,Amelia Brown,House,Outer Suburb,4,2,8,3.97,15,No,2,76.0,1,4.0,No,285.82
990709,Emma Singh,Studio,Inner Suburb,1,1,3,3.93,2,No,1,35.0,4,5.0,Yes,242.66
991160,Daniel Young,Apartment,CBD,1,2,3,4.06,16,No,1,53.0,1,6.0,No,269.91
993640,Lily Anderson,Apartment,CBD,2,2,4,5.0,3,No,0,68.0,2,7.0,Yes,351.32
993489,Henry Chen,Villa,Outer Suburb,5,3,10,4.24,23,No,1,110.0,1,6.0,Yes,468.73
993599,Lucas Young,Apartment,CBD,1,1,2,4.26,67,No,0,48.0,2,1.0,Yes,179.67
994181,Sophie Anderson,Apartment,Outer Suburb,1,1,3,4.5,52,Yes,8,56.0,1,6.0,Yes,212.76
992214,Emma Le,Apartment,Inner Suburb,1,2,2,4.46,47,No,2,60.0,3,5.0,Yes,404.71
990259,Liam White,House,Inner Suburb,3,2,5,4.44,36,No,9,61.0,7,6.0,No,394.27
995809,Amelia King,Townhouse,Inner Suburb,3,2,5,4.67,19,No,0,84.0,1,4.0,Yes,274.63
996920,Mei Nguyen,Studio,Inner Suburb,1,1,2,4.38,2,No,1,30.0,2,5.0,No,123.4
991243,Jack Harris,House,Regional,4,3,7,4.6,36,No,0,85.0,1,4.0,No,319.23
990881,An Young,Studio,Inner Suburb,1,1,2,3.71,107,No,9,48.0,1,6.0,No,198.26
997437,Emma Khan,House,Outer Suburb,3,2,6,4.2,72,No,3,67.0,5,5.0,No,359.53
993485,Linh Anderson,Apartment,Inner Suburb,1,2,1,4.5,104,Yes,1,46.0,1,6.0,Yes,245.1
996563,Michael Brown,Studio,Outer Suburb,1,1,1,4.2,34,No,6,18.0,2,1.0,Yes,190.62
996492,Oliver Le,Townhouse,Outer Suburb,4,2,10,4.17,53,Yes,14,85.0,2,6.0,Yes,338.27
997979,Ben Thomas,Apartment,Outer Suburb,2,2,3,4.35,69,Yes,15,51.0,1,5.0,Yes,269.88
994553,Wei Jones,Apartment,Inner Suburb,1,1,2,4.25,1,No,0,35.0,2,5.0,No,232.87
997479,Liam Anderson,Villa,Outer Suburb,5,3,10,4.73,104,No,6,89.0,3,8.0,Yes,513.62
992726,Amelia Chen,Townhouse,Regional,2,2,4,4.54,31,No,2,64.0,1,9.0,Yes,245.8
992784,Thomas Scott,Apartment,Outer Suburb,1,2,4,4.57,64,No,3,69.0,2,3.0,No,247.84
994231,Wei Nguyen,Townhouse,Outer Suburb,2,2,4,4.4,63,Yes,3,65.0,2,5.0,No,293.46
993468,Mai Patel,Townhouse,Regional,3,2,8,4.38,30,No,2,83.0,1,3.0,Yes,385.06
993482,Zoe Jones,Studio,Outer Suburb,1,2,3,4.32,183,No,2,36.0,1,2.0,Yes,140.51
992307,Ben Ali,Apartment,Regional,2,2,5,3.99,75,No,2,60.0,1,4.0,Yes,194.22
994010,Olivia Taylor,House,CBD,4,3,8,4.48,17,No,4,72.0,1,7.0,No,489.66
996575,Samuel Patel,House,Inner Suburb,2,2,4,4.65,4,No,0,44.0,3,4.0,No,364.39
991185,Samuel Harris,Apartment,Inner Suburb,2,2,5,4.77,32,Yes,3,68.0,3,9.0,Yes,318.25
995783,Ben Ali,Apartment,Inner Suburb,1,1,3,3.82,11,No,4,55.0,3,4.0,Yes,232.79
990120,Priya Scott,Townhouse,Inner Suburb,3,2,6,5.0,58,Yes,13,95.0,2,9.0,No,440.88
996823,Isla Patel,Townhouse,Outer Suburb,2,2,4,4.44,44,No,2,65.0,3,5.0,Yes,262.29
992197,Ethan Harris,House,CBD,5,3,10,4.71,99,No,6,85.0,3,7.0,No,498.04
995065,Liam Harris,Apartment,Regional,1,1,1,4.57,41,No,6,45.0,7,7.0,Yes,231.98
991223,Anna Jones,House,CBD,3,2,5,4.74,65,No,0,72.0,3,5.0,Yes,377.34
996615,James Patel,Apartment,Inner Suburb,1,2,4,4.63,26,Yes,3,62.0,2,7.0,Yes,328.53
990032,Samuel Thomas,Apartment,Outer Suburb,2,2,4,4.2,18,No,4,56.0,2,4.0,No,103.17
995466,David Khan,Studio,Inner Suburb,1,1,2,4.47,11,No,3,69.0,3,8.0,No,206.55
993712,Linh Taylor,House,Inner Suburb,3,2,8,4.64,86,No,1,52.0,1,7.0,Yes,426.84
994260,Henry Le,Apartment,CBD,2,2,5,4.71,39,No,1,71.0,2,6.0,No,292.38
992783,Mei Chen,Studio,CBD,1,2,2,4.48,114,No,3,66.0,1,5.0,No,100.92
991441,William Smith,Apartment,Outer Suburb,1,2,2,4.24,63,No,2,63.0,2,4.0,Yes,195.88
991207,David Khan,Studio,Inner Suburb,1,1,1,4.33,4,No,0,48.0,2,5.0,Yes,228.75
997997,Michael Anderson,Apartment,Inner Suburb,1,1,2,4.44,53,No,6,48.0,3,5.0,Yes,117.48
991578,Linh Chen,Townhouse,Inner Suburb,4,3,9,4.65,37,Yes,5,78.0,3,8.0,Yes,436.79
997863,Anna Young,Townhouse,CBD,3,2,5,4.62,41,No,6,68.0,1,5.0,Yes,480.79
995060,An Clark,House,CBD,3,2,8,4.84,89,Yes,15,67.0,1,3.0,No,400.93
994013,Anna Chen,Apartment,Outer Suburb,2,1,4,4.65,87,No,4,47.0,2,5.0,No,231.12
993339,Sophie Singh,Studio,Inner Suburb,1,1,1,4.18,27,No,1,69.0,2,8.0,No,201.14
990191,Omar Anderson,House,Inner Suburb,2,3,5,4.52,40,No,1,68.0,2,9.0,No,408.44
994820,Mei Ali,House,Inner Suburb,4,2,10,4.57,50,Yes,2,81.0,2,6.0,No,361.48
997480,Hannah Khan,Apartment,Inner Suburb,2,2,5,4.25,27,No,3,66.0,1,6.0,No,401.55
997408,Grace White,Townhouse,Inner Suburb,2,1,4,4.48,32,No,6,58.0,1,5.0,Yes,331.54
992498,Hannah Young,Apartment,Inner Suburb,1,2,2,4.55,28,No,1,72.0,2,5.0,Yes,206.88
995782,William Brown,Apartment,Outer Suburb,1,1,3,3.94,66,No,12,48.0,2,7.0,Yes,109.6
990067,An Anderson,Studio,Outer Suburb,1,1,2,4.44,17,No,5,53.0,1,6.0,Yes,210.04
992410,Noah Anderson,Apartment,CBD,1,1,1,3.82,10,No,1,46.0,2,3.0,Yes,232.98
992891,Liam Walker,House,Regional,3,2,7,4.15,45,Yes,7,67.0,3,3.0,No,328.44
992374,Ben Patel,Townhouse,CBD,3,3,5,4.49,26,No,8,77.0,1,5.0,Yes,375.59
997059,An Smith,Villa,Outer Suburb,5,4,10,4.5,4,No,0,100.0,1,8.0,Yes,581.4
993505,Oliver Brown,Studio,CBD,1,2,1,4.65,38,Yes,4,59.0,5,5.0,No,222.78
995969,Henry Singh,Apartment,Regional,1,1,2,4.26,49,No,1,67.0,1,7.0,Yes,199.86
990103,Isla Tran,Apartment,Inner Suburb,1,2,1,4.62,39,No,6,69.0,1,7.0,Yes,321.16
996986,Mei Smith,House,Regional,3,2,6,4.5,81,Yes,9,79.0,2,5.0,Yes,371.48
997194,Ethan Singh,Apartment,Inner Suburb,1,1,1,4.16,127,Yes,3,30.0,4,4.0,No,237.33
990198,Linh Tran,Apartment,CBD,2,2,5,4.64,28,No,15,69.0,5,6.0,Yes,298.29
997679,Ethan Brown,Apartment,Inner Suburb,1,2,4,4.25,51,Yes,7,57.0,1,6.0,No,334.32
996258,Hannah Anderson,Apartment,Outer Suburb,3,2,5,4.1,10,No,6,74.0,1,5.0,No,300.94
996782,Ethan Tran,Studio,Outer Suburb,1,2,2,4.43,13,No,2,48.0,4,7.0,Yes,164.96
992680,Olivia Smith,Apartment,Outer Suburb,1,2,2,4.19,96,No,3,62.0,7,5.0,No,120.39
993694,Ben Jones,Townhouse,CBD,2,2,6,4.24,18,Yes,1,52.0,1,6.0,Yes,399.15
995104,Hannah Lee,House,CBD,4,2,7,4.47,6,No,2,90.0,1,5.0,Yes,506.62
995373,Emma Ali,Apartment,Outer Suburb,1,1,1,4.85,49,Yes,11,44.0,2,6.0,No,246.98
990205,Ben Walker,Studio,Inner Suburb,1,2,1,4.29,98,No,4,49.0,1,4.0,No,176.0
993760,Ethan Harris,Studio,Inner Suburb,1,2,1,4.33,135,No,1,54.0,2,5.0,No,260.32
990125,Zoe White,Apartment,Outer Suburb,1,2,1,4.0,3,No,0,73.0,1,10.0,No,211.08
996836,Ethan Chen,House,Inner Suburb,2,2,4,4.31,28,Yes,3,51.0,7,5.0,Yes,158.07
996427,William Wang,Apartment,Inner Suburb,2,2,4,4.39,32,No,3,66.0,2,6.0,No,212.68
994033,William Smith,House,CBD,3,2,7,3.87,105,Yes,6,58.0,2,4.0,No,436.62
995425,Omar Brown,Studio,Inner Suburb,1,1,2,,70,No,2,,5,6.0,No,243.36
992519,Noah Tran,Studio,Outer Suburb,1,1,3,4.3,112,Yes,10,21.0,3,2.0,Yes,120.64
997752,Priya Anderson,Apartment,Inner Suburb,2,2,4,4.21,10,No,7,46.0,3,2.0,Yes,178.75
992232,Mai Ali,Apartment,CBD,2,2,6,3.87,52,No,0,60.0,1,8.0,Yes,302.62
996382,Linh Wang,Apartment,CBD,2,1,4,4.54,25,Yes,1,55.0,2,7.0,Yes,307.12
995873,Amelia Harris,House,Regional,4,3,9,4.51,56,No,0,81.0,1,7.0,Yes,299.58
992001,Sophie Le,Apartment,Regional,1,1,1,4.27,216,No,7,42.0,1,5.0,Yes,214.8
997205,Hannah Young,Apartment,Inner Suburb,1,1,4,4.18,39,No,1,38.0,3,4.0,Yes,166.48
990895,Linh Lee,Studio,Inner Suburb,1,1,4,4.5,11,No,3,39.0,1,4.0,Yes,149.67
993428,Isla Harris,House,Outer Suburb,4,3,9,4.55,8,No,4,94.0,5,5.0,Yes,326.09
992765,Lucas Scott,Apartment,Outer Suburb,2,1,4,4.49,20,No,0,72.0,1,6.0,Yes,245.34
993978,Henry Ali,House,Regional,4,3,8,4.4,71,Yes,7,95.0,2,5.0,No,363.07
995510,Zoe Walker,Townhouse,Regional,3,2,8,4.91,56,No,0,77.0,2,5.0,Yes,312.45
992963,Grace White,Studio,Inner Suburb,1,2,2,4.32,35,No,2,57.0,5,5.0,No,168.42
993108,Wei Young,House,Inner Suburb,3,2,6,4.51,165,Yes,6,76.0,2,6.0,No,425.77
995795,Priya Patel,Apartment,Outer Suburb,1,1,4,4.49,22,No,5,45.0,2,5.0,Yes,260.8
994927,Aisha Le,Apartment,Inner Suburb,3,2,8,4.78,78,Yes,14,77.0,7,5.0,Yes,308.07
996009,Amelia Jones,House,Regional,5,3,9,3.93,16,No,5,95.0,10,6.0,Yes,328.91
993166,Mia Ali,Townhouse,Outer Suburb,4,3,10,4.49,59,No,10,71.0,1,4.0,Yes,439.12
997814,Oliver Nguyen,Apartment,CBD,1,1,2,4.62,43,No,2,59.0,1,7.0,Yes,267.34
997065,Emma Wang,Townhouse,Inner Suburb,3,3,7,4.48,33,Yes,1,67.0,4,5.0,Yes,317.37
997924,David Ali,House,Inner Suburb,3,3,5,4.28,20,No,1,77.0,1,6.0,No,417.09
995835,Hannah King,Apartment,Inner Suburb,1,2,1,4.13,1,No,1,42.0,5,2.0,Yes,193.08
991365,Lily Lee,Studio,CBD,1,2,1,4.6,68,No,2,54.0,4,5.0,Yes,231.64
994587,Daniel Smith,Studio,CBD,1,2,4,3.9,24,Yes,4,51.0,1,2.0,No,354.64
996390,Arjun Smith,House,Inner Suburb,3,3,5,4.81,49,No,0,76.0,4,7.0,No,392.7
996671,James Thomas,Apartment,Outer Suburb,1,1,2,4.6,38,Yes,2,46.0,2,6.0,No,199.0
993901,Zoe White,House,Regional,4,3,8,4.32,39,Yes,1,90.0,1,5.0,Yes,359.03
996579,Arjun Le,Townhouse,Inner Suburb,3,3,5,4.57,137,No,3,82.0,4,7.0,No,419.36
991947,Amelia Scott,Apartment,Outer Suburb,2,3,5,4.99,32,Yes,2,73.0,2,8.0,Yes,267.27
990568,David Anderson,Apartment,Outer Suburb,2,2,4,4.84,139,Yes,10,70.0,1,8.0,Yes,300.07
993597,Ava Young,Apartment,CBD,2,2,4,4.57,124,No,15,47.0,2,6.0,Yes,336.34
991113,An Nguyen,Apartment,Outer Suburb,1,2,2,4.65,47,No,5,52.0,1,6.0,Yes,218.3
993834,Sarah Wilson,House,Inner Suburb,3,3,8,4.78,102,No,6,84.0,4,5.0,Yes,457.41
997203,Mai Thomas,House,Inner Suburb,3,2,6,4.85,69,No,2,70.0,2,5.0,Yes,437.56
993687,An Tran,Apartment,Inner Suburb,1,1,3,4.07,40,No,4,28.0,4,5.0,Yes,132.59
995570,Samuel Tran,Apartment,Outer Suburb,1,2,1,4.28,125,Yes,5,48.0,5,4.0,Yes,189.65
992911,Daniel Harris,House,CBD,5,3,10,5.0,52,Yes,4,103.0,1,7.0,No,484.94
995010,Michael Jones,Apartment,Regional,1,2,2,3.98,5,No,1,52.0,7,4.0,Yes,195.84
995100,Henry Scott,House,Inner Suburb,3,3,6,4.37,17,No,4,71.0,1,5.0,Yes,400.49
990315,Sophie Singh,Apartment,Inner Suburb,1,1,4,4.31,3,No,0,50.0,3,7.0,No,168.97
990417,Mia Smith,Villa,CBD,3,3,7,4.46,29,No,8,67.0,3,6.0,No,400.02
996054,Emma Walker,Studio,CBD,1,1,2,4.73,16,No,1,38.0,4,2.0,Yes,299.33
994448,James Martin,Apartment,Inner Suburb,2,1,4,4.5,130,No,1,72.0,3,7.0,Yes,221.7
996220,Mei Thomas,Townhouse,Outer Suburb,2,2,3,4.88,91,Yes,9,61.0,7,5.0,Yes,285.6
994796,Linh Wilson,Apartment,Outer Suburb,3,2,7,4.42,61,No,8,89.0,2,7.0,Yes,314.26
995640,David Wang,Apartment,CBD,1,1,2,4.51,23,No,9,57.0,7,8.0,No,269.35
991793,An Khan,Apartment,Regional,2,1,6,4.31,73,No,2,52.0,1,4.0,No,209.88
992837,Minh Lee,Apartment,Inner Suburb,2,2,3,4.38,57,Yes,1,52.0,3,5.0,Yes,288.41
996879,Noah Thomas,Apartment,CBD,1,2,4,4.47,5,No,1,51.0,5,6.0,No,193.13
991335,Amelia Clark,House,Inner Suburb,2,2,4,4.54,11,No,5,83.0,1,4.0,Yes,359.12
996759,Isla Tran,House,Inner Suburb,4,2,10,4.84,63,Yes,13,71.0,2,6.0,Yes,414.93
992305,Isla Le,Apartment,Regional,2,1,3,4.45,53,No,15,68.0,2,6.0,Yes,254.27
991600,Olivia Scott,Apartment,Inner Suburb,1,2,2,3.86,55,Yes,3,40.0,2,6.0,No,141.26
994892,Wei Young,Villa,Regional,5,2,10,4.72,22,Yes,0,110.0,2,9.0,No,431.69
997694,David Thomas,Apartment,Inner Suburb,2,2,3,4.52,47,No,0,49.0,1,4.0,No,292.07
991639,Lucas Khan,Apartment,Inner Suburb,1,1,2,3.89,37,No,0,37.0,3,3.0,No,141.12
995859,Thomas Wang,Apartment,Inner Suburb,1,2,1,3.96,5,No,3,40.0,1,9.0,Yes,240.35
993461,Ethan Harris,Apartment,Regional,2,1,4,4.12,69,Yes,14,51.0,5,5.0,Yes,238.64
996171,Ben White,House,Regional,3,2,8,4.08,48,No,5,78.0,5,6.0,Yes,296.58
996868,Omar Nguyen,Studio,Regional,1,2,2,4.33,99,No,1,44.0,1,2.0,Yes,147.52
992342,Ben Thomas,Townhouse,Inner Suburb,3,3,8,4.45,8,No,0,68.0,1,6.0,No,371.69
990419,Priya Walker,House,Inner Suburb,3,3,8,4.33,84,Yes,3,72.0,1,6.0,No,335.32
993585,James Tran,Townhouse,Inner Suburb,3,2,5,4.3,14,No,1,65.0,1,3.0,No,214.35
991258,Hannah Ali,Apartment,Outer Suburb,2,1,3,4.11,98,No,2,51.0,1,5.0,No,146.84
990470,Sarah Singh,Apartment,Inner Suburb,1,1,2,4.63,45,Yes,15,39.0,2,4.0,Yes,231.37
996504,Mai Wilson,Apartment,Regional,1,1,1,4.99,66,Yes,9,28.0,14,4.0,No,154.3
991008,Michael Chen,Studio,Inner Suburb,1,1,2,4.8,107,No,2,44.0,3,4.0,No,153.21
995362,Oliver Thomas,Townhouse,Inner Suburb,3,3,6,4.54,18,No,7,77.0,4,7.0,Yes,436.68
996644,Mai Singh,Apartment,Outer Suburb,2,2,6,4.59,54,No,2,48.0,2,5.0,Yes,192.39
994122,Michael Chen,Villa,Outer Suburb,4,2,9,4.59,55,Yes,7,72.0,3,7.0,Yes,503.67
990251,Lily Jones,Villa,Regional,5,3,9,4.68,63,Yes,4,123.0,1,10.0,Yes,432.13
991216,Amelia Wilson,Studio,Regional,1,1,2,4.85,20,No,6,56.0,1,5.0,Yes,153.83
994016,Wei Thomas,Apartment,Outer Suburb,1,2,3,4.5,62,No,2,54.0,2,5.0,Yes,188.48
993596,Anna Thomas,Studio,Outer Suburb,1,1,1,4.29,54,No,2,51.0,1,6.0,No,156.0
993213,Zoe Scott,Townhouse,Regional,2,2,4,4.35,39,Yes,6,59.0,3,4.0,Yes,238.98
991796,Ben Young,Apartment,Outer Suburb,3,3,5,4.37,42,No,2,82.0,1,5.0,No,391.33
991322,David Wilson,Studio,Outer Suburb,1,1,2,4.21,30,No,3,46.0,1,5.0,No,166.68
994422,Emily Taylor,Villa,Inner Suburb,5,4,10,5.0,30,No,1,112.0,2,9.0,No,573.97
993376,Sophie Tran,House,Outer Suburb,4,2,7,4.44,133,Yes,15,92.0,2,5.0,Yes,375.21
990755,Chloe Brown,Apartment,CBD,1,1,4,4.69,23,Yes,4,39.0,1,6.0,Yes,167.52
991595,Linh Anderson,Town House,Regional,4,3,10,4.21,139,Yes,4,83.0,3,7.0,No,337.39
995910,Ethan Thomas,House,Outer Suburb,3,3,8,4.37,12,No,1,83.0,1,5.0,Yes,365.06
992770,Amelia Nguyen,Townhouse,CBD,3,2,6,4.39,109,Yes,4,90.0,3,7.0,No,425.36
990367,Sarah Nguyen,Studio,Regional,1,2,2,4.38,21,No,3,61.0,3,4.0,No,260.24
993970,An Clark,House,Outer Suburb,2,2,6,4.45,9,No,3,57.0,2,7.0,Yes,296.53
995081,Anna Clark,Apartment,Inner Suburb,2,1,4,4.32,130,Yes,1,54.0,3,4.0,Yes,338.39
995214,Zoe Harris,Apartment,Inner Suburb,3,2,7,4.51,27,Yes,1,62.0,3,9.0,Yes,356.43
992387,William Scott,Apartment,Regional,2,3,3,5.0,39,No,4,73.0,2,5.0,No,259.57
995838,Ben Le,House,Regional,4,2,8,4.31,55,No,13,79.0,5,6.0,Yes,354.25
996512,Omar Martin,House,Outer Suburb,3,3,8,4.34,63,No,1,72.0,4,8.0,No,335.22
992874,Zoe Clark,Townhouse,Inner Suburb,3,2,8,4.33,45,No,5,78.0,1,6.0,Yes,355.72
997426,An Taylor,Apartment,Outer Suburb,1,2,4,4.87,137,No,3,53.0,1,3.0,No,206.91
995533,Henry Harris,Apartment,Inner Suburb,1,1,4,4.03,38,No,3,26.0,2,5.0,No,236.07
997305,Anna King,Apartment,Inner Suburb,2,2,5,4.23,47,Yes,1,60.0,1,6.0,No,309.74
993427,Liam Scott,Apartment,Inner Suburb,1,1,1,4.24,65,Yes,3,59.0,3,5.0,Yes,207.9
993455,Chloe Thomas,Studio,Inner Suburb,1,1,3,4.55,6,No,0,38.0,10,4.0,Yes,223.24
992362,Grace Lee,Townhouse,Regional,3,2,5,4.31,16,No,3,57.0,1,7.0,No,258.0
993290,Liam White,Studio,CBD,1,2,3,4.39,90,Yes,10,61.0,2,8.0,No,359.49
990735,James Young,House,Regional,4,2,10,4.45,94,Yes,5,104.0,3,7.0,Yes,362.15
993807,Michael Smith,Studio,Inner Suburb,1,1,2,4.54,22,No,0,46.0,1,4.0,No,217.24
990276,Ben Ali,Townhouse,Outer Suburb,4,2,9,4.71,66,Yes,15,76.0,3,,Yes,430.26
992835,David Le,Apartment,Inner Suburb,1,2,2,4.45,127,Yes,2,66.0,1,7.0,No,314.69
993269,Sarah Chen,Studio,Inner Suburb,1,1,3,4.49,27,No,0,41.0,3,3.0,No,126.82
996897,Mia Ali,House,Inner Suburb,3,2,6,4.57,25,No,8,73.0,10,5.0,Yes,374.48
990447,Emily Taylor,House,Inner Suburb,3,3,8,4.53,7,No,3,88.0,14,7.0,Yes,387.45
996261,Hannah Le,Apartment,Inner Suburb,1,1,2,4.59,126,No,2,46.0,2,5.0,No,152.85
994360,Linh Nguyen,House,Inner Suburb,3,2,6,4.34,57,No,5,69.0,2,5.0,No,423.74
995552,Chloe White,Townhouse,Inner Suburb,4,2,8,4.27,208,Yes,5,78.0,3,6.0,No,362.13
996999,Ben Wang,Apartment,Inner Suburb,1,1,1,4.15,14,No,1,50.0,2,5.0,Yes,271.9
997523,Ava Khan,Apartment,Outer Suburb,1,1,1,,100,No,1,,1,7.0,Yes,198.92
994038,Ethan Martin,Apartment,CBD,1,1,2,4.51,15,No,2,46.0,2,4.0,No,192.06
992791,Lucas Jones,Apartment,Inner Suburb,1,1,2,4.59,74,Yes,3,41.0,1,2.0,No,214.74
997804,An Brown,Apartment,Outer Suburb,1,2,2,3.79,75,No,15,36.0,1,3.0,No,307.04
997248,Oliver Le,House,Regional,4,3,10,4.33,33,Yes,3,93.0,1,8.0,No,327.73
991297,Michael Ali,Apartment,Outer Suburb,2,2,5,3.79,33,Yes,5,47.0,2,3.0,Yes,206.17
997673,Oliver Smith,Apartment,Regional,1,1,1,4.03,15,No,9,30.0,1,5.0,Yes,237.63
996923,Chloe Harris,Apartment,Inner Suburb,2,2,3,4.41,20,No,6,71.0,2,7.0,No,199.07
993340,Sophie King,Townhouse,Inner Suburb,2,2,3,4.72,31,Yes,1,70.0,1,7.0,Yes,367.22
990822,Aisha Jones,Apartment,Inner Suburb,1,1,2,4.1,27,Yes,2,50.0,2,4.0,No,220.02
990400,Daniel Anderson,Apartment,Outer Suburb,1,1,2,4.57,114,No,0,45.0,5,6.0,Yes,123.58
995670,Michael Patel,Apartment,Outer Suburb,1,2,3,4.5,46,No,5,58.0,3,4.0,Yes,222.11
993778,Ethan Singh,Apartment,Outer Suburb,1,1,2,4.65,18,No,1,53.0,1,6.0,No,194.9
997690,Priya Patel,Apartment,CBD,1,1,2,4.86,35,Yes,0,45.0,4,6.0,Yes,262.54
995995,Emma White,House,Regional,3,3,7,4.36,28,No,4,63.0,2,3.0,No,384.21
996827,Arjun Harris,House,Inner Suburb,3,3,7,3.95,12,No,0,64.0,1,4.0,Yes,330.89
994646,Henry White,Studio,Inner Suburb,1,1,4,4.37,20,No,5,39.0,3,6.0,Yes,320.06
993826,Jack Smith,Apartment,Outer Suburb,2,2,3,4.55,35,Yes,3,67.0,1,6.0,Yes,374.67
992173,Olivia Harris,Townhouse,Outer Suburb,3,2,7,4.42,20,No,0,75.0,2,7.0,No,406.82
990495,Omar White,Apartment,CBD,1,2,1,4.44,48,No,4,61.0,4,5.0,Yes,258.46
991109,Henry Harris,House,CBD,2,2,4,5.0,32,Yes,6,83.0,2,,Yes,388.42
996507,Ethan Wang,Apartment,CBD,1,1,2,4.77,53,No,3,44.0,7,6.0,Yes,219.0
996858,Mai Jones,House,Regional,4,3,10,4.73,41,Yes,4,102.0,4,6.0,Yes,414.54
997778,Olivia Tran,House,Inner Suburb,3,3,6,4.64,16,No,4,82.0,2,4.0,No,395.28
997678,Ben Scott,House,Regional,3,1,5,4.96,39,No,0,61.0,2,6.0,No,323.45
996763,Omar Singh,Apartment,CBD,3,2,5,4.28,82,Yes,9,67.0,1,6.0,Yes,409.7
995653,Lily Le,Apartment,Regional,1,1,1,4.62,25,Yes,2,49.0,3,7.0,Yes,200.07
997117,Sarah Tran,Studio,Inner Suburb,1,2,2,4.31,38,Yes,3,43.0,1,2.0,Yes,271.44
994869,Michael Anderson,House,Inner Suburb,3,3,8,4.81,30,Yes,1,59.0,3,4.0,Yes,356.3
990624,An Lee,Apartment,Regional,3,3,7,4.35,55,Yes,3,69.0,3,5.0,No,268.65
995107,Hannah Walker,Villa,CBD,2,2,5,4.09,56,No,1,60.0,1,5.0,Yes,322.76
990277,Olivia Khan,Apartment,Inner Suburb,2,2,4,4.55,34,Yes,2,68.0,1,4.0,Yes,263.4
995216,Lucas Ali,Apartment,Outer Suburb,1,1,4,4.28,47,No,9,67.0,3,6.0,No,187.02
996981,Aisha Walker,House,Inner Suburb,4,3,7,4.43,67,No,3,87.0,2,6.0,Yes,558.63
991068,Ben Martin,Villa,Outer Suburb,3,3,6,3.83,70,No,6,76.0,1,6.0,No,343.68
994858,Liam Anderson,Studio,Regional,1,1,1,4.35,15,No,4,38.0,5,4.0,Yes,124.95
996271,Anna Anderson,Apartment,CBD,1,1,4,4.9,40,Yes,4,54.0,4,5.0,No,241.7
997711,Mei Patel,Studio,Regional,1,2,1,4.49,108,No,3,68.0,4,10.0,Yes,173.42
994321,Arjun Khan,House,Outer Suburb,4,3,8,4.31,30,Yes,2,64.0,1,3.0,Yes,457.74
997106,Emma Lee,Villa,CBD,4,3,8,4.74,20,No,2,90.0,1,9.0,Yes,469.83
992864,James Harris,Apartment,Inner Suburb,1,1,1,4.28,51,Yes,1,46.0,2,5.0,Yes,274.26
993464,Anna Walker,Apartment,Outer Suburb,1,1,4,4.72,137,No,7,52.0,2,7.0,Yes,279.35
997755,Olivia Tran,Studio,Outer Suburb,1,1,2,4.18,21,No,2,46.0,1,4.0,Yes,118.34
991657,Priya Wilson,Apartment,Outer Suburb,1,1,4,4.42,65,No,15,69.0,1,6.0,No,236.32
992461,Zoe Wang,House,Outer Suburb,2,2,4,4.2,90,Yes,4,48.0,5,,Yes,235.77
994338,Amelia Clark,Apartment,CBD,1,1,2,4.26,4,No,2,51.0,2,3.0,Yes,196.18
991523,Lily Ali,Apartment,Regional,2,2,4,4.46,37,No,3,59.0,2,5.0,No,245.89
991554,Amelia Nguyen,Townhouse,CBD,2,2,4,4.5,2,No,1,43.0,1,5.0,Yes,283.84
993733,Linh Singh,House,Inner Suburb,3,3,8,4.75,16,Yes,0,89.0,1,7.0,Yes,390.55
992978,Ben Lee,Studio,CBD,1,1,3,,29,Yes,5,,2,4.0,Yes,165.11
990028,Ben Harris,Apartment,Outer Suburb,1,1,3,4.52,19,No,5,50.0,2,8.0,Yes,239.36
995964,Jack Wilson,House,CBD,4,3,8,4.6,73,Yes,1,90.0,1,,Yes,384.97
994485,William Chen,House,Inner Suburb,3,2,5,3.94,61,No,5,69.0,1,5.0,Yes,378.34
994705,Ava Martin,Townhouse,Outer Suburb,3,3,6,5.0,28,No,0,85.0,4,7.0,No,355.56
996455,Jack Jones,House,Regional,5,4,10,4.67,67,Yes,1,104.0,1,7.0,No,502.6
993315,Arjun Lee,Studio,CBD,1,1,3,4.89,162,No,2,71.0,2,8.0,No,262.7
993542,Linh Scott,House,CBD,3,1,6,4.03,14,No,1,66.0,1,5.0,No,330.53
991449,Emily Brown,House,Regional,3,2,7,4.16,86,Yes,14,70.0,1,6.0,Yes,289.03
995848,Noah Singh,Townhouse,Inner Suburb,2,2,4,4.94,73,Yes,0,72.0,3,7.0,No,259.97
990868,Chloe Smith,Apartment,Inner Suburb,1,2,2,4.29,93,No,10,68.0,2,6.0,No,253.67
993141,Omar Smith,Studio,CBD,1,2,2,4.46,52,No,15,56.0,2,5.0,Yes,298.99
995394,Hannah Nguyen,Studio,Inner Suburb,1,2,1,3.96,7,No,1,53.0,3,6.0,No,225.21
992692,Mei Jones,Villa,Outer Suburb,4,2,10,4.51,10,No,3,85.0,2,7.0,No,500.98
991549,Linh Patel,Apartment,Outer Suburb,1,1,3,4.62,65,Yes,5,39.0,1,5.0,Yes,242.18
996218,Amelia Tran,House,CBD,3,2,6,4.75,35,No,5,76.0,1,3.0,Yes,493.21
992133,Wei Wilson,Apartment,Regional,2,2,4,4.67,28,Yes,5,64.0,1,9.0,No,240.15
991077,Grace Nguyen,Townhouse,Inner Suburb,4,2,8,4.52,73,No,7,78.0,1,5.0,Yes,468.29
997797,Lucas Patel,Apartment,Outer Suburb,1,2,2,4.24,73,Yes,5,50.0,5,5.0,Yes,145.89
991765,Thomas Young,House,Inner Suburb,3,2,8,4.25,1,No,0,76.0,1,6.0,Yes,381.79
992191,An Anderson,Townhouse,Outer Suburb,3,2,8,4.35,4,No,1,60.0,1,4.0,No,264.74
997903,Henry King,House,CBD,3,2,6,4.39,112,Yes,8,63.0,3,6.0,Yes,489.92
991584,Mia Clark,Townhouse,Inner Suburb,3,3,8,4.42,18,No,2,76.0,1,6.0,Yes,278.81
993021,Emily Anderson,Studio,Inner Suburb,1,1,2,4.45,17,No,1,33.0,7,4.0,Yes,134.71
991197,Mia Walker,Studio,Inner Suburb,1,1,2,4.13,42,No,2,51.0,4,4.0,No,136.62
997857,Henry Nguyen,Villa,CBD,3,3,6,4.43,59,Yes,2,74.0,7,6.0,Yes,465.2
991401,Jack Jones,House,Regional,2,2,4,4.3,158,Yes,12,58.0,1,5.0,Yes,274.23
990661,Sophie Harris,Apartment,Regional,2,1,6,4.31,42,No,5,63.0,2,6.0,Yes,284.18
994506,Aisha Patel,House,Outer Suburb,3,2,6,4.26,38,Yes,1,68.0,2,6.0,Yes,287.38
990298,Mai Brown,Townhouse,Inner Suburb,4,2,10,4.62,92,Yes,4,77.0,3,8.0,Yes,467.82
995297,Henry Singh,Studio ,CBD,1,2,1,4.5,22,No,3,67.0,1,6.0,No,251.24
990630,Oliver Tran,Apartment,CBD,2,1,3,4.6,97,Yes,9,69.0,1,6.0,No,343.36
992869,Omar White,Apartment,Regional,2,2,3,4.31,80,No,3,53.0,3,2.0,Yes,166.09
992809,Anna Young,House,Regional,2,1,5,4.43,67,Yes,2,47.0,10,5.0,Yes,256.75
994452,Emma Nguyen,Villa,Inner Suburb,5,3,10,4.49,63,No,4,110.0,2,9.0,Yes,570.53
990950,Emma Nguyen,Apartment,Outer Suburb,1,2,4,4.53,41,Yes,1,54.0,1,5.0,No,245.64
993446,Ava Young,House,Inner Suburb,3,3,8,4.37,93,Yes,8,84.0,1,7.0,Yes,400.2
995750,Linh Harris,Villa,Inner Suburb,5,3,10,4.58,34,No,1,87.0,1,7.0,Yes,792.64
997009,Mei Le,House,Regional,4,2,7,4.66,39,No,0,82.0,1,5.0,Yes,502.12
994692,Olivia Anderson,Apartment,Inner Suburb,2,2,5,4.36,29,No,3,67.0,2,7.0,Yes,326.21
990875,Mei Taylor,Studio,Regional,1,1,1,,15,No,2,,1,5.0,No,55.0
997974,Wei Le,Apartment,Inner Suburb,2,1,5,4.39,65,No,3,75.0,4,7.0,No,269.15
996726,Arjun Young,Studio,Outer Suburb,1,1,3,4.33,102,No,14,45.0,1,4.0,Yes,204.76
993268,Linh White,Apartment,Outer Suburb,2,2,6,4.6,50,Yes,1,65.0,2,7.0,Yes,321.6
997705,Amelia Thomas,Apartment,CBD,1,1,2,4.87,12,Yes,2,56.0,3,6.0,Yes,213.35
995095,Noah Martin,Apartment,Inner Suburb,3,3,5,4.93,49,No,0,77.0,3,8.0,No,302.38
997234,Isla Harris,Apartment,Regional,2,2,3,5.0,68,Yes,1,68.0,1,7.0,Yes,274.3
995484,Jack Lee,Studio,Inner Suburb,1,1,2,4.73,22,No,6,51.0,3,7.0,No,237.09
991405,Henry Wilson,Townhouse,Outer Suburb,4,3,8,4.03,20,No,2,80.0,1,4.0,Yes,375.19
995785,Mei Lee,Apartment,Outer Suburb,1,1,1,4.8,77,Yes,9,76.0,1,7.0,Yes,194.75
991782,An King,House,Inner Suburb,5,3,10,4.35,61,Yes,2,89.0,1,7.0,Yes,524.8
990912,Ava Scott,House,Regional,4,3,8,4.65,21,No,6,92.0,1,6.0,Yes,382.17
995593,Wei Harris,Apartment,CBD,1,1,3,4.52,89,No,1,48.0,1,7.0,Yes,268.85
990927,Grace Brown,Townhouse,CBD,4,3,7,4.77,24,No,5,89.0,3,7.0,Yes,476.21
992193,Emma Thomas,Studio,Regional,1,2,3,4.25,50,Yes,6,42.0,1,5.0,No,59.91
992879,Priya King,House,Inner Suburb,3,3,5,4.42,38,Yes,7,83.0,3,7.0,Yes,422.65
993541,Anna Walker,Studio,CBD,1,1,2,4.15,23,No,4,37.0,2,4.0,Yes,312.75
991762,Ethan Ali,House,Regional,3,2,6,3.95,11,No,0,60.0,3,4.0,No,288.07
995688,William Nguyen,Apartment,Outer Suburb,1,2,1,4.26,48,No,2,52.0,2,4.0,No,228.51
994240,William Jones,Apartment,Outer Suburb,1,1,1,3.91,5,No,1,55.0,1,6.0,Yes,229.97
993325,Priya Patel,Apartment,CBD,2,1,6,4.39,126,Yes,7,42.0,1,5.0,No,288.35
991364,Mia Wilson,Townhouse,Inner Suburb,2,2,6,4.84,11,No,2,72.0,2,6.0,No,346.44
994081,Sophie Wang,Studio,CBD,1,1,4,4.25,34,No,4,44.0,2,5.0,No,200.51
991706,Mia Patel,Apartment,Regional,1,1,4,4.5,23,No,3,48.0,10,7.0,Yes,217.83
997028,Grace Wilson,House,CBD,4,3,8,4.43,1,No,0,80.0,3,6.0,No,556.99
994185,Omar Singh,Studio,Inner Suburb,1,1,1,4.48,72,Yes,8,41.0,3,7.0,No,149.24
995870,Daniel Thomas,Villa,Regional,4,2,7,3.96,56,Yes,11,84.0,10,6.0,Yes,364.5
992896,Minh Wang,House,Outer Suburb,3,2,8,4.4,82,No,6,69.0,2,6.0,Yes,394.44
997267,Sophie Jones,House,CBD,2,2,6,4.7,48,Yes,6,83.0,1,6.0,Yes,405.65
991024,Chloe Chen,Studio,Regional,1,2,3,3.94,37,Yes,3,54.0,10,3.0,No,112.48
997876,Anna Scott,Studio,Regional,1,1,2,3.96,31,Yes,4,31.0,3,2.0,No,181.05
991028,Minh Le,Townhouse,Inner Suburb,3,2,7,4.43,153,No,1,62.0,1,4.0,No,270.26
997404,Henry Lee,Townhouse,Regional,3,3,6,4.53,32,No,5,63.0,2,7.0,Yes,299.89
992800,Wei Smith,House,CBD,3,2,6,4.1,15,No,3,94.0,1,5.0,Yes,307.31
994024,Sarah Thomas,Townhouse,CBD,3,3,6,5.0,120,Yes,7,71.0,2,7.0,No,476.22
992206,William Nguyen,Apartment,Inner Suburb,1,2,2,4.58,12,No,1,48.0,1,5.0,No,292.97
996235,Grace Wilson,Villa,Outer Suburb,4,2,8,4.1,37,No,10,71.0,2,5.0,Yes,383.33
993398,Olivia Ali,House,Regional,5,3,10,4.72,23,No,1,92.0,3,6.0,No,421.26
993028,Minh Anderson,Apartment,Inner Suburb,3,2,6,4.5,11,No,3,71.0,1,5.0,No,335.56
994578,Hannah Patel,Townhouse,CBD,4,3,9,4.65,115,No,0,80.0,2,5.0,Yes,443.28
992734,Grace Taylor,Apartment,Regional,2,2,3,4.05,25,No,5,54.0,7,4.0,Yes,169.16
995299,Daniel Harris,Studio,Outer Suburb,1,1,4,4.51,41,No,15,44.0,1,7.0,Yes,302.36
990252,Jack Tran,Studio,CBD,1,1,2,4.56,72,Yes,1,38.0,2,6.0,No,268.15
993265,Amelia White,Townhouse,Outer Suburb,3,2,7,4.69,59,Yes,5,68.0,2,5.0,Yes,364.54
991219,Anna Le,House,Inner Suburb,2,2,3,5.0,11,No,2,70.0,1,7.0,Yes,325.28
991227,Isla Brown,Apartment,Inner Suburb,1,1,1,4.37,5,No,1,67.0,2,7.0,No,240.98
994493,Jack Singh,Townhouse,Inner Suburb,2,2,4,4.51,45,Yes,5,82.0,2,7.0,No,354.6
992113,Mei Harris,Apartment,Outer Suburb,1,2,3,3.99,36,No,0,53.0,3,5.0,No,206.45
996536,Anna Wilson,Apartment,Inner Suburb,3,2,5,4.54,64,No,4,75.0,1,8.0,Yes,266.18
991558,Daniel Taylor,Apartment,Outer Suburb,2,2,3,4.28,100,Yes,7,67.0,1,6.0,Yes,194.23
993353,William Taylor,Studio,Regional,1,1,2,4.06,66,Yes,3,22.0,1,5.0,No,71.47
996882,Mia Anderson,Apartment,Inner Suburb,2,3,3,4.7,43,Yes,6,57.0,2,5.0,Yes,345.33
991618,Zoe Lee,Townhouse,Outer Suburb,2,2,4,4.36,10,No,2,64.0,2,8.0,Yes,284.85
994839,Grace King,House,Inner Suburb,3,3,7,4.28,131,No,0,60.0,3,5.0,No,416.33
995077,Lily Lee,Apartment,CBD,2,2,5,4.71,64,No,9,55.0,14,5.0,No,206.92
997930,Mei Martin,Studio,Regional,1,2,2,4.23,140,Yes,5,58.0,3,7.0,No,267.66
992924,James Khan,Studio,Outer Suburb,1,2,4,4.41,82,No,4,46.0,3,3.0,Yes,212.07
991619,Mai Chen,Townhouse,Outer Suburb,2,1,4,,40,No,1,41.0,2,4.0,No,249.85
990603,Oliver Clark,Studio,Inner Suburb,1,1,1,4.65,23,No,4,52.0,1,8.0,Yes,212.84
994174,James Jones,Townhouse,Inner Suburb,2,2,6,4.97,47,Yes,3,60.0,3,7.0,Yes,339.49
994731,David Walker,House,Outer Suburb,3,2,6,3.61,5,No,2,65.0,3,4.0,Yes,250.4
996374,Henry Taylor,House,Inner Suburb,2,2,4,4.43,22,No,8,83.0,2,6.0,Yes,406.95
995464,Sophie Young,Studio,CBD,1,2,2,4.49,29,No,9,62.0,1,5.0,Yes,274.71
994207,Sophie Lee,Apartment,CBD,2,2,4,4.37,6,No,2,43.0,1,2.0,No,227.17
993811,Grace Tran,House,Outer Suburb,2,2,4,4.37,107,Yes,6,56.0,3,5.0,Yes,358.46
995949,Lucas Young,House,Inner Suburb,4,2,8,4.08,40,No,2,80.0,3,3.0,Yes,481.59
991610,Zoe Khan,Villa,Outer Suburb,5,3,10,4.53,38,No,5,109.0,2,9.0,No,475.95
993690,Noah Patel,Apartment,Inner Suburb,2,2,6,4.37,10,No,6,65.0,3,6.0,Yes,352.52
994101,Amelia Taylor,Apartment,Inner Suburb,2,3,5,3.87,22,No,6,56.0,1,6.0,Yes,229.48
994200,Ethan Harris,Apartment,Outer Suburb,1,1,3,,32,No,7,46.0,10,8.0,Yes,291.72
997782,Liam Nguyen,Studio,Regional,1,1,2,4.38,17,No,6,54.0,1,5.0,No,102.84
990388,Emma White,House,Inner Suburb,5,3,10,4.47,53,Yes,8,105.0,2,7.0,Yes,473.28
991583,James Patel,Apartment,Inner Suburb,2,2,6,4.77,15,No,1,45.0,3,6.0,No,275.41
995913,Daniel Chen,Townhouse,Inner Suburb,3,2,7,4.29,50,No,3,67.0,2,4.0,No,245.02
992494,Amelia Scott,House,Outer Suburb,3,2,6,4.54,90,No,12,60.0,1,5.0,No,435.94
997760,Emily Smith,Apartment,CBD,1,1,1,4.29,46,No,1,52.0,1,6.0,Yes,313.94
992569,Omar Anderson,House,Outer Suburb,3,2,5,4.62,57,Yes,1,72.0,5,6.0,No,249.05
996481,Mia Brown,House,Inner Suburb,2,2,4,4.62,21,No,0,72.0,10,6.0,Yes,388.62
990490,Ava Scott,House,Outer Suburb,2,1,5,5.0,32,Yes,0,47.0,1,4.0,Yes,299.71
995814,An Patel,House,Outer Suburb,3,2,8,4.73,51,No,2,84.0,2,8.0,Yes,306.13
996704,Olivia Khan,Studio,Inner Suburb,1,1,4,4.34,213,Yes,6,24.0,3,5.0,Yes,180.5
996295,Hannah King,Studio,Outer Suburb,1,1,1,4.16,36,Yes,9,59.0,2,5.0,Yes,165.45
990582,Chloe White,Studio,Inner Suburb,1,2,3,3.95,13,No,0,55.0,3,6.0,Yes,193.94
994701,Daniel Anderson,House,Inner Suburb,4,3,8,4.68,67,Yes,8,90.0,3,7.0,No,436.38
992610,Amelia Nguyen,Studio,Outer Suburb,1,2,2,4.3,73,No,7,29.0,1,2.0,Yes,200.2
997839,Henry Lee,Townhouse,Outer Suburb,4,3,9,4.08,17,No,3,97.0,5,10.0,No,477.88
997280,Michael Jones,Apartment,Inner Suburb,2,1,6,4.28,73,No,1,68.0,2,6.0,Yes,206.36
993433,David King,Apartment,Inner Suburb,2,2,6,4.35,144,Yes,6,65.0,3,5.0,Yes,281.61
996506,Jack White,Apartment,Inner Suburb,2,2,4,4.56,75,Yes,0,51.0,1,6.0,Yes,295.28
993789,Aisha Le,Apartment,Outer Suburb,2,2,4,,32,No,3,,2,5.0,No,325.3
993764,Priya Clark,Apartment,CBD,1,2,1,4.08,86,No,1,67.0,1,4.0,No,183.41
992577,Samuel Ali,House,Regional,3,2,8,4.45,28,No,10,79.0,1,4.0,Yes,242.82
997266,Jack Harris,House,CBD,3,3,6,4.82,40,Yes,6,79.0,7,7.0,No,435.25
994233,Chloe Jones,Townhouse,Regional,2,1,4,4.42,32,Yes,1,66.0,3,5.0,No,247.5
993749,Lily Taylor,House,Outer Suburb,4,2,7,4.42,64,Yes,15,85.0,2,7.0,Yes,470.74
993543,Mei Thomas,Apartment,CBD,2,2,4,4.36,125,No,9,63.0,2,4.0,Yes,212.14
992884,Grace White,Apartment,Outer Suburb,1,1,3,4.31,42,No,13,51.0,1,6.0,No,74.38
994160,Olivia Wilson,House,Outer Suburb,3,2,7,4.42,72,No,5,78.0,5,8.0,No,362.16
991548,Mei Ali,Studio ,Outer Suburb,1,2,2,4.61,130,No,15,57.0,2,5.0,No,270.48
997108,Emma Taylor,Studio,CBD,1,1,1,,22,No,7,45.0,5,4.0,Yes,215.39
992393,Noah King,House,Inner Suburb,5,3,10,4.08,37,No,1,89.0,3,7.0,Yes,487.86
991107,Ben Scott,Apartment,Regional,3,2,5,4.19,41,No,15,77.0,7,7.0,Yes,267.3
992181,Priya Ali,House,Inner Suburb,4,2,9,4.28,54,Yes,2,87.0,2,5.0,Yes,518.25
995745,Olivia Martin,Villa,Regional,2,2,6,5.0,52,Yes,7,60.0,1,6.0,Yes,306.82
991176,Ethan Martin,Studio,CBD,1,1,4,4.27,48,Yes,1,19.0,1,2.0,No,238.91
996264,Sarah Wang,Apartment,Outer Suburb,1,1,4,4.44,83,Yes,1,46.0,2,5.0,Yes,292.55
992049,Aisha Scott,Townhouse,Outer Suburb,2,2,6,4.09,56,No,3,51.0,2,4.0,Yes,295.95
990846,Henry Chen,House,Inner Suburb,5,3,10,4.15,31,Yes,1,86.0,3,5.0,No,449.55
992227,Mei Martin,Apartment,Inner Suburb,2,2,3,4.66,79,No,4,54.0,2,6.0,No,293.28
994008,Jack Smith,Studio,CBD,1,2,2,4.14,60,No,1,29.0,2,2.0,Yes,259.8
991746,Oliver Smith,Studio,CBD,1,1,4,4.23,48,Yes,1,43.0,1,3.0,Yes,207.38
996334,Chloe Wilson,Townhouse,CBD,4,3,7,4.54,34,No,1,92.0,1,6.0,Yes,422.21
997807,Priya Chen,House,Outer Suburb,3,1,8,4.4,35,No,5,65.0,1,4.0,Yes,346.95
993880,Sarah Wang,Apartment,Inner Suburb,1,1,1,4.63,59,No,0,53.0,7,6.0,Yes,146.58
995253,Lucas Young,House,Regional,4,3,8,5.0,39,Yes,0,88.0,2,7.0,No,411.0
994076,Ethan Harris,Apartment,CBD,2,2,4,3.73,17,No,3,60.0,2,5.0,Yes,344.21
994906,Omar Patel,Apartment,Outer Suburb,2,2,4,4.53,172,No,8,72.0,1,4.0,No,266.24
994634,Grace Walker,Townhouse,CBD,3,2,5,4.54,46,Yes,4,60.0,3,5.0,No,313.97
992077,Grace Anderson,Studio,Outer Suburb,1,1,2,4.66,170,Yes,3,70.0,4,8.0,Yes,204.71
995717,Ben Chen,Apartment,Inner Suburb,1,2,4,3.99,3,No,1,60.0,1,8.0,No,320.61
991114,Noah Le,Villa,CBD,5,3,10,4.13,42,No,3,94.0,1,,No,603.74
996566,Lucas Walker,House,Outer Suburb,3,2,5,4.6,85,No,2,81.0,2,7.0,Yes,370.59
995900,Mai Khan,Studio,Regional,1,2,3,4.21,28,No,0,69.0,2,5.0,No,161.17
995572,Amelia Tran,Apartment,Regional,1,1,3,4.62,47,Yes,2,49.0,10,7.0,Yes,179.93
990287,Linh Smith,HOUSE,Inner Suburb,2,2,4,4.52,122,Yes,1,38.0,3,3.0,No,409.85
993044,Michael Clark,Apartment,Outer Suburb,1,1,3,4.59,24,Yes,1,44.0,2,6.0,Yes,132.63
994691,Isla Thomas,Studio,CBD,1,2,3,4.49,84,No,4,63.0,3,6.0,No,271.51
997710,Aisha Young,House,Inner Suburb,4,3,9,4.52,48,No,2,93.0,1,8.0,No,513.11
996423,Minh Lee,Apartment,Outer Suburb,2,1,3,4.28,60,No,8,57.0,2,5.0,Yes,255.5
994779,Emily Young,Apartment,CBD,3,2,6,4.73,8,No,2,67.0,2,5.0,Yes,327.48
995710,Emma Smith,House,Outer Suburb,4,2,10,4.83,44,Yes,2,84.0,10,6.0,Yes,392.96
994059,Minh Harris,House,Inner Suburb,3,2,5,4.85,65,Yes,5,79.0,3,9.0,Yes,429.59
993913,Samuel Patel,House,CBD,3,3,7,4.26,27,Yes,1,75.0,1,5.0,Yes,461.32
995499,Oliver Harris,Villa,Outer Suburb,4,3,8,4.85,146,Yes,1,98.0,1,,Yes,477.68
997995,Liam Wang,House,Outer Suburb,4,2,10,4.82,56,Yes,8,88.0,5,7.0,Yes,428.52
991002,William Singh,Townhouse,Regional,3,2,8,4.25,63,Yes,1,67.0,3,7.0,No,287.83
994816,Minh Martin,Apartment,Regional,1,2,4,4.69,21,No,1,58.0,7,5.0,Yes,244.03
994786,Oliver Clark,Apartment,Outer Suburb,1,2,4,4.49,61,No,5,72.0,2,6.0,No,366.45
992936,David Nguyen,Townhouse,Inner Suburb,3,3,6,4.6,38,No,2,85.0,1,7.0,No,424.82
997744,Grace Anderson,Apartment,CBD,2,2,5,4.54,14,No,1,64.0,1,8.0,No,254.42
990851,Mei Khan,House,Inner Suburb,4,3,8,4.86,13,No,3,96.0,4,7.0,No,359.4
992389,Hannah Jones,Apartment,Inner Suburb,1,2,1,4.19,48,No,0,19.0,1,1.0,Yes,195.48
992768,Olivia Wang,Townhouse,Outer Suburb,3,2,5,4.58,25,No,2,85.0,2,7.0,Yes,305.29
992320,Mai Harris,Villa,Regional,4,3,10,4.77,53,No,7,106.0,1,8.0,Yes,527.11
993674,Mai Smith,Apartment,Outer Suburb,1,1,1,4.45,71,No,11,34.0,2,4.0,No,111.08
994659,Arjun Martin,Studio,CBD,1,1,3,4.22,50,Yes,6,50.0,1,6.0,No,281.47
992667,Oliver Walker,Studio,Inner Suburb,1,1,2,4.52,13,No,2,37.0,2,8.0,Yes,231.78
991882,James Walker,House,CBD,2,2,5,4.09,12,No,1,55.0,1,5.0,Yes,336.56
996532,Grace Tran,Apartment,CBD,2,2,6,4.83,112,No,10,40.0,2,2.0,No,346.66
996321,Emma Young,House,Inner Suburb,3,2,8,3.97,23,No,2,68.0,2,6.0,Yes,317.73
991739,Zoe Thomas,Apartment,Inner Suburb,2,2,3,4.55,117,Yes,15,55.0,3,,No,279.35
993046,Ben Harris,Studio,Outer Suburb,1,2,3,4.61,133,Yes,7,50.0,3,5.0,No,218.2
995656,William Khan,House,Outer Suburb,4,4,10,4.77,17,No,6,94.0,2,5.0,Yes,342.72
990097,Liam Anderson,House,Regional,4,3,9,4.22,35,No,6,85.0,2,,Yes,375.67
994526,Sophie Khan,Apartment,Inner Suburb,3,2,8,4.01,132,No,5,86.0,2,7.0,Yes,424.55
990091,William Singh,Apartment,Inner Suburb,1,1,4,4.65,80,Yes,10,65.0,4,7.0,No,178.16
994815,Mia Wilson,House,Inner Suburb,4,3,8,4.27,46,No,2,95.0,3,6.0,No,353.57
990579,Mai White,Apartment,Inner Suburb,2,1,3,4.64,67,No,4,54.0,1,5.0,Yes,233.9
995585,Mia Tran,Apartment,CBD,2,2,5,4.37,13,No,2,49.0,1,3.0,No,348.61
994966,Linh Anderson,Apartment,CBD,2,2,4,4.66,31,Yes,4,73.0,1,4.0,Yes,385.32
992153,Olivia Nguyen,Apartment,CBD,1,1,2,,62,No,2,,1,6.0,Yes,271.12
996268,Mei White,House,Inner Suburb,5,3,10,4.36,84,Yes,6,96.0,1,6.0,Yes,541.35
997907,Olivia Lee,Apartment,Outer Suburb,1,2,1,3.99,29,No,1,33.0,3,3.0,Yes,101.15
995935,Oliver Tran,House,Outer Suburb,5,3,9,4.64,21,No,4,78.0,1,5.0,No,432.47
992957,Minh Walker,Apartment,CBD,2,2,3,4.36,63,Yes,7,75.0,1,6.0,Yes,375.32
995878,Lily Taylor,Apartment,Regional,1,1,1,4.21,94,Yes,15,38.0,1,2.0,No,164.08
995893,Liam Nguyen,House,Outer Suburb,3,2,7,4.46,34,No,2,57.0,1,6.0,Yes,314.71
996560,Emma White,House,Inner Suburb,3,2,8,4.48,23,No,2,69.0,2,7.0,Yes,319.02
992423,Henry Taylor,Apartment,Outer Suburb,2,3,4,,39,Yes,2,60.0,3,6.0,No,211.7
991975,Linh Nguyen,Apartment,Outer Suburb,2,1,3,4.44,66,No,9,57.0,1,5.0,Yes,296.45
993699,Thomas Thomas,Apartment,CBD,1,1,2,4.97,64,Yes,0,55.0,3,5.0,Yes,324.8
991075,Sarah Singh,Apartment,Inner Suburb,1,1,3,4.75,68,No,2,59.0,1,8.0,Yes,211.5
996894,Chloe Tran,Studio,Outer Suburb,1,2,3,4.28,35,No,2,46.0,1,5.0,Yes,206.24
990264,Emma Young,Apartment,Regional,1,2,4,4.22,105,No,1,53.0,3,2.0,Yes,116.94
996523,Isla Wilson,Villa,Outer Suburb,2,1,4,4.63,54,No,1,70.0,2,5.0,No,382.09
993112,William Wilson,House,Inner Suburb,5,3,9,,81,No,8,,1,7.0,Yes,409.24
995948,Samuel Lee,House,Regional,3,3,7,4.62,98,No,15,90.0,2,7.0,Yes,438.27
994738,Liam Martin,Villa,Outer Suburb,4,3,8,4.39,56,No,10,112.0,7,9.0,Yes,479.95
993279,Aisha Lee,Apartment,Inner Suburb,2,1,4,4.38,121,Yes,8,66.0,7,6.0,No,320.87
995828,David Tran,Apartment,CBD,1,2,2,4.4,64,Yes,4,38.0,1,5.0,No,243.77
997318,Linh Clark,Studio,CBD,1,2,3,4.42,78,Yes,7,77.0,1,7.0,Yes,298.16
995016,Noah Martin,Apartment,Outer Suburb,3,2,6,4.48,155,No,15,91.0,3,8.0,Yes,317.09
995157,Chloe Walker,Apartment,Regional,2,3,6,4.78,11,No,3,80.0,5,6.0,Yes,191.82
996113,Lily Nguyen,Apartment,Outer Suburb,1,1,1,4.69,63,Yes,12,59.0,3,8.0,No,271.38
990799,Ben Wang,Apartment,Inner Suburb,1,1,2,4.48,44,Yes,0,69.0,1,7.0,No,280.9
991529,Amelia Patel,House,Outer Suburb,5,4,10,4.22,21,No,1,98.0,3,8.0,Yes,364.54
994558,Linh Harris,Studio,Inner Suburb,1,1,3,3.92,27,No,1,42.0,1,5.0,Yes,149.76
992597,Emma Ali,House,Inner Suburb,3,2,5,4.4,65,No,3,75.0,2,5.0,Yes,438.57
992880,Mia Singh,Apartment,Regional,1,2,4,4.42,65,No,10,32.0,2,5.0,No,210.36
992576,Linh Chen,Studio,Inner Suburb,1,1,4,4.74,47,No,3,52.0,2,8.0,Yes,278.41
992278,David Tran,House,Inner Suburb,2,1,5,4.37,30,No,2,45.0,2,3.0,Yes,403.24
997870,Emma Jones,Apartment,Outer Suburb,1,2,2,4.23,28,No,2,51.0,4,5.0,Yes,239.98
995481,Amelia Nguyen,Apartment,Outer Suburb,2,1,5,4.64,34,Yes,3,52.0,1,7.0,Yes,243.18
993782,Hannah Khan,Townhouse,Outer Suburb,3,3,5,4.77,46,Yes,12,55.0,2,6.0,Yes,409.05
990394,Anna Clark,House,Outer Suburb,3,2,6,4.48,81,Yes,1,72.0,2,6.0,Yes,390.66
995206,Ben Wang,House,CBD,3,2,6,4.01,54,Yes,4,74.0,1,6.0,No,375.66
992071,Hannah Khan,Apartment,Outer Suburb,2,2,4,4.46,92,Yes,6,73.0,1,7.0,No,288.54
990869,Ben Harris,Apartment,Inner Suburb,1,1,4,4.06,31,No,2,51.0,4,5.0,No,246.78
991462,Mei Clark,Apartment,Inner Suburb,3,3,7,4.81,38,Yes,5,71.0,1,6.0,No,366.16
990020,Grace Anderson,House,Inner Suburb,4,2,8,4.3,60,Yes,2,86.0,2,6.0,Yes,452.54
991729,Daniel Lee,Villa,CBD,5,3,10,5.0,108,Yes,7,93.0,2,6.0,Yes,531.23
997455,Grace Walker,Studio,Inner Suburb,1,1,1,3.98,6,No,2,52.0,1,5.0,No,212.7
993144,Hannah Thomas,House,Inner Suburb,3,2,6,4.23,14,No,2,83.0,1,6.0,Yes,401.57
994760,Samuel Lee,Studio,Inner Suburb,1,1,2,,114,No,1,45.0,1,4.0,No,188.83
991490,Olivia King,Studio,Regional,1,2,3,4.54,25,No,3,43.0,2,4.0,No,139.35
994374,Sophie Harris,Studio,Outer Suburb,1,1,2,4.36,51,No,4,37.0,7,4.0,Yes,143.12
990648,An King,Townhouse,Regional,2,2,4,4.65,54,No,1,66.0,1,6.0,No,250.05
996404,Omar Lee,Apartment,Regional,2,3,3,4.82,41,Yes,4,54.0,3,5.0,Yes,283.1
991896,Daniel Young,Apartment,Regional,1,2,2,4.64,3,No,1,41.0,2,3.0,Yes,175.26
994545,Ava Wang,Studio ,CBD,1,1,2,4.11,13,No,4,46.0,3,3.0,No,240.01
991544,Linh Anderson,Apartment,Outer Suburb,1,1,2,4.61,10,No,3,38.0,3,5.0,Yes,117.18
997998,Hannah Jones,Studio,Inner Suburb,1,1,1,4.61,14,No,2,63.0,3,7.0,No,210.99
993363,Priya Thomas,Apartment,Regional,2,2,5,4.59,17,No,1,55.0,1,5.0,No,299.38
992948,Zoe Smith,Studio,CBD,1,1,4,4.82,6,No,1,42.0,1,5.0,Yes,307.34
994411,Hannah Harris,Apartment,Inner Suburb,1,2,3,4.65,39,Yes,2,58.0,2,5.0,Yes,197.39
994537,Oliver Tran,Townhouse,CBD,3,3,8,4.37,9,No,2,79.0,2,7.0,No,434.14
991734,Omar Young,Apartment,Regional,1,1,2,4.28,3,No,1,43.0,2,3.0,Yes,155.8
995246,Olivia Tran,House,Regional,2,2,4,4.27,36,No,0,66.0,1,5.0,Yes,326.49
993648,Ava Wilson,Apartment,Regional,2,2,4,4.08,21,No,3,75.0,1,6.0,Yes,174.13
994129,Wei Le,House,Inner Suburb,5,3,10,4.5,31,Yes,7,93.0,1,5.0,Yes,531.74
994968,Grace Young,House,CBD,3,2,7,4.56,35,Yes,4,69.0,1,5.0,Yes,460.61
990267,Sarah Thomas,Studio,Outer Suburb,1,1,4,4.14,11,No,5,44.0,2,5.0,Yes,208.41
990965,Isla Brown,House,Outer Suburb,3,2,5,4.52,61,No,3,83.0,3,7.0,No,382.87
994131,William Martin,Apartment,CBD,2,2,4,4.19,34,No,12,59.0,1,4.0,No,332.63
990925,James Taylor,Townhouse,CBD,2,2,6,4.22,32,No,4,57.0,1,4.0,No,317.54
990299,Daniel Ali,Apartment,Inner Suburb,1,1,2,4.55,22,Yes,2,41.0,3,4.0,No,224.96
994270,Aisha Ali,Apartment,CBD,2,1,4,4.91,69,Yes,4,68.0,5,7.0,Yes,395.44
991123,Noah Nguyen,House,Outer Suburb,3,3,8,4.48,13,No,1,60.0,1,3.0,Yes,313.73
993654,James Harris,Studio,Regional,1,2,3,4.77,40,Yes,1,56.0,3,5.0,Yes,145.8
993612,Noah Singh,Apartment,CBD,2,2,3,4.52,123,No,7,59.0,1,6.0,Yes,251.8
997624,Daniel Anderson,Apartment,Inner Suburb,1,2,2,4.28,12,No,1,40.0,3,4.0,No,262.72
991645,Samuel Nguyen,Studio,Regional,1,1,2,4.45,42,No,1,52.0,1,3.0,Yes,129.09
996830,Anna Le,Apartment,Outer Suburb,3,2,5,4.54,67,Yes,8,85.0,2,6.0,Yes,322.72
993532,Ethan Wilson,Apartment,Inner Suburb,2,2,4,4.38,62,No,2,92.0,1,10.0,No,341.38
995517,Thomas Smith,House,Inner Suburb,3,2,5,4.42,79,Yes,2,91.0,2,8.0,Yes,337.04
992857,William Taylor,Studio,Regional,1,1,2,3.85,38,No,3,49.0,1,5.0,Yes,167.73
991921,Wei Tran,Apartment,Inner Suburb,2,2,4,4.66,66,No,0,53.0,3,5.0,No,215.35
997917,Olivia Harris,Townhouse,Outer Suburb,3,2,8,4.21,191,No,2,75.0,2,9.0,Yes,366.98
994654,Emma Clark,House,Regional,3,3,7,4.78,60,No,3,60.0,1,6.0,Yes,292.95
994676,Samuel Thomas,Townhouse,Outer Suburb,4,2,9,4.05,17,No,0,87.0,3,7.0,No,352.47
995546,Hannah Le,Townhouse,Inner Suburb,4,2,9,4.15,83,Yes,15,79.0,2,6.0,No,389.73
992460,Jack Young,Apartment,Regional,2,2,5,4.66,57,No,5,51.0,4,3.0,Yes,265.03
997289,Priya King,Townhouse,Regional,2,3,5,4.64,26,Yes,1,70.0,4,7.0,Yes,319.72
997727,Noah Ali,Apartment,Outer Suburb,1,1,1,4.61,43,No,5,58.0,2,6.0,No,175.88
996137,Sophie White,House,Outer Suburb,2,2,3,4.38,40,Yes,2,73.0,3,3.0,No,284.09
992919,Isla Le,Studio,Inner Suburb,1,1,4,4.18,63,No,6,29.0,1,2.0,No,218.11
997324,Thomas Wilson,Apartment,Inner Suburb,1,1,4,4.46,60,Yes,9,47.0,2,4.0,Yes,110.54
994196,James Harris,House,Inner Suburb,5,2,10,4.57,54,No,8,94.0,3,5.0,No,347.81
991029,Emma Nguyen,House,Inner Suburb,3,2,8,4.2,29,No,6,71.0,1,6.0,Yes,385.58
997656,Jack Wang,Townhouse,Regional,3,2,5,4.13,18,Yes,2,81.0,2,5.0,No,335.12
992041,Lucas Smith,Studio,Outer Suburb,1,1,2,4.67,54,Yes,7,45.0,4,6.0,Yes,167.41
991288,Zoe Tran,Apartment,Inner Suburb,1,2,1,4.36,64,Yes,15,44.0,1,7.0,Yes,308.01
996539,Mia Tran,Apartment,Inner Suburb,2,2,6,4.22,75,Yes,0,56.0,7,6.0,No,320.37
995374,Daniel Wang,Apartment,CBD,1,1,1,3.95,14,Yes,1,40.0,3,5.0,Yes,142.92
990763,Thomas Smith,Townhouse,CBD,3,2,5,3.83,85,No,5,63.0,2,5.0,Yes,361.17
996677,Hannah Patel,Studio,CBD,1,2,1,4.33,18,No,0,44.0,2,3.0,Yes,293.19
997533,Zoe Harris,Apartment,Outer Suburb,1,2,4,4.24,51,Yes,3,50.0,2,4.0,Yes,333.56
995890,Linh Khan,Studio,CBD,1,2,2,3.98,189,No,4,45.0,2,7.0,No,244.32
992871,Sophie Young,House,Regional,2,2,6,4.23,29,No,6,58.0,2,4.0,No,251.18
997502,Mia Nguyen,House,Inner Suburb,2,3,3,4.69,107,Yes,6,67.0,3,7.0,Yes,328.8
992685,William Wang,Apartment,Outer Suburb,2,1,5,4.53,24,Yes,3,75.0,7,5.0,No,284.86
991056,Daniel Young,Townhouse,Regional,3,3,8,4.33,58,No,4,79.0,3,6.0,Yes,301.75
996931,Thomas Wang,Apartment,Inner Suburb,1,2,2,4.8,66,Yes,5,60.0,1,6.0,Yes,222.91
995160,Liam Wang,Studio,Outer Suburb,1,2,2,4.52,19,No,1,64.0,2,5.0,No,224.68
992486,Samuel Ali,Studio,Regional,1,2,2,4.91,23,No,3,48.0,1,6.0,No,148.33
992249,Hannah Wang,Townhouse,Inner Suburb,2,2,4,4.3,13,No,2,62.0,1,4.0,No,391.91
996418,Sophie Tran,Apartment,Outer Suburb,1,1,2,4.21,34,No,3,38.0,3,4.0,No,87.32
990057,Ava Ali,Studio,CBD,1,2,3,4.25,37,No,3,38.0,3,1.0,No,194.39
996936,David White,Studio,Regional,1,2,2,4.68,36,No,1,77.0,3,7.0,Yes,67.8
990246,Liam Patel,Apartment,Outer Suburb,1,2,2,4.47,52,No,4,55.0,1,5.0,No,229.74
993402,Zoe Nguyen,Townhouse,Regional,3,3,5,4.24,39,No,0,84.0,1,5.0,No,333.39
990228,Michael Smith,House,CBD,4,3,9,4.49,177,No,5,95.0,2,7.0,Yes,411.42
991476,Mia King,Apartment,Regional,1,1,4,4.51,15,Yes,0,48.0,2,5.0,Yes,101.51
990471,Lucas White,Apartment,Regional,2,3,5,4.34,7,No,2,69.0,2,6.0,Yes,321.15
995881,Jack Walker,Apartment,CBD,2,2,3,4.58,38,Yes,1,56.0,1,7.0,Yes,345.81
996659,Amelia Young,Townhouse,CBD,2,2,6,4.75,106,No,6,72.0,3,6.0,No,318.33
993889,Chloe Ali,Studio,Inner Suburb,1,2,3,4.87,21,No,0,55.0,2,7.0,Yes,268.69
991995,Lucas Ali,Apartment,Outer Suburb,1,1,2,4.43,86,No,0,54.0,5,2.0,Yes,89.7
995486,Samuel Martin,Apartment,Regional,1,2,1,4.66,14,No,1,65.0,2,7.0,Yes,219.89
991486,Aisha Le,House,Inner Suburb,3,2,5,4.48,19,No,5,80.0,7,6.0,No,384.72
997056,Zoe Singh,House,Outer Suburb,3,3,8,,8,No,2,,1,9.0,Yes,435.54
997269,Lucas Anderson,Studio,Inner Suburb,1,1,1,,79,Yes,3,,1,3.0,Yes,295.22
991385,Ava Brown,House,Regional,2,2,4,4.23,29,No,2,44.0,1,5.0,Yes,231.99
997052,Grace Wilson,Apartment,Outer Suburb,2,2,5,4.66,6,No,0,56.0,1,6.0,Yes,246.26
993513,Mai King,Townhouse,CBD,2,2,4,4.23,81,No,13,69.0,2,7.0,Yes,423.52
992121,Hannah King,House,CBD,4,3,8,4.28,61,Yes,15,90.0,7,9.0,No,439.67
997454,Jack Brown,Apartment,CBD,2,1,5,4.31,57,No,15,74.0,2,7.0,No,371.06
995480,David Walker,House,Inner Suburb,3,2,7,4.18,49,Yes,6,76.0,1,5.0,Yes,319.55
992671,Isla Young,Townhouse,Inner Suburb,3,3,5,4.34,25,No,2,66.0,5,7.0,Yes,329.74
990975,An King,House,Outer Suburb,4,3,8,4.34,34,No,3,78.0,1,6.0,Yes,352.22
991582,Arjun White,House,Regional,4,2,8,4.75,47,Yes,9,81.0,1,6.0,Yes,383.9
994499,Liam Anderson,House,Outer Suburb,2,2,4,4.54,55,No,5,54.0,2,6.0,Yes,281.51
996806,Emma Khan,House,Inner Suburb,5,3,10,4.91,80,Yes,1,85.0,2,8.0,No,485.52
991714,Omar Smith,Apartment,Inner Suburb,1,1,2,4.13,21,No,2,52.0,10,4.0,No,247.0
994725,Samuel Martin,Apartment,Outer Suburb,2,1,5,4.26,8,No,1,57.0,1,7.0,No,213.86
995124,Noah Chen,Apartment,Regional,1,2,2,4.06,15,No,4,58.0,10,6.0,Yes,219.9
997883,Ben Khan,Studio,Outer Suburb,1,1,3,4.45,21,No,7,24.0,1,3.0,No,163.76
993460,Aisha Thomas,Apartment,Outer Suburb,1,1,1,4.25,4,No,0,51.0,2,4.0,No,131.57
990305,Priya Walker,Studio,Inner Suburb,1,1,3,4.3,14,No,2,59.0,3,6.0,No,102.41
991860,Chloe Clark,House,Inner Suburb,3,2,6,4.5,54,No,0,65.0,2,5.0,No,266.42
993773,Thomas Jones,House,Inner Suburb,4,2,8,4.87,45,Yes,8,77.0,1,4.0,Yes,504.23
997730,Hannah Harris,Apartment,Inner Suburb,2,2,6,4.9,13,No,4,84.0,1,9.0,No,288.73
992488,Emma Nguyen,Studio,Outer Suburb,1,1,1,3.96,29,Yes,5,47.0,1,6.0,Yes,168.76
990841,Mai King,Apartment,Inner Suburb,2,1,4,4.03,18,No,1,55.0,1,4.0,Yes,209.29
996419,Minh Khan,Apartment,Outer Suburb,2,2,4,4.14,30,No,0,69.0,2,6.0,Yes,232.92
990901,An Wilson,Studio,Regional,1,1,2,4.31,130,Yes,2,46.0,1,6.0,No,176.49
996016,Emily Tran,House,Inner Suburb,4,3,9,4.59,45,Yes,3,101.0,3,7.0,No,418.81
991017,Emily Thomas,Apartment,Regional,1,1,2,4.12,87,N,5,72.0,4,5.0,Yes,130.74
996596,William Brown,Apartment,Inner Suburb,2,2,3,4.59,57,No,2,52.0,1,4.0,No,286.17
990952,William White,Apartment,Outer Suburb,1,1,2,4.37,91,No,1,23.0,1,2.0,Yes,170.7
992067,Daniel Singh,House,Inner Suburb,2,2,6,4.44,110,No,3,61.0,2,6.0,No,340.61
992688,Emily Le,Studio,Outer Suburb,1,1,2,4.39,30,No,2,37.0,1,4.0,Yes,140.89
991865,Amelia Thomas,House,CBD,2,3,3,4.39,91,Yes,9,66.0,2,5.0,Yes,460.19
995026,James Anderson,Studio,Inner Suburb,1,2,3,4.3,80,No,2,54.0,1,3.0,No,208.86
995057,Samuel White,Townhouse,Inner Suburb,3,2,6,4.39,11,No,4,76.0,2,6.0,Yes,240.77
997241,Priya Le,Studio,Outer Suburb,1,2,1,4.26,2,No,0,53.0,3,7.0,Yes,198.21
996412,David Anderson,Studio,Outer Suburb,1,1,3,4.53,80,No,5,63.0,1,5.0,No,271.54
990969,Mia Nguyen,Apartment,Outer Suburb,1,2,1,4.31,19,No,1,47.0,1,4.0,Yes,224.3
995421,Sarah Singh,Townhouse,Outer Suburb,3,2,6,4.56,59,Yes,8,80.0,2,6.0,Yes,345.72
992797,Grace Wilson,Townhouse,Inner Suburb,2,2,4,4.21,88,No,1,64.0,2,6.0,Yes,320.77
991414,Mei Walker,Townhouse,CBD,2,2,4,4.66,111,No,3,57.0,7,7.0,No,354.43
990800,Isla Brown,Apartment,CBD,2,2,5,4.38,21,No,0,57.0,2,4.0,No,255.94
994975,Olivia Lee,Apartment,Regional,2,1,4,4.71,34,Yes,3,58.0,1,4.0,No,195.74
993212,Samuel White,House,CBD,4,3,7,4.81,34,Yes,1,92.0,3,7.0,No,442.22
994235,Hannah Brown,Townhouse,Inner Suburb,3,2,6,4.67,92,Yes,7,61.0,2,5.0,Yes,419.42
993454,Michael King,Villa,Inner Suburb,3,2,5,4.3,16,Yes,1,64.0,1,6.0,Yes,335.19
991902,Oliver Lee,Apartment,Regional,1,1,2,4.19,13,No,0,50.0,2,4.0,No,261.62
993785,Anna Walker,Townhouse,Outer Suburb,3,2,5,4.31,52,Yes,15,81.0,1,9.0,Yes,379.7
996254,Omar Wang,Townhouse,Inner Suburb,3,3,6,4.48,38,No,1,76.0,3,7.0,Yes,317.35
997571,Isla Anderson,Villa,Inner Suburb,3,2,8,4.8,137,Yes,2,68.0,1,7.0,Yes,488.89
993278,Mai Tran,Apartment,CBD,1,1,3,4.71,61,Yes,1,37.0,2,4.0,No,305.42
997945,Priya Khan,House,Inner Suburb,4,2,7,4.77,146,Yes,3,75.0,1,6.0,Yes,409.36
996941,Samuel Martin,Studio,CBD,1,1,1,4.71,64,No,1,55.0,1,8.0,Yes,238.83
991358,Liam Nguyen,Apartment,Regional,1,2,4,4.19,66,No,2,50.0,4,7.0,Yes,230.01
996695,Oliver Khan,Townhouse,CBD,4,3,8,4.25,35,No,5,82.0,3,4.0,No,368.75
992499,Daniel Walker,Apartment,Outer Suburb,1,1,3,4.23,71,No,1,42.0,3,7.0,Yes,215.11
995463,Daniel Young,House,Inner Suburb,3,2,6,4.04,80,No,5,84.0,7,5.0,Yes,340.3
994116,Ethan Young,Townhouse,Outer Suburb,3,2,6,4.56,77,Yes,10,98.0,2,9.0,Yes,350.32
993808,Emma Le,House,Inner Suburb,3,2,6,4.76,58,Yes,5,79.0,2,6.0,Yes,396.4
991659,Arjun Ali,House,CBD,5,3,10,4.89,64,No,3,87.0,1,6.0,Yes,472.99
993294,Omar White,Apartment,Inner Suburb,1,1,2,4.84,52,Yes,2,58.0,10,5.0,Yes,262.35
996678,Michael Wang,House,Inner Suburb,5,4,10,4.59,123,Yes,2,82.0,1,6.0,No,541.83
995837,Lucas Lee,Studio,Regional,1,1,1,4.53,63,No,4,33.0,1,4.0,Yes,139.97
990126,Isla Khan,Apartment,Inner Suburb,1,2,2,4.04,4,No,1,42.0,3,2.0,Yes,279.06
995381,An Anderson,Studio,CBD,1,2,2,3.88,74,Yes,5,55.0,2,5.0,Yes,249.35
990575,Lily Lee,Apartment,Inner Suburb,1,1,1,4.36,82,No,3,59.0,3,7.0,Yes,137.27
995340,Grace Harris,Townhouse,Regional,3,2,6,4.25,14,No,3,75.0,1,9.0,No,252.93
996995,Henry Le,Villa,Regional,5,3,10,4.66,28,No,0,112.0,1,9.0,No,478.33
996559,An Thomas,Apartment,CBD,1,1,3,3.82,127,Yes,8,40.0,2,4.0,Yes,269.59
994689,Emma Brown,Apartment,Regional,2,2,6,4.4,45,Yes,2,63.0,2,5.0,Yes,248.74
990354,Oliver Brown,Apartment,CBD,1,2,3,4.35,17,No,1,68.0,1,5.0,No,237.21
997750,Sophie Wilson,Apartment,Outer Suburb,2,2,4,4.18,25,No,4,58.0,1,3.0,No,296.49
994591,Isla Wilson,House,CBD,2,2,5,4.9,44,No,2,75.0,2,5.0,Yes,472.36
997657,Grace Jones,Studio,Outer Suburb,1,2,2,4.9,44,Yes,5,63.0,1,7.0,No,263.7
996381,Henry Brown,House,Outer Suburb,4,3,7,4.33,7,No,2,115.0,1,7.0,No,484.51
994022,Isla Anderson,Apartment,Inner Suburb,1,1,4,4.23,6,No,2,49.0,1,5.0,Yes,291.38
995849,Linh Singh,Studio,Outer Suburb,1,2,4,4.89,95,Yes,6,54.0,2,5.0,No,130.21
996308,Lucas Brown,Studio,Outer Suburb,1,1,3,4.72,46,Yes,3,56.0,1,4.0,Yes,180.21
994123,Oliver King,Villa,Regional,3,3,8,4.6,33,Yes,5,76.0,2,6.0,Yes,407.32
997468,Anna Wang,Apartment,Outer Suburb,2,1,6,4.25,27,No,12,85.0,7,9.0,No,212.3
995290,William Lee,House,Regional,4,3,10,4.07,66,No,0,74.0,2,6.0,Yes,269.88
991416,Samuel Singh,Apartment,Outer Suburb,1,2,2,4.91,46,No,5,62.0,7,6.0,Yes,166.16
995173,Priya Chen,Villa,CBD,4,2,8,4.5,12,No,4,61.0,2,6.0,No,506.82
991253,James Le,House,Outer Suburb,4,3,8,4.34,87,No,2,81.0,3,5.0,No,355.2
996034,Mia Taylor,Studio,Inner Suburb,1,1,2,4.38,68,Yes,4,30.0,2,5.0,No,251.28
991569,David Patel,Apartment,Inner Suburb,2,2,4,4.63,41,No,2,63.0,1,5.0,Yes,287.92
997485,Ethan Clark,House,Inner Suburb,2,2,6,4.79,53,No,5,45.0,2,6.0,No,248.41
990700,Henry Anderson,House,Inner Suburb,5,2,10,4.65,31,No,0,76.0,4,4.0,Yes,510.69
996643,Chloe Brown,Apartment,Inner Suburb,1,1,4,4.49,12,No,4,48.0,5,5.0,No,218.47
990775,Chloe Wilson,Townhouse,Outer Suburb,3,3,7,4.38,120,No,1,61.0,1,4.0,Yes,365.48
994994,Ben Singh,Apartment,CBD,1,2,4,4.73,134,No,0,59.0,1,6.0,No,196.99
995618,Linh Martin,Apartment,Inner Suburb,1,1,1,4.17,15,No,4,47.0,2,6.0,No,193.86
991027,Mia Anderson,House,Regional,3,2,8,4.72,44,Yes,1,76.0,2,7.0,No,283.15
995603,Anna Clark,House,CBD,3,3,8,4.34,6,No,0,64.0,3,,Yes,415.57
997981,Minh Lee,Apartment,Outer Suburb,1,2,1,4.58,105,No,15,37.0,7,4.0,Yes,213.23
993285,Liam Young,House,Regional,2,2,3,4.86,14,No,0,64.0,2,5.0,No,342.87
997816,Ben Brown,Townhouse,Inner Suburb,3,2,6,,29,Yes,0,70.0,1,6.0,No,259.91
994293,Sophie Le,House,Outer Suburb,4,3,8,4.66,41,Yes,2,97.0,4,6.0,Yes,345.87
994542,Oliver Taylor,Apartment,Inner Suburb,1,2,2,4.63,57,Yes,8,61.0,1,4.0,Yes,238.02
992839,Zoe Young,Apartment,CBD,1,2,2,4.58,30,Yes,0,53.0,2,7.0,Yes,308.15
992584,Emma Thomas,Apartment,Outer Suburb,3,2,7,4.33,109,No,6,76.0,3,6.0,Yes,439.89
991473,Sarah Anderson,Villa,Outer Suburb,4,2,9,4.77,73,No,3,74.0,3,7.0,No,423.38
994826,Anna Thomas,Studio,CBD,1,2,4,4.61,22,No,3,70.0,3,7.0,Yes,232.72
994431,Mai Singh,Apartment,CBD,1,1,2,4.48,4,No,0,43.0,5,2.0,No,192.18
997894,Zoe White,Villa,Inner Suburb,2,2,4,4.48,25,Yes,3,65.0,7,9.0,Yes,483.8
993562,Jack Jones,Townhouse,Inner Suburb,2,2,6,4.44,49,No,1,72.0,1,7.0,Yes,335.56
991406,Priya Harris,Villa,Outer Suburb,3,2,6,4.54,91,Yes,7,68.0,2,7.0,No,456.45
997383,Chloe Martin,Studio,Outer Suburb,1,1,2,4.79,23,No,2,56.0,2,6.0,No,201.68
992039,Mei Anderson,Town House,Inner Suburb,3,2,5,4.33,53,No,2,92.0,3,6.0,No,482.87
990704,Emily Taylor,House,Outer Suburb,5,3,9,4.95,28,No,1,120.0,1,9.0,Yes,436.6
994440,Omar Tran,Townhouse,Regional,3,2,7,4.64,26,No,4,81.0,1,6.0,Yes,352.7
995801,An White,Villa,Outer Suburb,4,2,7,4.67,64,Yes,1,87.0,3,8.0,Yes,409.91
993304,William White,Apartment,Regional,2,2,4,4.38,4,No,0,56.0,3,5.0,Yes,174.91
992478,Lily White,House,Outer Suburb,2,2,3,4.31,41,Yes,3,74.0,1,6.0,Yes,308.57
997794,Daniel Scott,House,Regional,2,2,4,4.95,72,Yes,5,71.0,1,4.0,Yes,195.98
997182,Mai White,Studio,Outer Suburb,1,2,4,4.4,28,Yes,2,71.0,1,7.0,Yes,165.71
992959,Noah Singh,House,Inner Suburb,5,3,10,4.72,32,Yes,3,101.0,3,8.0,Yes,468.22
995308,Ethan Taylor,Studio,CBD,1,1,2,4.11,64,No,8,53.0,1,6.0,No,315.63
997099,Lucas Young,House,Regional,3,2,6,4.68,150,No,3,75.0,4,8.0,Yes,365.54
997119,Hannah Wang,Apartment,CBD,2,2,4,4.42,72,No,5,42.0,1,3.0,No,294.86
991872,David White,Apartment,Inner Suburb,1,1,3,4.22,105,Yes,13,47.0,1,4.0,No,215.15
997622,Ben Smith,House,Regional,4,3,9,4.43,41,No,3,85.0,3,7.0,No,357.57
994337,Oliver White,Townhouse,CBD,4,3,10,4.97,83,No,3,87.0,3,6.0,Yes,471.09
991754,Amelia Jones,Apartment,CBD,1,2,4,4.05,4,No,2,52.0,2,6.0,No,284.96
997310,Lily Walker,Apartment,Regional,1,2,2,4.64,61,Yes,3,73.0,2,7.0,Yes,311.65
995211,Thomas Tran,Apartment,Outer Suburb,1,1,2,4.65,54,No,6,55.0,2,5.0,Yes,245.95
994148,Lily Patel,Studio,Inner Suburb,1,1,3,4.39,66,Yes,4,50.0,1,7.0,Yes,266.68
994342,Ben Jones,Studio,Outer Suburb,1,1,2,4.62,25,No,4,40.0,2,7.0,Yes,266.73
996686,Minh Anderson,House,Outer Suburb,3,2,5,,15,No,3,68.0,2,9.0,Yes,434.37
990188,Thomas Khan,Apartment,CBD,3,2,5,,9,No,7,,1,6.0,No,443.02
992419,James Harris,House,Inner Suburb,4,3,9,4.37,15,No,2,74.0,4,5.0,Yes,393.28
990434,James Walker,House,Regional,3,2,8,4.24,22,No,2,75.0,2,5.0,Yes,219.78
990531,Ethan Young,House,CBD,3,2,6,3.79,186,Yes,6,69.0,2,4.0,Yes,391.51
994563,Amelia Martin,Apartment,Inner Suburb,1,1,3,4.32,49,Yes,6,43.0,1,7.0,Yes,254.37
997875,Ethan White,Studio,CBD,1,1,3,4.3,28,Yes,7,57.0,1,7.0,Yes,260.55
993817,Sophie Wang,Villa,Inner Suburb,4,2,10,,41,No,3,,1,10.0,Yes,532.42
997359,Priya King,House,Outer Suburb,4,3,10,4.52,41,No,2,93.0,1,6.0,No,452.35
992903,Aisha White,Apartment,Outer Suburb,1,2,4,4.06,72,No,12,35.0,10,5.0,No,146.18
997544,Chloe Brown,Apartment,CBD,1,2,1,5.0,88,Yes,11,56.0,1,6.0,Yes,243.54
997158,Hannah Wang,Studio,CBD,1,1,2,4.06,34,No,1,57.0,1,4.0,No,247.6
997500,James Scott,Studio,CBD,1,1,4,5.0,80,Yes,0,38.0,2,5.0,No,238.69
995979,Sophie King,Apartment,Regional,1,2,1,4.41,60,Yes,15,57.0,2,4.0,Yes,216.33
992614,Noah Ali,Studio,Outer Suburb,1,1,3,3.97,148,Yes,5,54.0,1,6.0,No,296.35
995958,David Martin,Studio,Outer Suburb,1,1,1,4.22,79,Yes,9,51.0,1,5.0,Yes,167.8
994600,Ben Singh,House,CBD,3,2,8,4.34,40,No,9,67.0,3,4.0,Yes,440.72
996071,Daniel Smith,Apartment,Outer Suburb,1,2,1,3.64,101,No,5,56.0,2,5.0,No,169.5
996873,David Martin,House,Inner Suburb,4,3,8,,21,No,1,70.0,3,4.0,No,465.69
997174,Oliver Anderson,Studio,Inner Suburb,1,2,3,4.27,56,No,1,52.0,2,4.0,No,160.19
990047,Thomas Harris,Villa,Outer Suburb,4,2,8,4.68,27,Yes,1,93.0,1,10.0,Yes,410.97
996329,Omar Tran,Townhouse,CBD,3,3,6,4.4,82,Yes,3,76.0,3,8.0,No,433.78
990403,Hannah Jones,Apartment,Outer Suburb,1,1,1,4.49,52,Yes,6,47.0,1,4.0,Yes,238.18
990757,Ethan Young,Townhouse,CBD,3,3,8,4.63,25,No,2,83.0,3,5.0,Yes,368.19
993469,Lucas Lee,Apartment,Inner Suburb,1,1,1,4.13,16,No,2,46.0,1,6.0,No,213.75
991579,Linh Chen,House,Outer Suburb,4,3,8,4.26,100,Yes,10,79.0,2,4.0,No,510.76
995305,Isla Wilson,House,Regional,4,3,9,4.54,45,Yes,5,91.0,2,8.0,Yes,394.86
992820,Henry Young,Apartment,Inner Suburb,1,1,1,,37,Yes,7,,3,2.0,No,193.18
997084,Henry Clark,Townhouse,CBD,3,2,7,4.57,56,No,0,93.0,2,8.0,No,390.38
992943,Lily Taylor,House,Inner Suburb,3,2,8,4.26,156,No,6,76.0,2,5.0,Yes,353.56
991499,Wei Ali,Townhouse,Outer Suburb,2,2,6,4.51,19,No,5,46.0,7,3.0,Yes,258.54
995922,Aisha Smith,Apartment,Inner Suburb,1,2,2,4.7,86,Yes,3,63.0,2,6.0,Yes,292.75
991498,Sophie Taylor,Townhouse,CBD,2,2,3,4.6,44,Yes,5,50.0,2,3.0,Yes,335.35
993371,Jack Smith,Studio,Regional,1,2,2,4.49,11,No,3,44.0,1,5.0,No,175.29
993755,Emma Wilson,Villa,Regional,4,3,8,4.68,68,No,0,94.0,7,8.0,No,446.94
996896,Hannah Scott,House,Inner Suburb,2,1,5,4.6,74,No,6,54.0,1,7.0,No,391.72
995858,Michael Lee,House,Regional,3,3,6,4.62,34,Yes,3,81.0,1,6.0,Yes,360.57
997526,Sarah Chen,Townhouse,Outer Suburb,2,3,4,4.62,7,No,2,87.0,3,6.0,Yes,297.95
993667,Henry Harris,House,Outer Suburb,5,3,10,4.31,92,Yes,4,108.0,2,8.0,No,530.94
995826,Zoe Thomas,Villa,Outer Suburb,2,1,4,4.35,12,No,1,53.0,3,7.0,Yes,267.99
996376,Olivia Taylor,House,Regional,4,3,8,4.26,144,No,0,84.0,1,7.0,Yes,452.06
991988,Samuel Lee,Studio,Regional,1,2,2,4.23,39,No,9,43.0,1,5.0,Yes,156.02
991756,Michael Clark,House,Regional,2,3,4,4.39,48,Yes,5,63.0,10,5.0,No,327.77
997977,Emily Taylor,Apartment,CBD,3,2,6,4.02,123,No,8,56.0,4,4.0,Yes,356.68
992385,Ben Scott,House,Inner Suburb,5,4,10,4.15,26,No,3,106.0,1,7.0,Yes,558.34
992406,Minh Scott,Townhouse,Outer Suburb,2,2,5,4.78,13,No,4,63.0,1,6.0,Yes,295.58
997268,Ethan Chen,Studio,Regional,1,1,3,4.64,34,No,2,35.0,3,2.0,Yes,99.55
995498,Ethan Smith,Townhouse,Inner Suburb,3,2,8,4.62,118,Yes,4,74.0,1,7.0,Yes,322.58
994446,An Tran,Townhouse,CBD,2,1,4,4.81,201,No,10,64.0,1,6.0,Yes,375.74
997784,Priya Smith,Villa,Outer Suburb,3,2,7,4.72,22,No,2,76.0,1,4.0,Yes,351.56
997695,Thomas Taylor,Apartment,Regional,2,2,5,4.54,32,No,6,86.0,3,9.0,No,237.51
996475,Lucas Lee,House,Inner Suburb,3,3,8,4.8,93,Yes,2,106.0,1,8.0,No,461.33
996670,Wei Martin,Apartment,CBD,2,2,6,4.78,35,Yes,4,58.0,2,6.0,Yes,325.31
993753,Amelia Singh,Apartment,Outer Suburb,1,1,2,4.55,131,Yes,2,52.0,4,,Yes,244.92
993109,Omar Harris,House,Regional,3,2,6,4.39,27,No,1,71.0,1,7.0,Yes,345.39
997704,Samuel Taylor,Apartment,Inner Suburb,2,2,5,4.27,128,No,6,42.0,2,5.0,Yes,181.2
991242,Samuel Brown,Apartment,Outer Suburb,2,2,3,4.43,33,No,0,62.0,2,4.0,No,260.43
990738,Olivia Martin,Apartment,Inner Suburb,1,2,2,4.06,75,No,1,32.0,2,4.0,No,209.12
997728,Anna Thomas,Apartment,Inner Suburb,1,2,1,4.29,4,No,1,48.0,2,3.0,Yes,214.99
995201,Michael Jones,House,Regional,3,2,8,4.36,44,Yes,1,71.0,2,5.0,Yes,286.39
997362,Mei Nguyen,Townhouse,Regional,2,3,5,4.58,24,N,14,89.0,3,5.0,Yes,265.73
997606,Ava Le,Apartment,Inner Suburb,2,2,4,4.04,82,No,10,54.0,10,3.0,Yes,276.42
996001,Zoe Young,Studio,Inner Suburb,1,1,1,4.44,70,Yes,7,49.0,2,7.0,No,223.59
991730,Minh Anderson,House,CBD,4,3,8,4.34,46,Yes,6,81.0,2,6.0,Yes,557.08
994483,Emily Lee,House,Inner Suburb,2,2,4,4.52,70,No,3,58.0,2,6.0,No,350.19
993766,Sarah Young,Townhouse,Inner Suburb,3,3,6,4.79,15,No,2,95.0,3,6.0,No,366.94
997635,Anna Harris,Townhouse,Inner Suburb,3,2,6,4.28,19,No,5,70.0,3,4.0,No,281.45
997768,Henry Jones,Studio,Outer Suburb,1,1,2,4.44,22,No,0,41.0,3,3.0,Yes,164.53
994507,William Le,House,Outer Suburb,3,2,5,4.38,38,No,1,79.0,1,6.0,No,289.84
994766,Grace Ali,Apartment,CBD,3,2,7,4.82,64,No,13,84.0,2,9.0,Yes,409.66
997224,Henry Thomas,Villa,Inner Suburb,3,2,5,4.18,41,No,0,70.0,2,5.0,Yes,421.67
991999,Sophie Anderson,Apartment,Regional,1,1,2,4.17,55,Yes,15,34.0,2,2.0,Yes,312.47
995941,Oliver Walker,Studio,CBD,1,2,4,4.04,32,No,3,46.0,1,6.0,No,244.18
996069,David Smith,House,Inner Suburb,3,2,8,4.42,5,No,1,81.0,1,6.0,Yes,472.8
997614,William Anderson,House,Inner Suburb,3,2,8,4.43,24,Yes,6,72.0,1,5.0,Yes,406.84
992635,Ben Smith,Apartment,Regional,1,2,4,4.69,30,No,6,66.0,2,5.0,Yes,141.33
990893,James Taylor,House,Regional,3,2,8,4.67,53,No,2,73.0,2,7.0,Yes,347.75
996355,Emily Jones,House,Regional,2,2,4,4.11,4,No,1,50.0,1,4.0,Yes,352.45
990505,Anna Lee,Apartment,CBD,3,2,6,4.81,8,No,0,63.0,2,5.0,No,376.98
995184,Isla Wang,Apartment,Outer Suburb,2,2,5,4.04,70,Yes,5,63.0,2,3.0,Yes,219.85
992013,Isla Wang,House,Outer Suburb,2,2,6,4.65,9,No,2,65.0,2,5.0,Yes,280.86
993774,Sophie Patel,Townhouse,Outer Suburb,3,2,8,,57,Yes,5,72.0,1,6.0,No,250.16
991985,Olivia Smith,House,Outer Suburb,4,3,9,4.2,37,Yes,10,96.0,1,5.0,No,463.65
990280,Samuel Le,House,Inner Suburb,4,3,8,4.25,0,No,0,86.0,2,9.0,Yes,499.18
992698,Lucas Smith,House,Outer Suburb,4,2,7,4.75,35,Yes,8,102.0,2,8.0,No,410.11
994344,Emily Anderson,House,Inner Suburb,2,2,4,3.82,107,No,10,57.0,1,5.0,No,323.61
990216,Daniel Nguyen,Apartment,Inner Suburb,1,1,4,4.61,68,No,6,43.0,3,5.0,Yes,253.27
991834,Amelia Harris,Townhouse,Regional,3,1,6,4.6,42,No,3,60.0,1,2.0,No,269.76
993627,Zoe Anderson,House,CBD,3,2,6,3.81,67,No,5,65.0,4,4.0,No,393.57
996541,Anna Wilson,House,Regional,5,3,10,4.57,136,No,1,103.0,4,8.0,Yes,407.32
995659,Wei Tran,Apartment,Outer Suburb,1,1,2,4.25,14,No,1,46.0,5,6.0,No,215.66
994255,Sophie Young,Studio,CBD,1,1,2,4.07,41,No,3,62.0,3,6.0,Yes,239.51
995162,Grace Harris,Townhouse,Inner Suburb,3,3,6,4.65,69,No,1,90.0,5,8.0,Yes,346.67
991519,Oliver Anderson,Studio,Regional,1,1,4,4.48,60,No,4,57.0,1,6.0,Yes,117.02
994644,Lucas Patel,Apartment,Inner Suburb,1,1,2,4.69,50,No,4,57.0,1,8.0,No,288.23
996081,Mei Thomas,House,CBD,3,3,6,4.26,41,Yes,3,63.0,1,6.0,No,462.1
993156,David Anderson,Townhouse,Inner Suburb,4,3,8,4.85,43,No,4,88.0,3,5.0,No,377.97
996005,Emily Young,Apartment,CBD,1,2,1,4.44,57,No,5,55.0,1,6.0,No,224.61
995115,Linh Walker,House,CBD,3,2,7,4.39,48,No,5,70.0,5,4.0,No,473.08
993042,Liam Clark,Apartment,CBD,2,2,3,4.29,25,Yes,1,50.0,2,3.0,Yes,251.44
994331,Noah Clark,Apartment,Inner Suburb,2,2,4,4.5,22,No,0,54.0,1,5.0,No,298.75
996978,Noah Lee,Apartment,Inner Suburb,2,1,4,4.64,87,Yes,7,54.0,3,5.0,No,262.96
993910,Amelia Le,Studio,Regional,1,1,4,4.74,103,Yes,1,56.0,3,4.0,Yes,163.26
996957,Ava Khan,House,CBD,3,3,8,4.45,21,Yes,2,69.0,4,4.0,Yes,407.47
991423,Sarah Scott,House,Outer Suburb,4,3,10,4.05,168,Yes,6,86.0,1,6.0,No,464.87
994737,Olivia Walker,Townhouse,Outer Suburb,3,2,8,4.46,46,Yes,5,74.0,2,8.0,Yes,384.9
994777,Linh Martin,Apartment,CBD,1,1,2,4.34,60,No,2,47.0,1,4.0,No,285.75
994734,Mia Taylor,Apartment,Outer Suburb,1,1,2,4.44,63,Yes,4,64.0,3,5.0,No,179.65
990791,Lucas Tran,Studio,Inner Suburb,1,1,4,4.71,34,Yes,4,52.0,1,6.0,Yes,242.89
992207,Ben Tran,Villa,Inner Suburb,2,2,5,4.25,27,No,3,47.0,4,4.0,No,285.58
994984,Daniel Wang,House,Outer Suburb,2,2,6,4.21,61,Yes,12,68.0,3,8.0,No,284.86
993495,Michael Martin,Studio,Outer Suburb,1,1,3,4.74,80,Yes,11,62.0,1,6.0,Yes,214.51
995724,Amelia Smith,House,Inner Suburb,4,2,7,4.88,59,Yes,15,91.0,3,8.0,Yes,399.6
997116,Zoe Le,House,Outer Suburb,3,2,7,4.53,58,No,9,57.0,1,7.0,Yes,356.64
992118,Linh Harris,Apartment,Outer Suburb,1,2,3,4.1,70,No,4,49.0,1,4.0,Yes,204.84
993573,Hannah King,Studio,Regional,1,1,2,,35,Yes,1,,1,6.0,Yes,97.64
993943,Omar Tran,Apartment,Outer Suburb,2,2,4,4.01,28,No,8,49.0,3,6.0,Yes,333.44
997231,Ava Walker,Studio,Outer Suburb,1,2,2,4.67,12,No,1,52.0,5,7.0,Yes,171.63
993373,Chloe Anderson,House,Inner Suburb,3,2,7,4.33,23,No,0,73.0,2,6.0,No,316.45
992350,David Tran,Villa,Inner Suburb,3,2,8,4.55,185,Yes,5,60.0,1,6.0,No,560.49
996667,Samuel Brown,House,Regional,2,2,4,4.69,58,No,5,55.0,4,5.0,Yes,242.92
993939,Olivia Brown,Apartment,Regional,1,2,1,4.76,19,No,1,51.0,1,6.0,No,178.98
993560,Noah Brown,Studio,Inner Suburb,1,1,3,,63,Yes,1,,2,5.0,No,193.46
991491,Ava Harris,House,Inner Suburb,5,3,10,4.63,83,Yes,14,91.0,3,6.0,Yes,508.94
997367,William Anderson,House,CBD,3,3,7,4.91,120,Yes,6,78.0,3,7.0,Yes,472.19
990065,Mia Walker,House,Outer Suburb,4,3,10,4.58,53,No,0,94.0,2,8.0,Yes,492.54
991833,Emily Tran,Studio,CBD,1,2,4,4.54,32,No,5,60.0,3,6.0,No,283.92
995885,An Ali,Townhouse,Regional,2,3,4,4.48,91,No,8,67.0,3,7.0,No,352.55
990577,Sophie Patel,Townhouse,Outer Suburb,2,2,4,4.4,63,No,11,51.0,4,4.0,Yes,241.84
994571,Wei Nguyen,House,Inner Suburb,5,3,10,4.74,18,No,0,112.0,2,6.0,Yes,466.95
993918,Arjun Martin,House,Inner Suburb,4,3,10,4.41,26,Yes,3,100.0,3,7.0,No,423.56
994592,Isla Thomas,Apartment,CBD,1,2,2,4.35,66,Yes,0,62.0,3,7.0,Yes,290.17
993180,Ben Ali,Apartment,CBD,1,2,4,4.22,21,Yes,2,44.0,3,8.0,No,341.38
997854,Lily Scott,Apartment,Outer Suburb,2,2,5,3.81,35,No,1,51.0,5,4.0,No,317.53
996850,Ben Patel,Apartment,Regional,2,2,6,4.64,134,Yes,15,53.0,1,4.0,Yes,204.78
991201,Ethan Thomas,House,Inner Suburb,5,3,10,4.8,79,No,6,100.0,2,7.0,Yes,514.39
996165,Ethan Scott,House,CBD,4,2,8,4.57,59,Yes,3,86.0,2,6.0,Yes,491.77
992288,Wei Chen,Studio,Inner Suburb,1,2,1,4.64,56,Yes,4,50.0,3,4.0,No,267.27
997941,Zoe Thomas,Studio,Regional,1,1,4,4.59,11,No,1,40.0,2,5.0,Yes,176.66
991725,Sophie Wang,Apartment,Outer Suburb,2,2,3,4.62,103,No,1,71.0,2,10.0,Yes,346.75
991095,Lily Martin,House,Inner Suburb,4,3,10,4.54,8,No,1,91.0,1,8.0,No,497.57
991012,Anna Chen,Apartment,Regional,1,1,2,4.37,35,No,0,49.0,1,7.0,Yes,130.35
992476,Lucas Le,House,Outer Suburb,3,2,6,5.0,86,No,1,80.0,2,7.0,No,306.51
992508,Ben Scott,Apartment,Inner Suburb,1,1,2,4.51,49,No,1,45.0,1,,No,273.95
990025,Mei Smith,Apartment,Outer Suburb,1,2,4,4.54,78,Yes,8,47.0,2,5.0,No,247.97
994865,Sophie Thomas,Apartment,Regional,1,1,4,4.42,49,No,6,44.0,1,5.0,No,162.76
996706,Isla Young,House,Outer Suburb,3,2,5,4.32,7,No,1,78.0,3,8.0,No,365.4
993253,Minh Le,House,Outer Suburb,3,2,6,4.33,47,Yes,12,72.0,2,6.0,Yes,429.7
992603,Wei Singh,Townhouse,Outer Suburb,2,2,3,4.11,88,No,0,49.0,3,5.0,No,232.16
994715,Omar Singh,Townhouse,CBD,3,2,8,4.64,37,No,5,64.0,2,10.0,Yes,379.67
997147,James Harris,Townhouse,Inner Suburb,3,2,5,4.12,127,Yes,8,65.0,1,4.0,Yes,301.35
995673,Ethan Harris,House,CBD,3,2,6,4.26,77,Yes,7,81.0,4,9.0,No,449.68
996496,Henry Walker,Studio,Regional,1,2,4,4.3,28,No,2,48.0,1,3.0,Yes,198.65
995331,Arjun Wang,Apartment,Inner Suburb,1,2,1,4.42,24,No,10,44.0,1,6.0,Yes,194.9
994441,Olivia King,Apartment,Inner Suburb,1,1,3,4.83,49,Yes,2,55.0,1,6.0,No,232.51
996757,Olivia Taylor,Apartment,Inner Suburb,1,1,2,4.38,14,No,4,49.0,7,6.0,Yes,288.72
993798,Sarah Lee,Apartment,Regional,1,1,2,4.91,83,Yes,8,64.0,1,4.0,Yes,160.51
995874,Linh White,Apartment,Outer Suburb,1,2,2,5.0,192,Yes,4,63.0,2,7.0,No,227.51
993275,Isla Wang,House,Inner Suburb,3,2,7,4.51,19,No,3,83.0,1,6.0,No,350.65
997460,Samuel Clark,Townhouse,Outer Suburb,2,2,4,4.87,57,Yes,2,90.0,4,8.0,No,357.7
994466,Wei Wang,House,CBD,5,4,10,4.59,17,No,3,97.0,1,6.0,No,518.43
993672,Emma Walker,Apartment,Outer Suburb,1,1,1,4.78,51,Yes,5,36.0,3,8.0,Yes,229.9
994860,Isla Walker,Apartment,Inner Suburb,2,2,4,4.26,53,No,1,55.0,10,3.0,No,182.21
994380,William White,Apartment,Inner Suburb,2,2,4,4.53,23,No,1,57.0,1,8.0,Yes,285.8
990156,Minh Tran,Apartment,Outer Suburb,3,2,7,,43,No,6,,4,5.0,Yes,285.23
997829,Mai Wang,Apartment,Outer Suburb,2,3,5,4.76,35,No,10,61.0,10,5.0,Yes,231.53
992642,Grace Brown,Apartment,Outer Suburb,2,2,4,4.67,62,Yes,7,54.0,1,1.0,Yes,207.41
990099,Samuel Anderson,Apartment,CBD,3,2,6,4.47,137,No,6,82.0,1,6.0,Yes,353.83
994058,Aisha Brown,House,Outer Suburb,2,2,3,4.39,81,Yes,0,36.0,3,5.0,No,296.93
995666,Wei White,Apartment,Outer Suburb,1,1,3,4.79,120,Yes,1,43.0,1,5.0,Yes,121.17
991313,Grace Smith,Apartment,Inner Suburb,1,2,1,4.7,5,No,1,38.0,2,6.0,Yes,186.07
991663,Anna Le,Townhouse,Outer Suburb,2,2,3,4.3,6,No,1,49.0,3,2.0,Yes,249.52
991907,Isla Taylor,House,CBD,2,1,4,4.22,36,No,3,58.0,3,4.0,Yes,349.25
997443,Chloe Brown,Studio,Regional,1,2,4,,27,No,3,,5,6.0,Yes,241.02
995889,Noah Harris,Apartment,Outer Suburb,3,3,6,4.25,34,No,3,83.0,1,8.0,No,286.0
993843,Anna Le,House,Outer Suburb,3,2,8,4.32,47,No,2,71.0,2,6.0,No,342.25
996580,Daniel White,Apartment,Inner Suburb,2,2,5,4.25,24,No,2,57.0,5,6.0,Yes,317.94
993409,Amelia Khan,Apartment,CBD,3,2,8,4.48,29,Yes,2,70.0,7,7.0,Yes,445.49
995400,Noah Clark,Apartment,CBD,2,2,3,4.04,220,Yes,3,41.0,7,3.0,Yes,308.1
991049,Mia Walker,House,Outer Suburb,3,2,6,4.58,94,Yes,3,58.0,1,4.0,No,322.63
994313,Anna Harris,Studio,Inner Suburb,1,2,2,4.15,133,Yes,13,74.0,1,6.0,Yes,265.35
991345,Minh King,Apartment,Outer Suburb,2,2,4,4.3,83,Yes,15,77.0,2,7.0,Yes,341.22
993972,Emily Brown,Apartment,Outer Suburb,2,2,4,4.33,45,Yes,0,63.0,1,7.0,No,314.32
994872,Liam Le,Apartment,Inner Suburb,1,1,3,4.38,51,Yes,5,50.0,1,5.0,No,255.01
996641,Thomas Walker,Townhouse,CBD,3,2,7,4.4,41,No,1,73.0,7,6.0,Yes,404.17
995355,Aisha Tran,House,Outer Suburb,4,3,7,4.28,2,No,0,88.0,5,6.0,Yes,427.74
995813,Ben Brown,Townhouse,Outer Suburb,3,2,8,4.54,34,No,3,72.0,2,6.0,Yes,371.99
994821,Oliver Khan,Apartment,CBD,1,1,4,4.69,53,Yes,0,29.0,1,2.0,No,180.66
993890,Emma Jones,Apartment,CBD,1,2,2,4.61,14,No,3,51.0,2,6.0,Yes,332.06
990323,Grace Scott,House,Outer Suburb,3,2,6,4.17,12,No,2,69.0,3,4.0,Yes,302.26
996316,Samuel Walker,Studio,Inner Suburb,1,1,4,4.01,215,Yes,0,40.0,3,3.0,Yes,190.52
995343,Emma Tran,House,Outer Suburb,4,3,9,3.97,41,No,2,73.0,5,4.0,Yes,405.48
991259,Mei Chen,Studio,Outer Suburb,1,1,2,4.27,7,No,2,39.0,2,8.0,Yes,208.43
997948,Ben Ali,Apartment,Outer Suburb,1,2,2,4.32,32,No,3,42.0,3,4.0,No,261.88
992971,Isla Walker,Apartment,Outer Suburb,2,2,5,4.57,118,Yes,7,64.0,4,5.0,Yes,173.32
997209,Omar Martin,Apartment,Regional,1,1,1,4.12,30,No,1,38.0,2,5.0,Yes,267.53
992629,Henry Le,House,Inner Suburb,3,3,5,4.42,11,No,3,68.0,2,4.0,Yes,323.12
993116,Noah Harris,Apartment,CBD,1,2,4,4.44,93,Yes,6,57.0,2,6.0,Yes,268.36
996917,Sarah Martin,House,Inner Suburb,4,3,8,4.29,3,No,1,101.0,1,8.0,No,451.4
996874,Wei Nguyen,Studio,Outer Suburb,1,1,4,4.47,187,No,7,49.0,3,4.0,No,163.49
990019,Wei Brown,Townhouse,CBD,3,2,5,4.87,6,No,2,72.0,1,7.0,Yes,419.33
991894,Sarah Wilson,House,CBD,4,3,8,4.8,43,No,3,85.0,1,7.0,Yes,417.58
993969,An Wang,Apartment,Inner Suburb,1,2,2,4.38,79,No,3,51.0,7,5.0,No,234.71
993768,Lucas Clark,House,Outer Suburb,3,2,6,4.85,95,Yes,1,80.0,2,6.0,Yes,379.86
997370,Mei Khan,House,Regional,2,1,5,4.27,54,Yes,10,46.0,1,5.0,No,304.66
995990,An Chen,Apartment,CBD,1,2,2,4.71,5,No,1,61.0,7,6.0,Yes,272.48
993987,James Khan,Villa,Inner Suburb,5,3,9,4.57,56,Yes,10,129.0,3,10.0,Yes,594.7
997576,Hannah Thomas,Apartment,CBD,1,1,2,4.13,65,Yes,7,48.0,3,2.0,Yes,167.64
991660,Emma Chen,House,Outer Suburb,2,1,3,4.46,51,Yes,4,44.0,2,4.0,No,259.35
995599,An Anderson,House,Inner Suburb,3,1,6,4.29,14,Yes,1,77.0,1,4.0,Yes,346.23
994893,Oliver Scott,Apartment,Outer Suburb,1,2,2,4.45,10,No,2,46.0,1,5.0,Yes,210.13
990314,Minh Anderson,House,Inner Suburb,3,2,6,4.72,13,No,3,78.0,3,8.0,No,347.19
992607,Liam Tran,House,Outer Suburb,3,3,5,4.63,2,No,1,66.0,1,4.0,No,398.01
993566,Olivia Chen,House,Inner Suburb,3,2,5,4.55,43,Yes,1,87.0,2,9.0,No,463.18
992340,Thomas Tran,Studio,CBD,1,2,4,,77,No,1,,2,7.0,Yes,335.38
990038,Zoe Clark,Apartment,Outer Suburb,3,2,6,4.26,28,No,4,66.0,2,6.0,Yes,323.12
990136,Linh Tran,House,CBD,2,1,3,4.29,14,Yes,4,50.0,3,4.0,Yes,330.06
993738,Ava Jones,Villa,Regional,3,2,5,4.29,39,No,5,84.0,3,6.0,Yes,362.52
995770,Wei Taylor,Townhouse,Regional,4,3,10,4.42,32,No,6,75.0,5,6.0,No,381.42
990396,Hannah King,Townhouse,Regional,3,3,7,4.23,39,Yes,2,69.0,1,5.0,No,308.56
995183,Ava Patel,Apartment,CBD,1,1,4,,109,Yes,10,54.0,2,6.0,Yes,282.75
995404,Omar Singh,House,Outer Suburb,4,3,7,4.72,34,Yes,1,111.0,3,10.0,No,505.52
996921,Amelia Brown,Studio,Inner Suburb,1,1,1,4.4,159,Yes,5,44.0,1,5.0,No,162.15
991716,William Scott,Apartment,Outer Suburb,2,2,5,4.42,14,No,2,47.0,2,4.0,Yes,200.19
996426,Wei Tran,Apartment,CBD,1,1,1,4.86,17,No,6,53.0,3,5.0,Yes,283.84
994808,James Smith,Apartment,Outer Suburb,2,2,6,4.24,84,Yes,8,62.0,4,7.0,Yes,308.75
995097,Michael Lee,Apartment,Inner Suburb,2,1,6,4.39,74,Yes,1,74.0,1,3.0,Yes,251.55
995014,An Smith,Studio,Inner Suburb,1,1,2,4.83,25,No,3,52.0,2,4.0,Yes,190.15
995909,Grace Khan,Apartment,Outer Suburb,1,2,1,4.66,132,No,15,49.0,1,6.0,No,205.24
997258,Daniel Young,Apartment,Inner Suburb,1,2,3,4.56,5,No,2,65.0,1,7.0,No,301.63
994436,Grace Martin,Apartment,Regional,1,2,3,4.58,50,No,4,35.0,1,5.0,No,184.62
991861,William Le,Apartment,Outer Suburb,1,2,4,4.22,14,No,0,42.0,2,3.0,No,95.32
993451,Amelia Wang,Apartment,Inner Suburb,1,1,2,4.04,10,No,2,24.0,2,3.0,Yes,234.5
997316,Lucas Le,House,Outer Suburb,2,2,5,4.33,58,Yes,3,86.0,2,6.0,Yes,323.96
995156,Wei White,House,Regional,4,3,7,4.48,116,Yes,5,89.0,2,8.0,Yes,402.92
993737,Hannah Martin,House,Outer Suburb,2,2,5,4.5,109,Yes,12,58.0,3,7.0,Yes,409.46
996859,Mai Clark,Apartment,Regional,1,2,2,4.65,71,Yes,15,39.0,2,5.0,No,134.44
991182,Michael Nguyen,House,Regional,3,2,8,4.44,187,Yes,10,80.0,4,10.0,No,388.13
997517,Noah Thomas,Apartment,CBD,1,1,3,4.2,52,No,8,59.0,7,6.0,Yes,215.55
996029,Sarah Harris,House,Regional,3,2,6,4.43,37,No,13,93.0,1,7.0,Yes,410.44
996520,Wei Young,Townhouse,Regional,3,2,7,4.31,24,No,4,58.0,3,4.0,No,295.9
993471,Henry Brown,Apartment,Inner Suburb,2,1,3,4.88,73,Yes,3,60.0,1,6.0,Yes,299.92
994663,David Jones,Studio,Inner Suburb,1,2,3,4.4,35,No,6,56.0,2,7.0,Yes,249.03
990450,Mai Wilson,Apartment,Inner Suburb,1,1,4,4.51,29,Yes,3,49.0,2,5.0,Yes,238.59
993488,Lily Clark,House,Inner Suburb,3,2,6,,27,No,3,,3,5.0,Yes,330.01
995928,Ben Jones,Apartment,Inner Suburb,1,2,4,4.09,35,Yes,8,60.0,3,2.0,Yes,198.35
991742,Emma Tran,Apartment,Outer Suburb,1,1,3,4.28,107,No,15,38.0,2,4.0,Yes,246.14
994678,An King,House,CBD,3,2,8,4.72,8,No,0,65.0,3,6.0,Yes,404.0
992242,Sophie Martin,Townhouse,Regional,2,2,6,4.14,67,No,3,72.0,1,9.0,No,288.91
997789,Oliver Scott,Studio,Regional,1,1,3,4.04,50,No,7,43.0,3,3.0,Yes,229.84
992624,Mai Clark,Apartment,Inner Suburb,2,2,6,4.35,40,Yes,4,67.0,4,4.0,Yes,384.95
992068,Lily Wang,Apartment,Inner Suburb,2,2,3,4.71,216,No,2,71.0,2,5.0,Yes,268.97
997587,Mei Patel,Apartment,Inner Suburb,3,2,5,4.29,21,Yes,0,67.0,1,6.0,No,256.48
996854,Henry King,House,CBD,4,2,8,4.46,33,No,0,83.0,3,7.0,Yes,433.65
992045,Linh Lee,Apartment,Regional,1,1,4,4.55,98,Yes,10,49.0,3,6.0,Yes,297.78
995944,Samuel Tran,Apartment,Outer Suburb,1,1,2,4.58,88,No,0,54.0,2,6.0,No,190.69
996183,Arjun Brown,House,CBD,3,2,8,,24,No,6,,3,5.0,Yes,375.21
997045,Anna King,Townhouse,Outer Suburb,3,3,5,3.97,101,No,2,73.0,2,,Yes,374.3
991440,Isla Khan,House,Outer Suburb,4,2,8,4.63,13,No,3,87.0,1,8.0,No,417.49
993685,Linh Martin,House,Inner Suburb,5,3,10,4.3,62,No,2,84.0,1,5.0,Yes,606.5
992537,Noah Anderson,Townhouse,Inner Suburb,3,2,5,4.57,33,Yes,8,81.0,1,7.0,No,404.25
994030,Samuel Scott,Apartment,Inner Suburb,1,2,2,3.82,21,No,7,57.0,2,5.0,No,190.64
996733,Anna Khan,Villa,CBD,5,4,9,4.2,31,No,8,104.0,1,7.0,Yes,616.63
994948,Ben Clark,House,Outer Suburb,3,1,7,3.97,100,Yes,3,72.0,1,7.0,Yes,417.85
994150,David Young,House,Regional,2,2,6,4.19,12,No,1,54.0,2,5.0,Yes,216.55
993902,Oliver Wilson,Apartment,Inner Suburb,2,2,4,4.01,30,No,7,84.0,1,7.0,Yes,317.5
994982,Arjun Young,Studio,Outer Suburb,1,1,2,4.38,10,No,2,50.0,1,7.0,Yes,184.39
997037,Isla White,Apartment,Inner Suburb,1,1,2,4.36,83,No,7,48.0,2,6.0,Yes,220.45
993816,William Clark,Apartment,Inner Suburb,1,1,1,4.43,40,No,1,46.0,1,4.0,No,207.94
995167,Samuel Scott,Studio,Regional,1,1,2,4.44,32,No,9,55.0,2,,Yes,217.89
993351,Grace Young,Apartment,Inner Suburb,1,2,4,4.22,41,Yes,8,41.0,7,4.0,Yes,222.21
992386,Michael Jones,Apartment,Inner Suburb,1,1,2,4.39,60,No,2,36.0,2,3.0,Yes,254.67
993634,Lucas Singh,Villa,CBD,5,3,10,4.97,19,No,5,105.0,1,10.0,No,567.24
994162,Jack White,Studio,CBD,1,1,2,4.61,57,Yes,0,58.0,7,6.0,Yes,236.52
996705,Daniel Clark,Apartment,Regional,1,1,4,4.57,28,No,13,52.0,2,6.0,No,100.6
993430,Mai Nguyen,House,Inner Suburb,4,3,7,3.98,20,No,4,80.0,2,3.0,Yes,363.47
990240,Zoe White,House,CBD,5,3,10,3.97,18,No,3,91.0,2,5.0,No,511.1
994672,Ben Brown,Studio,Outer Suburb,1,2,2,4.76,49,Yes,7,53.0,1,6.0,Yes,215.21
990736,Mai Anderson,House,Inner Suburb,4,2,8,3.94,87,No,6,76.0,2,4.0,No,435.56
993274,Sophie Singh,Studio,Regional,1,1,2,4.05,56,Yes,10,42.0,2,6.0,Yes,127.83
993361,Grace Wang,Villa,Inner Suburb,5,3,9,4.38,130,Yes,8,87.0,3,7.0,Yes,385.53
992167,Liam Patel,House,Regional,5,2,10,4.32,28,Yes,4,81.0,2,4.0,Yes,401.3
994512,Liam Wang,Townhouse,Outer Suburb,3,2,7,4.23,46,No,3,66.0,2,5.0,Yes,447.25
994298,Hannah Anderson,Apartment,Outer Suburb,1,1,4,4.82,64,Yes,3,21.0,1,4.0,Yes,170.0
995906,Minh Martin,House,Inner Suburb,2,2,4,4.57,2,No,1,68.0,3,4.0,No,307.78
992654,Zoe Thomas,House,Inner Suburb,4,2,10,4.37,18,No,5,93.0,1,6.0,Yes,434.98
996647,Mia Scott,House,CBD,3,2,5,4.52,65,Yes,10,74.0,3,6.0,Yes,363.52
992744,Linh Chen,Villa,Outer Suburb,2,1,4,4.23,57,No,0,64.0,3,6.0,No,291.74
990459,Mia Singh,Apartment,CBD,1,2,2,,66,No,0,50.0,1,5.0,Yes,320.77
994201,An Nguyen,Apartment,Regional,1,2,1,4.58,27,No,0,42.0,2,5.0,Yes,197.08
997403,Zoe Anderson,Studio,Outer Suburb,1,1,2,4.59,26,No,6,62.0,3,7.0,Yes,230.12
994072,Sarah Taylor,House,CBD,2,1,6,4.81,33,No,10,51.0,1,7.0,No,342.16
990937,Oliver Wang,Apartment,Inner Suburb,2,2,6,4.6,45,Yes,5,58.0,5,8.0,No,306.02
993976,Samuel Lee,Studio,Outer Suburb,1,1,1,4.27,32,No,2,62.0,2,5.0,No,222.38
991465,Wei Patel,Apartment,CBD,2,2,5,4.27,41,Yes,4,69.0,1,4.0,No,362.65
991932,Michael Jones,Apartment,Outer Suburb,1,1,2,4.81,8,No,0,48.0,7,3.0,Yes,170.17
997251,Arjun Martin,House,Regional,3,3,6,4.89,174,No,1,58.0,1,7.0,No,423.01
992394,Lily Brown,Townhouse,Inner Suburb,2,2,5,4.57,49,Yes,6,78.0,4,7.0,Yes,311.69
991220,Liam Wang,Apartment,Inner Suburb,1,1,2,4.28,5,No,3,43.0,1,4.0,No,209.24
990271,Sarah Patel,Townhouse,Inner Suburb,2,2,6,5.0,111,No,2,85.0,1,7.0,Yes,377.32
993231,Anna Wilson,Townhouse,CBD,3,3,7,4.43,36,No,11,78.0,2,7.0,Yes,454.24
992480,Ava Wang,Apartment,Outer Suburb,2,2,3,4.37,52,No,4,63.0,1,5.0,No,325.63
994336,Mei Young,Studio,CBD,1,1,4,4.54,52,No,3,56.0,2,6.0,Yes,260.98
992401,Noah Khan,Studio,Regional,1,2,2,4.34,115,No,2,54.0,1,6.0,No,208.49
995845,Chloe Martin,House,Outer Suburb,4,3,8,4.99,47,Yes,1,90.0,2,8.0,Yes,459.19
990835,Lily Martin,Studio,Regional,1,1,4,4.21,29,No,13,64.0,1,6.0,No,162.52
997128,Omar Jones,Apartment,CBD,1,1,3,4.19,32,No,0,55.0,7,5.0,Yes,224.04
992426,Michael Brown,Studio,Regional,1,2,2,,103,No,6,,2,6.0,No,200.98
997940,Zoe Ali,Apartment,Outer Suburb,2,2,6,,79,Yes,11,61.0,2,4.0,Yes,298.96
995074,Wei Smith,House,Outer Suburb,3,2,6,4.72,71,Yes,4,79.0,3,9.0,Yes,309.68
990918,Samuel Martin,Villa,Inner Suburb,5,3,10,4.52,163,Yes,10,105.0,1,5.0,Yes,486.42
997299,William Thomas,Apartment,Regional,1,2,3,4.56,45,Yes,10,51.0,1,7.0,No,267.71
992926,Emily Clark,House,Regional,4,2,7,4.4,54,Yes,3,84.0,2,7.0,Yes,343.15
997697,Samuel Harris,House,Inner Suburb,4,3,9,,32,No,7,,1,8.0,No,545.33
995563,Grace Lee,Apartment,Inner Suburb,2,2,5,4.68,26,No,3,33.0,1,4.0,No,367.85
996476,Mei Thomas,House,Regional,2,1,4,4.44,28,No,11,72.0,1,7.0,No,277.33
990179,Thomas Tran,Apartment,Outer Suburb,2,2,4,4.71,34,Yes,1,52.0,10,6.0,No,298.51
995932,Sophie Taylor,Apartment,CBD,1,1,2,4.0,7,No,1,62.0,1,6.0,Yes,234.68
994800,Arjun Martin,Apartment,CBD,2,2,4,4.45,38,No,0,61.0,2,5.0,No,247.76
995608,Mei Nguyen,Apartment,Outer Suburb,1,2,4,4.29,14,No,1,50.0,1,4.0,Yes,281.64
990173,Linh Young,House,Regional,4,4,10,4.84,98,Yes,8,93.0,1,7.0,Yes,368.73
991806,Henry Smith,Apartment,CBD,1,1,4,4.7,14,No,0,48.0,2,6.0,Yes,176.8
994923,Mai Martin,Apartment,CBD,2,1,6,4.16,46,No,1,45.0,2,4.0,No,320.43
992003,William Harris,Studio,Inner Suburb,1,1,2,4.96,42,Yes,9,52.0,2,9.0,No,259.04
992757,Ben Tran,Apartment,Inner Suburb,1,1,2,4.51,8,No,3,56.0,2,5.0,Yes,253.37
996175,Michael Wang,Apartment,Inner Suburb,1,2,2,4.18,51,No,3,59.0,3,7.0,No,201.67
990292,Anna Nguyen,Studio,CBD,1,1,3,4.35,34,Yes,4,48.0,3,6.0,No,188.19
996996,David Chen,Studio,CBD,1,2,1,4.25,5,No,1,41.0,2,6.0,Yes,264.47
994392,Sarah Jones,Apartment,Regional,1,2,2,4.38,67,No,0,38.0,7,6.0,No,160.72
994653,William Harris,Apartment,Outer Suburb,1,1,1,5.0,68,Yes,3,60.0,2,8.0,Yes,163.3
994272,Wei Martin,Apartment,CBD,2,1,5,4.07,26,No,4,66.0,1,5.0,No,210.23
995623,An Nguyen,House,Regional,2,2,3,4.41,5,No,2,53.0,2,4.0,Yes,353.13
993946,Isla Le,Townhouse,Regional,2,2,5,4.57,35,No,4,62.0,2,6.0,Yes,289.78
990616,Ava Harris,Studio,Regional,1,1,1,4.33,31,Yes,3,52.0,2,5.0,Yes,142.55
993551,Olivia Young,House,Inner Suburb,4,3,10,4.6,57,No,6,99.0,1,6.0,Yes,411.05
990204,Ava Martin,Villa,Outer Suburb,4,4,7,4.37,65,No,2,90.0,2,6.0,No,544.88
994009,Minh Patel,Apartment,CBD,1,2,2,4.58,55,Yes,14,72.0,1,9.0,Yes,370.52
994684,Emily Young,Apartment,Regional,1,2,2,4.16,21,No,2,48.0,3,5.0,Yes,198.55
994706,Sophie Chen,House,CBD,4,3,8,4.3,56,No,2,80.0,1,6.0,Yes,401.6
990398,Olivia White,Studio,Outer Suburb,1,2,3,4.47,97,No,8,62.0,1,5.0,Yes,154.24
994278,James Harris,Apartment,CBD,3,4,6,4.28,15,No,3,92.0,1,7.0,No,401.81
991691,Michael Wang,House,CBD,5,3,10,4.5,64,Yes,11,100.0,3,6.0,Yes,558.23
993666,Ethan Singh,Apartment,Outer Suburb,1,1,4,4.24,58,No,2,45.0,3,6.0,Yes,221.9
991275,Thomas Wang,Townhouse,Inner Suburb,3,2,5,4.26,9,No,2,63.0,1,6.0,No,374.57
990613,Emily Ali,Townhouse,Outer Suburb,4,4,10,4.43,58,No,1,108.0,3,6.0,No,435.13
997612,Mia Jones,Apartment,Inner Suburb,1,1,2,3.73,59,No,7,38.0,1,3.0,No,161.76
990619,Zoe Young,Studio,Inner Suburb,1,1,3,4.57,14,No,1,40.0,2,3.0,Yes,168.73
993234,Noah Patel,Apartment,Outer Suburb,1,1,2,4.65,56,No,1,39.0,1,7.0,Yes,218.59
992841,Wei Martin,Townhouse,Regional,2,2,5,4.51,23,No,0,64.0,2,6.0,Yes,267.66
991641,William Nguyen,Apartment,Outer Suburb,1,1,2,4.4,78,No,4,62.0,1,7.0,No,146.78
990137,Ben Thomas,House,CBD,4,3,8,4.43,36,Yes,3,102.0,2,7.0,No,467.27
995028,Lucas Patel,Townhouse,CBD,2,2,5,4.21,13,Yes,1,59.0,2,4.0,Yes,347.04
995347,William Walker,Townhouse,Regional,2,3,4,4.98,28,Yes,1,76.0,3,10.0,Yes,264.7
994155,Oliver Tran,House,Inner Suburb,4,3,10,4.78,42,No,3,93.0,2,8.0,Yes,451.31
995491,Emma Patel,Apartment,Inner Suburb,3,2,8,4.36,20,No,6,81.0,1,7.0,Yes,317.57
993075,Anna Jones,Apartment,Inner Suburb,1,1,1,4.45,18,No,7,47.0,1,5.0,No,194.62
997190,Jack Patel,Apartment,Regional,2,2,4,,54,Yes,15,,1,4.0,No,316.23
994645,Zoe Smith,Apartment,Outer Suburb,2,2,4,4.52,147,No,6,45.0,1,2.0,No,147.28
990732,Lily Nguyen,House,Regional,4,2,10,4.68,105,No,7,80.0,7,6.0,Yes,317.6
991524,James Nguyen,House,Outer Suburb,3,2,5,4.53,56,No,4,66.0,7,5.0,No,328.39
995509,David Anderson,Villa,CBD,4,3,10,4.5,17,Yes,2,99.0,2,9.0,Yes,552.12
990013,Lucas Thomas,House,Inner Suburb,3,2,5,4.72,11,No,3,66.0,10,5.0,Yes,335.6
991102,Hannah Le,Studio,Regional,1,1,1,,31,No,3,,2,5.0,No,232.63
993056,Ava Brown,House,Outer Suburb,3,2,6,4.16,47,Yes,1,88.0,3,4.0,No,363.17
990836,Michael Wilson,Townhouse,Inner Suburb,3,2,7,4.27,31,Yes,2,68.0,2,5.0,Yes,360.99
992790,Noah Brown,House,Outer Suburb,3,2,6,4.45,63,No,14,72.0,1,8.0,No,363.72
994971,Anna Anderson,Villa,CBD,5,3,10,4.44,29,Yes,2,108.0,3,9.0,No,556.14
995891,Emily Tran,Apartment,Outer Suburb,1,1,3,5.0,43,Yes,6,60.0,3,6.0,No,203.05
990526,Jack Wilson,Apartment,Regional,2,2,3,4.62,22,No,5,77.0,3,7.0,No,235.15
993240,Sophie Clark,Studio,Outer Suburb,1,2,2,,24,Yes,3,,1,7.0,No,199.27
997613,Sarah Young,House,Outer Suburb,2,2,4,4.48,23,No,7,61.0,1,5.0,Yes,262.93
993020,Lily Chen,House,Outer Suburb,3,3,5,4.54,69,Yes,2,53.0,1,5.0,Yes,331.76
994474,Michael Brown,Villa,Regional,4,3,7,4.89,110,No,7,83.0,2,9.0,Yes,495.31
996525,Omar Tran,House,Outer Suburb,4,2,8,4.49,130,No,1,73.0,3,6.0,Yes,363.23
990410,Sarah Martin,Townhouse,Outer Suburb,2,1,6,4.91,43,Yes,15,41.0,3,6.0,No,321.92
997681,Priya Lee,House,CBD,4,2,8,3.96,33,No,6,85.0,2,2.0,Yes,427.74
995277,Sophie Walker,Apartment,CBD,1,2,3,4.48,55,No,5,56.0,1,8.0,Yes,350.71
991704,Noah Walker,House,Outer Suburb,4,3,8,4.35,6,No,4,92.0,1,8.0,No,407.36
991735,Emma Wang,Studio,Outer Suburb,1,2,2,4.52,2,No,1,69.0,1,7.0,Yes,209.82
992281,Minh Walker,House,Inner Suburb,4,2,7,4.98,31,Yes,3,91.0,2,8.0,Yes,381.5
995521,Priya Clark,Apartment,Outer Suburb,1,2,4,4.37,42,Yes,4,58.0,1,6.0,No,158.29
993120,Linh Singh,Townhouse,Inner Suburb,4,3,10,3.96,27,No,7,89.0,3,9.0,No,460.09
993420,Minh Wang,Apartment,Regional,2,1,6,3.82,140,No,4,46.0,3,1.0,Yes,153.54
991400,Sophie Walker,Studio,Inner Suburb,1,1,1,4.85,50,Yes,1,60.0,1,6.0,No,187.21
992083,Grace Scott,Apartment,Inner Suburb,1,2,4,4.1,120,Yes,4,48.0,1,7.0,No,310.6
992516,Mia Smith,House,Inner Suburb,4,3,8,4.64,34,No,0,84.0,1,7.0,No,427.34
992145,Aisha Anderson,Apartment,Inner Suburb,1,2,2,4.64,82,Yes,15,66.0,3,7.0,No,268.2
994487,Ben Martin,Apartment,Outer Suburb,1,1,1,3.96,15,No,5,41.0,3,6.0,No,135.46
994897,Aisha Scott,Apartment,Inner Suburb,1,1,3,4.76,121,No,0,70.0,2,6.0,No,162.12
996649,David Nguyen,Apartment,CBD,1,1,2,4.03,41,No,15,39.0,3,4.0,Yes,246.03
995739,Oliver Taylor,HOUSE,Inner Suburb,4,3,10,4.53,50,Yes,3,99.0,5,5.0,No,402.23
996905,Priya White,Townhouse,Outer Suburb,3,2,8,4.71,34,No,15,75.0,1,8.0,Yes,361.66
992414,Henry Scott,House,Outer Suburb,3,2,8,4.33,57,No,4,74.0,3,8.0,Yes,379.41
990931,Chloe Martin,Townhouse,CBD,3,3,7,4.17,61,Yes,9,83.0,2,5.0,Yes,426.87
990891,Linh Singh,Apartment,Outer Suburb,2,2,6,4.8,33,No,4,60.0,2,7.0,Yes,257.84
996281,Ben Young,House,Regional,3,2,7,4.8,20,No,1,67.0,2,8.0,No,397.2
991891,Arjun Wilson,Apartment,Inner Suburb,1,1,1,4.11,57,No,1,35.0,1,2.0,No,114.21
994230,Arjun Patel,Apartment,Regional,2,1,4,4.39,36,No,0,41.0,1,6.0,Yes,236.09
996584,Olivia Ali,Apartment,CBD,1,1,2,4.58,105,No,0,48.0,5,6.0,Yes,248.29
995423,Ethan Anderson,Apartment,CBD,2,2,5,4.25,51,No,4,68.0,2,7.0,Yes,333.6
995703,Ben Young,Apartment,Inner Suburb,2,2,5,4.38,24,No,5,48.0,5,3.0,No,279.83
997482,Michael Martin,Townhouse,Regional,3,3,8,4.52,62,Yes,7,79.0,3,5.0,Yes,346.93
991887,Omar Khan,Studio,Outer Suburb,1,2,2,4.36,51,Yes,2,56.0,1,5.0,Yes,176.89
993382,Aisha Wilson,House,Inner Suburb,3,1,5,,12,No,7,68.0,10,6.0,No,290.26
997623,Emma Lee,Studio,Outer Suburb,1,1,1,4.22,14,No,2,44.0,2,6.0,No,142.43
990081,Lily Lee,Apartment,Inner Suburb,2,3,4,,56,No,2,,3,6.0,No,411.63
990421,Liam Walker,Studio,CBD,1,2,2,4.14,66,Yes,14,58.0,1,5.0,Yes,175.82
994395,Omar Jones,Apartment,Inner Suburb,2,2,4,4.39,24,No,1,71.0,3,5.0,No,186.2
990696,Michael Thomas,House,Outer Suburb,3,2,6,4.18,52,No,15,86.0,3,7.0,No,370.01
993385,Mia Harris,Apartment,CBD,1,1,2,4.35,3,No,1,35.0,1,4.0,Yes,232.88
993003,James Young,House,Inner Suburb,2,3,3,4.48,37,No,1,70.0,3,6.0,Yes,362.62
993617,Emma Clark,Apartment,Regional,3,3,7,4.91,40,Yes,4,72.0,1,8.0,Yes,356.57
992536,Emma Clark,Apartment,Outer Suburb,1,2,2,4.03,23,No,1,39.0,14,5.0,No,132.46
995497,Aisha Tran,House,Regional,4,3,9,4.34,3,No,1,78.0,1,6.0,Yes,391.67
993680,Grace Khan,Apartment,Inner Suburb,1,1,1,4.64,122,Yes,1,56.0,2,7.0,No,233.25
991961,Ben Singh,House,Regional,4,2,9,4.77,59,Yes,0,89.0,1,7.0,No,316.1
990570,Mai Chen,Townhouse,Regional,3,2,7,4.44,74,Yes,3,71.0,2,6.0,No,264.04
990425,Omar Tran,Apartment,Regional,2,1,3,4.24,79,Yes,2,66.0,2,6.0,Yes,212.38
993262,Ben Smith,House,Outer Suburb,4,3,8,4.29,45,No,4,77.0,2,5.0,Yes,416.0
993904,Arjun Khan,Apartment,Outer Suburb,1,2,2,4.57,2,No,0,52.0,3,4.0,No,124.04
994534,Jack Le,Apartment,Regional,1,1,2,4.13,36,No,1,45.0,1,4.0,No,55.0
997874,Chloe Martin,House,CBD,4,2,8,4.4,16,No,1,78.0,1,5.0,Yes,398.13
995227,Isla Singh,Apartment,CBD,1,2,3,4.64,163,No,0,56.0,1,,Yes,249.14
995329,Amelia Young,Townhouse,Outer Suburb,3,3,6,3.99,87,Yes,2,55.0,2,7.0,No,265.8
990436,Jack Thomas,House,Outer Suburb,2,2,6,4.72,44,Yes,3,62.0,2,7.0,Yes,467.59
997123,Arjun Harris,Apartment,Regional,1,1,2,4.36,73,Yes,10,55.0,1,5.0,Yes,137.53
990439,Noah Anderson,Apartment,Inner Suburb,1,2,4,4.52,148,No,4,69.0,2,4.0,Yes,250.01
991644,Minh Anderson,Apartment,CBD,1,2,1,4.51,95,No,3,65.0,3,4.0,Yes,375.57
990152,Grace Le,Apartment,CBD,2,2,4,3.84,2,No,0,67.0,2,7.0,Yes,261.38
990777,Samuel Scott,Apartment,Outer Suburb,1,1,2,4.23,22,No,5,37.0,1,5.0,Yes,193.61
997723,Michael Smith,Townhouse,Inner Suburb,2,2,3,3.92,84,No,14,64.0,3,3.0,Yes,265.76
990742,Hannah Wilson,Apartment,Inner Suburb,1,1,1,4.33,47,No,0,40.0,1,1.0,Yes,161.87
996666,Emily Wilson,Apartment,Regional,2,2,4,4.28,6,No,2,68.0,2,8.0,Yes,294.42
990768,James Chen,House,Inner Suburb,5,2,10,4.16,123,No,11,104.0,1,7.0,No,450.22
990076,Thomas Harris,Studio,Regional,1,2,1,4.32,55,No,6,51.0,3,7.0,Yes,209.29
997909,Lucas Clark,House,Inner Suburb,4,3,9,4.16,21,No,3,89.0,3,10.0,Yes,501.07
997618,Henry Singh,Apartment,Regional,1,2,4,4.74,176,Yes,7,43.0,2,6.0,Yes,143.97
995701,Linh Patel,Apartment,Regional,1,1,4,4.45,75,No,5,57.0,2,6.0,No,264.24
995886,Liam Taylor,Studio,Inner Suburb,1,1,2,4.51,112,No,5,47.0,2,4.0,No,128.96
996932,Priya Le,Apartment,Inner Suburb,2,2,4,4.37,23,No,1,53.0,2,,No,324.46
994745,James Wang,Townhouse,Inner Suburb,3,2,6,4.28,12,No,6,70.0,2,6.0,Yes,476.19
995129,Lily Wang,House,Regional,3,3,5,4.55,47,No,9,67.0,2,4.0,Yes,272.09
991333,Daniel Khan,Apartment,Outer Suburb,1,1,2,4.34,26,Yes,0,47.0,1,6.0,Yes,221.69
995386,Omar Tran,Apartment,Regional,1,2,3,4.49,83,Yes,4,36.0,2,5.0,Yes,215.8
996907,Thomas Chen,Apartment,Outer Suburb,3,3,5,4.39,25,No,9,70.0,1,7.0,No,302.74
993261,Minh White,House,Outer Suburb,2,1,5,4.33,47,No,1,48.0,1,5.0,Yes,242.11
994624,Zoe Brown,Studio,Regional,1,1,2,4.51,23,Yes,3,58.0,2,8.0,No,219.08
996715,Mai Taylor,Apartment,Outer Suburb,3,3,8,4.97,54,Yes,2,76.0,1,8.0,No,333.93
991363,Amelia White,Townhouse,Outer Suburb,3,2,6,4.0,98,No,0,75.0,1,3.0,Yes,247.26
990382,An Scott,Studio,Outer Suburb,1,2,2,4.24,7,No,3,48.0,2,5.0,No,215.0
994908,Emma Wang,Apartment,Outer Suburb,2,2,3,4.63,95,Yes,8,64.0,1,6.0,No,295.91
993370,James Harris,Studio,Regional,1,1,2,4.52,122,No,5,33.0,2,3.0,Yes,202.52
995511,Mia Jones,Apartment,Inner Suburb,2,2,4,4.46,9,No,1,64.0,5,7.0,Yes,216.37
990947,Sarah Nguyen,Studio,Inner Suburb,1,2,3,4.31,85,No,10,61.0,2,7.0,No,216.41
997654,Anna White,Studio,CBD,1,2,1,4.74,47,No,9,55.0,5,5.0,No,253.31
994928,David Anderson,House,Outer Suburb,4,2,8,,84,Yes,7,,2,6.0,Yes,404.54
995279,Jack Harris,Apartment,Inner Suburb,1,2,3,4.04,75,No,3,38.0,3,7.0,Yes,221.84
992371,Wei Scott,House,Regional,2,1,4,4.4,52,Yes,0,36.0,3,6.0,Yes,342.54
995235,Mai Harris,Apartment,Inner Suburb,3,2,6,4.35,33,No,4,70.0,2,5.0,Yes,326.53
997698,An Young,Villa,Regional,4,3,8,5.0,33,Yes,3,94.0,1,9.0,No,465.48
990423,Noah Clark,Apartment,Outer Suburb,2,2,5,4.37,39,No,4,65.0,2,7.0,Yes,328.83
990441,Zoe King,Studio,Regional,1,1,2,4.46,6,No,1,47.0,2,3.0,Yes,86.61
993457,Sarah King,Apartment,Inner Suburb,1,1,3,4.29,15,No,1,43.0,1,3.0,Yes,317.2
990936,Thomas Walker,Apartment,Outer Suburb,2,3,6,4.7,48,No,10,73.0,1,4.0,No,279.38
990521,Emily Smith,Townhouse,Outer Suburb,4,3,7,4.85,82,Yes,2,79.0,2,7.0,Yes,487.25
993677,Ava Khan,House,Outer Suburb,4,3,10,4.09,2,No,0,94.0,4,6.0,Yes,393.47
990201,Zoe Anderson,Apartment,Outer Suburb,3,2,8,4.22,62,Yes,7,69.0,1,1.0,Yes,231.62
996359,Wei Jones,House,Outer Suburb,3,2,5,4.38,63,Yes,3,85.0,2,7.0,No,252.74
991360,James Ali,Studio,CBD,1,1,2,4.46,82,Yes,11,57.0,3,6.0,Yes,267.68
994320,Anna Scott,House,Outer Suburb,5,3,10,3.97,55,No,4,87.0,3,7.0,No,424.1
990604,Lucas Clark,Townhouse,CBD,2,2,3,,31,Yes,4,61.0,1,7.0,Yes,408.44
996785,Ben Wang,Apartment,Regional,1,1,4,4.31,10,No,2,54.0,2,8.0,Yes,240.08
992302,Ava Lee,Studio,Inner Suburb,1,2,4,4.11,44,No,5,51.0,2,5.0,Yes,252.61
995123,Grace Lee,Townhouse,Inner Suburb,2,3,6,4.63,16,No,4,59.0,3,7.0,Yes,482.92
993139,James Anderson,House,Inner Suburb,4,2,7,4.14,50,No,3,76.0,1,6.0,No,387.46
993160,James Tran,House,Inner Suburb,5,3,10,4.29,27,No,1,93.0,1,6.0,No,436.46
991503,Mei Nguyen,Studio,Outer Suburb,1,1,2,4.46,5,No,0,47.0,2,5.0,Yes,208.38
995207,Amelia Chen,House,Regional,4,2,9,4.48,2,No,0,70.0,1,6.0,No,319.32
993069,James Harris,House,CBD,4,2,8,4.74,8,No,0,84.0,2,6.0,No,397.46
997598,Emma Young,House,Outer Suburb,3,3,6,4.57,76,No,4,77.0,1,6.0,No,475.74
990620,Sophie Chen,House,Regional,3,2,5,4.99,29,Yes,6,87.0,1,8.0,Yes,300.11
992254,Grace Anderson,Townhouse,Outer Suburb,3,2,8,4.27,78,Yes,1,76.0,1,8.0,No,330.43
992264,Henry Ali,Apartment,Outer Suburb,2,1,5,4.18,89,No,15,61.0,2,4.0,Yes,126.35
993085,Henry Singh,Studio,Regional,1,1,1,5.0,29,Yes,1,45.0,2,7.0,No,191.3
994681,Grace King,Studio,CBD,1,1,2,4.59,55,No,12,52.0,1,5.0,Yes,289.52
993025,Anna Thomas,House,Outer Suburb,3,2,6,4.46,55,Yes,6,98.0,2,8.0,No,408.12
997668,Priya White,Apartment,CBD,2,2,5,4.53,23,No,3,73.0,2,9.0,No,475.85
997358,Olivia Jones,Apartment,Inner Suburb,1,1,3,4.07,5,No,0,52.0,4,5.0,Yes,210.81
996684,Daniel Singh,Apartment,Outer Suburb,1,2,3,4.44,15,No,2,59.0,3,7.0,Yes,249.04
997996,David Taylor,Townhouse,Regional,3,2,5,4.63,77,Yes,2,77.0,2,8.0,Yes,326.79
991118,Daniel Khan,Apartment,Outer Suburb,1,1,1,4.13,15,No,2,31.0,1,3.0,No,125.98
992913,Chloe Anderson,Apartment,CBD,1,2,1,4.53,89,No,1,56.0,2,7.0,No,237.72
997582,Henry Singh,House,Inner Suburb,5,3,10,4.79,45,No,0,106.0,3,6.0,Yes,425.13
993016,Sophie Wilson,Apartment,Inner Suburb,1,2,2,4.36,56,No,15,67.0,2,8.0,No,260.09
995712,William Anderson,Studio,Outer Suburb,1,1,2,4.82,62,Yes,4,50.0,2,7.0,No,190.14
995487,Grace Lee,Apartment,CBD,2,2,4,4.31,80,No,2,54.0,3,5.0,Yes,287.59
995359,Sophie Young,Townhouse,Inner Suburb,3,2,7,4.74,63,Yes,15,70.0,2,6.0,No,343.4
997914,Priya Brown,Apartment,Outer Suburb,2,2,6,4.61,55,Yes,9,55.0,2,5.0,No,233.21
993545,Mei Wilson,Apartment,Outer Suburb,2,1,5,4.45,31,Yes,2,53.0,1,5.0,Yes,159.82
991577,Sarah Taylor,House,Regional,4,2,9,4.44,92,No,3,74.0,2,5.0,Yes,290.78
996275,Ben White,Studio,Inner Suburb,1,1,2,,44,No,8,,3,3.0,Yes,258.54
996812,Minh Martin,Apartment,CBD,2,2,5,5.0,70,Yes,1,79.0,2,7.0,No,345.27
997638,Emma Jones,Townhouse,Inner Suburb,4,2,8,4.4,70,Yes,1,75.0,3,7.0,Yes,345.56
991517,David Clark,House,CBD,4,3,10,4.39,43,No,5,84.0,1,5.0,No,423.43
994132,Aisha Khan,Apartment,Outer Suburb,1,1,4,4.41,17,Yes,1,44.0,3,5.0,Yes,197.53
992649,Ava Singh,House,Outer Suburb,3,3,5,4.45,64,Yes,2,67.0,1,,Yes,379.42
991434,Liam Young,Apartment,Outer Suburb,1,2,2,4.42,103,Yes,6,39.0,2,2.0,Yes,259.99
990108,Zoe Scott,House,Regional,4,3,7,4.7,69,No,2,89.0,10,10.0,Yes,357.2
992339,Isla Khan,Townhouse,Outer Suburb,4,3,8,4.53,15,No,9,88.0,1,6.0,Yes,367.24
996937,David Ali,House,Outer Suburb,3,2,6,4.66,153,No,8,70.0,1,6.0,Yes,323.6
992231,Sarah Taylor,Apartment,Inner Suburb,1,2,1,4.21,10,No,4,64.0,3,5.0,No,198.36
996298,Wei Anderson,Apartment,Inner Suburb,1,2,1,3.94,42,No,0,51.0,3,3.0,No,212.21
993533,Isla Taylor,House,CBD,3,2,6,4.79,168,No,4,88.0,3,6.0,No,308.1
993431,Lily Scott,Studio,Inner Suburb,1,1,4,4.39,26,No,8,44.0,2,7.0,Yes,177.08
993492,Jack White,House,Outer Suburb,3,2,7,4.65,16,No,6,73.0,1,7.0,No,391.02
992753,Liam Walker,Apartment,Outer Suburb,1,1,1,3.98,45,No,4,22.0,1,4.0,Yes,171.8
994899,Wei Clark,Studio,Outer Suburb,1,1,1,4.23,67,Yes,11,55.0,1,6.0,No,92.79
995811,William Taylor,Apartment,Regional,2,2,4,4.39,12,No,4,36.0,1,4.0,Yes,191.69
993236,Emma Walker,Apartment,Regional,2,2,4,4.58,9,No,0,48.0,3,3.0,Yes,169.67
994990,Chloe Singh,Townhouse,Regional,3,2,8,4.04,87,No,2,59.0,3,5.0,Yes,284.63
994268,Ava Nguyen,Apartment,Inner Suburb,1,2,3,4.59,86,Yes,15,49.0,2,3.0,Yes,274.81
995383,Anna Anderson,Studio,Outer Suburb,1,1,4,4.45,37,Yes,1,42.0,1,2.0,No,164.25
995333,Oliver King,House,Regional,2,2,6,4.74,128,Yes,1,81.0,3,7.0,Yes,327.31
994853,Ava Patel,House,Inner Suburb,4,3,7,4.42,262,Yes,12,85.0,1,5.0,Yes,432.2
997162,Jack Tran,House,Regional,4,3,8,5.0,22,No,5,89.0,1,9.0,Yes,407.08
992533,Michael Lee,Apartment,Inner Suburb,2,2,4,4.55,24,No,5,64.0,3,5.0,Yes,101.33
997791,Mia Ali,House,Regional,5,3,9,4.22,58,No,6,79.0,3,5.0,Yes,314.17
996753,Henry Le,Townhouse,Regional,2,1,3,4.57,12,No,7,48.0,1,4.0,No,264.55
992794,Priya Wang,Apartment,Outer Suburb,1,1,2,4.39,44,Yes,15,48.0,1,5.0,Yes,326.69
991420,Noah Jones,Apartment,Outer Suburb,2,2,4,4.74,9,No,1,61.0,2,6.0,Yes,160.64
996195,Minh White,Apartment,Inner Suburb,2,2,5,4.49,136,No,3,75.0,1,7.0,Yes,355.46
992985,Lucas Smith,Apartment,Outer Suburb,1,1,4,4.15,51,Yes,6,50.0,7,3.0,No,166.28
991070,Henry Anderson,House,CBD,4,3,7,4.27,23,Yes,4,65.0,2,5.0,Yes,490.49
990694,Zoe Smith,Apartment,Regional,2,2,5,4.5,42,Yes,6,80.0,7,7.0,Yes,242.77
993074,Noah Clark,Apartment,Regional,3,2,6,4.61,33,No,7,82.0,2,7.0,Yes,329.62
994660,Grace Martin,Apartment,Inner Suburb,1,1,4,4.24,37,Yes,3,45.0,1,8.0,No,233.27
992056,Daniel Thomas,Studio,Regional,1,1,4,4.42,25,No,1,50.0,1,5.0,No,193.23
990007,Thomas Le,Apartment,Outer Suburb,1,1,2,4.26,73,No,8,66.0,1,6.0,No,229.59
994120,Omar Lee,Studio,Outer Suburb,1,2,3,4.5,21,Yes,3,44.0,2,,No,257.89
990904,Priya Brown,House,Inner Suburb,4,2,7,4.22,77,No,1,98.0,4,7.0,Yes,414.11
991728,Lily Ali,House,Outer Suburb,3,2,8,4.73,10,No,1,87.0,2,6.0,No,419.7
997055,Lily King,House,CBD,2,2,5,4.33,77,Yes,3,72.0,1,7.0,Yes,417.53
992620,Noah Nguyen,Villa,Inner Suburb,4,2,8,4.55,60,Yes,1,82.0,2,8.0,No,645.72
994486,Lucas White,Studio,CBD,1,1,3,4.51,32,Yes,1,52.0,1,5.0,No,217.44
990321,An Brown,Apartment,CBD,2,2,3,4.59,112,Yes,5,60.0,1,4.0,Yes,172.95
996739,Thomas Jones,Studio,Inner Suburb,1,2,2,4.82,171,Yes,5,60.0,1,6.0,Yes,294.69
994939,Daniel Anderson,Apartment,Outer Suburb,1,1,2,4.65,80,No,1,39.0,1,6.0,Yes,141.23
994580,Linh Taylor,Studio,Inner Suburb,1,2,2,4.46,6,No,3,49.0,2,4.0,Yes,168.9
991217,Priya Tran,Townhouse,Outer Suburb,3,2,8,4.81,25,No,3,76.0,1,6.0,No,317.82
994381,Thomas Brown,House,Inner Suburb,4,2,8,4.72,40,Yes,1,98.0,4,6.0,No,407.77
994657,Jack Anderson,Apartment,Regional,3,2,5,4.24,28,No,4,69.0,3,6.0,Yes,252.73
994639,Jack Nguyen,Apartment,Outer Suburb,2,2,4,4.25,185,No,1,64.0,5,6.0,Yes,245.31
992409,James Taylor,Apartment,Inner Suburb,2,2,4,4.41,68,Yes,7,75.0,3,8.0,Yes,300.69
992149,Liam Brown,Apartment,Outer Suburb,2,2,5,4.23,74,No,9,56.0,2,4.0,No,174.76
991747,Hannah Chen,Apartment,Inner Suburb,2,3,5,4.27,11,No,5,72.0,2,7.0,No,357.46
995807,Omar Le,House,Regional,3,2,8,4.53,57,No,1,59.0,1,4.0,Yes,387.95
995203,Chloe Young,Apartment,CBD,1,1,1,4.07,84,No,8,49.0,3,6.0,No,195.08
997867,Olivia Jones,House,Regional,4,2,9,4.34,193,No,13,69.0,1,7.0,Yes,314.48
993606,Omar Harris,Apartment,Inner Suburb,1,2,1,4.01,104,No,7,49.0,7,5.0,No,208.53
991053,David Wilson,Apartment,CBD,1,1,4,4.36,117,Yes,10,39.0,2,5.0,Yes,328.16
996227,Isla Martin,House,CBD,5,2,9,4.51,15,No,7,98.0,2,9.0,No,580.28
995356,Ben Lee,Townhouse,Outer Suburb,3,2,5,5.0,33,Yes,3,78.0,7,7.0,No,330.53
997696,Anna Nguyen,Studio,CBD,1,2,3,4.27,6,No,3,40.0,3,5.0,Yes,236.95
990213,Chloe Lee,Studio,Inner Suburb,1,1,1,4.8,155,Yes,15,57.0,3,5.0,Yes,278.18
996463,Ethan Walker,House,Outer Suburb,4,3,7,4.48,19,No,4,95.0,1,8.0,No,482.96
991361,Omar Chen,Apartment,Outer Suburb,3,3,6,4.34,55,No,15,75.0,1,6.0,Yes,332.66
994105,Oliver Singh,Apartment,Outer Suburb,2,2,5,4.36,24,No,5,51.0,1,5.0,Yes,265.84
995286,Sarah Nguyen,Apartment,CBD,1,1,3,5.0,83,No,9,61.0,1,6.0,Yes,335.82
991074,Ben Martin,Studio,CBD,1,2,4,4.53,110,No,5,60.0,2,6.0,Yes,256.69
990111,Mia Smith,House,Regional,4,3,8,4.42,36,No,0,84.0,1,5.0,No,403.95
995411,James Scott,Apartment,Outer Suburb,3,3,6,4.8,38,Yes,7,72.0,3,5.0,Yes,364.72
995048,Ben Brown,Apartment,CBD,2,2,6,4.13,5,No,1,40.0,2,3.0,No,362.75
993857,Arjun Walker,Townhouse,CBD,3,2,8,4.2,40,No,15,87.0,1,5.0,Yes,381.14
992033,Omar Chen,House,Outer Suburb,3,2,6,4.39,48,No,4,59.0,1,6.0,Yes,397.13
991620,Mia Walker,Apartment,Inner Suburb,3,2,6,4.49,97,Yes,12,51.0,1,7.0,Yes,350.83
996251,Mei Young,Apartment,CBD,1,1,1,,60,Yes,6,,5,6.0,Yes,192.41
996953,Emily Jones,House,CBD,5,3,10,4.59,30,No,12,118.0,2,7.0,No,633.59
994365,Emma Singh,House,Inner Suburb,3,3,8,4.07,3,No,0,80.0,1,4.0,No,401.22
996160,Michael Wang,House,Outer Suburb,4,1,9,4.52,48,No,2,76.0,1,7.0,No,312.78
994245,An Chen,Studio,Regional,1,2,2,4.32,43,No,6,48.0,1,7.0,Yes,261.62
994189,David Brown,Apartment,Inner Suburb,2,2,6,4.31,11,No,4,75.0,1,7.0,Yes,251.89
993772,David Harris,Studio,Inner Suburb,1,1,2,4.2,63,Yes,5,52.0,3,6.0,Yes,302.47
990261,Priya Wang,Apartment,CBD,1,1,4,3.86,33,No,2,51.0,2,4.0,Yes,255.62
996788,Samuel Wang,Apartment,Inner Suburb,1,1,4,4.54,116,Yes,2,61.0,3,8.0,No,201.04
995633,Samuel Jones,Townhouse,CBD,4,2,8,4.23,145,No,0,71.0,3,4.0,No,404.02
991926,Grace Nguyen,House,Inner Suburb,4,2,8,4.52,17,Yes,1,78.0,1,3.0,Yes,388.32
995953,Daniel Walker,Studio,Regional,1,2,2,4.65,52,Yes,8,50.0,1,6.0,Yes,333.74
990406,Samuel Singh,Apartment,Outer Suburb,1,1,2,4.79,7,No,0,46.0,1,6.0,Yes,117.53
992277,Hannah Jones,House,Inner Suburb,4,3,8,4.45,34,No,1,93.0,1,8.0,Yes,363.92
996143,Mai King,House,Outer Suburb,5,3,10,4.61,69,No,3,90.0,2,9.0,No,433.93
996852,Isla Scott,House,Regional,3,2,7,4.7,35,Yes,2,65.0,2,4.0,Yes,404.93
994269,Lily Singh,Studio,Outer Suburb,1,1,3,4.44,4,No,2,45.0,2,6.0,No,56.38
997567,Arjun Wang,Apartment,Inner Suburb,1,2,4,4.09,81,No,7,46.0,1,5.0,Yes,208.9
996778,Samuel White,House,Outer Suburb,4,3,8,4.85,82,Yes,7,73.0,2,6.0,No,342.44
996365,Lucas Singh,Studio,Regional,1,2,1,3.95,21,No,2,65.0,7,6.0,No,104.6
994825,Hannah Lee,Villa,Inner Suburb,4,2,10,4.61,49,Yes,7,75.0,1,8.0,No,522.82
997082,Ethan Ali,Apartment,Inner Suburb,1,1,2,4.12,0,No,0,48.0,3,5.0,Yes,195.96
993528,Isla Singh,House,Regional,3,2,6,4.21,50,Yes,2,84.0,1,7.0,No,339.33
994351,Mei Harris,House,Outer Suburb,3,2,8,4.68,22,No,2,54.0,1,5.0,No,346.2
994618,Ben Scott,Apartment,Inner Suburb,2,2,4,5.0,98,Yes,11,58.0,1,5.0,Yes,340.09
993779,Arjun Nguyen,Townhouse,Outer Suburb,3,3,6,4.24,27,No,8,68.0,3,6.0,No,423.24
997361,Mei Thomas,Apartment,Regional,2,2,6,4.82,7,No,1,53.0,2,4.0,No,252.87
993744,Thomas Nguyen,Apartment,Outer Suburb,1,2,4,4.36,7,No,0,54.0,2,6.0,No,230.33
996622,Grace Le,Apartment,Inner Suburb,3,2,6,4.36,31,Yes,2,79.0,2,6.0,Yes,397.08
993006,Minh Walker,House,Outer Suburb,4,3,9,4.4,33,Yes,0,102.0,1,5.0,Yes,353.39
992899,Mei Jones,Apartment,Inner Suburb,1,1,2,4.55,30,No,6,48.0,1,6.0,No,175.37
990243,Grace Clark,Apartment,Outer Suburb,1,2,1,4.53,33,No,3,64.0,1,8.0,Yes,207.24
994459,Olivia Patel,Apartment,Inner Suburb,2,2,6,4.44,70,No,1,82.0,5,6.0,No,265.81
997238,Lucas Wilson,House,CBD,2,2,6,4.73,82,Yes,6,75.0,1,8.0,No,479.27
991127,Olivia Jones,Apartment,Regional,3,3,6,4.29,30,No,15,65.0,2,,Yes,277.23
990281,William Walker,House,CBD,3,3,7,4.69,49,Yes,3,88.0,2,5.0,Yes,524.05
990688,Ethan King,Apartment,Regional,1,2,1,4.03,48,No,1,33.0,2,5.0,No,211.56
993824,Emily King,House,Outer Suburb,2,1,6,4.31,42,Yes,7,46.0,5,5.0,Yes,253.97
993689,Sophie Nguyen,Apartment,Regional,2,3,4,4.34,62,Yes,4,59.0,7,5.0,Yes,237.76
995001,Lucas Harris,Apartment,Outer Suburb,2,2,4,4.4,102,No,5,67.0,1,6.0,Yes,279.6
996713,Anna Ali,Villa,Inner Suburb,4,4,8,4.51,53,No,5,98.0,4,8.0,Yes,507.1
996212,Mai Lee,Apartment,Inner Suburb,1,1,3,4.7,35,No,6,53.0,2,7.0,Yes,325.74
993210,Priya Anderson,Apartment,Regional,2,2,4,4.36,89,Yes,3,48.0,1,7.0,No,327.58
995950,Thomas Wilson,House,Inner Suburb,3,3,7,4.45,52,Yes,15,73.0,1,6.0,Yes,378.47
996609,Emily Anderson,Apartment,CBD,1,2,2,4.37,58,Yes,7,74.0,1,9.0,No,349.26
994239,James Singh,Apartment,Inner Suburb,2,2,5,4.65,23,Yes,1,71.0,1,6.0,Yes,239.18
997389,Mei Thomas,Townhouse,CBD,3,2,5,4.19,101,No,15,77.0,1,7.0,Yes,413.03
993419,Zoe Taylor,House,Inner Suburb,3,3,6,4.57,9,No,0,81.0,2,8.0,No,367.45
993527,James Lee,Apartment,Inner Suburb,1,2,3,4.59,44,Yes,5,62.0,3,7.0,Yes,409.47
995664,Grace Chen,House,Outer Suburb,3,2,8,4.4,79,No,8,64.0,3,5.0,No,318.91
992482,Olivia Wilson,Townhouse,Inner Suburb,2,2,4,4.66,36,No,2,80.0,3,6.0,Yes,347.27
996989,Thomas Harris,Townhouse,Regional,2,2,4,,33,Yes,1,,1,5.0,Yes,239.94
997610,Ava Thomas,Apartment,Outer Suburb,2,2,4,4.94,120,No,3,67.0,1,8.0,No,349.36
994552,Ava Le,Apartment,CBD,1,2,2,4.43,44,No,1,45.0,3,2.0,No,190.49
997341,David Thomas,Apartment,Inner Suburb,1,2,4,4.32,14,No,4,69.0,1,8.0,No,316.39
991057,William Thomas,Townhouse,Outer Suburb,3,3,8,4.24,25,Yes,2,73.0,2,7.0,Yes,352.66
993905,Lucas Nguyen,Townhouse,Inner Suburb,4,3,7,4.58,32,No,4,67.0,5,6.0,No,471.02
996232,Ben Nguyen,House,Outer Suburb,2,1,4,4.16,17,No,3,55.0,2,4.0,No,239.24
996832,Aisha Clark,Apartment,Inner Suburb,3,2,5,4.51,21,No,0,74.0,1,7.0,Yes,423.49
996396,Chloe Taylor,Townhouse,CBD,2,2,5,4.14,120,No,2,54.0,3,5.0,Yes,320.25
990044,Ben Ali,House,CBD,3,2,6,4.08,24,Yes,2,82.0,1,5.0,Yes,428.72
992348,Hannah Harris,House,Inner Suburb,3,3,6,4.17,5,No,2,96.0,3,7.0,Yes,338.21
993523,Olivia Khan,Apartment,CBD,2,1,3,4.47,40,Yes,3,45.0,1,3.0,No,331.84
993988,Daniel Thomas,Townhouse,Outer Suburb,3,3,5,4.16,17,No,3,90.0,2,6.0,Yes,385.6
997053,Henry Thomas,House,Inner Suburb,5,3,10,4.41,63,Yes,9,92.0,7,8.0,Yes,371.39
994611,Lucas Jones,House,Outer Suburb,3,3,7,4.56,28,Yes,1,77.0,3,5.0,No,422.88
992432,Emily Anderson,House,Regional,2,2,4,4.31,48,Yes,6,70.0,2,7.0,Yes,275.23
993515,Anna King,Townhouse,Inner Suburb,2,2,6,4.68,58,No,4,62.0,2,5.0,Yes,372.63
990061,An Tran,House,CBD,3,2,6,4.41,0,No,0,94.0,7,6.0,No,365.13
992637,Sophie White,Studio,Regional,1,1,4,4.52,44,No,3,47.0,3,5.0,No,142.01
993445,Amelia Nguyen,Apartment,Inner Suburb,2,2,3,4.38,12,No,2,70.0,5,5.0,Yes,326.45
996865,An Thomas,Apartment,Outer Suburb,1,1,4,4.12,52,No,1,30.0,2,2.0,Yes,213.41
990670,Henry Young,House,Outer Suburb,3,2,6,4.72,57,No,3,58.0,4,6.0,No,310.86
997666,Michael Clark,Studio,Inner Suburb,1,1,2,4.53,4,No,1,52.0,4,6.0,No,145.05
993426,Aisha Jones,House,Regional,4,3,8,4.39,126,No,6,79.0,2,5.0,Yes,383.74
996485,Zoe Martin,Apartment,Inner Suburb,2,2,6,3.96,8,No,0,65.0,2,6.0,Yes,225.09
996517,Aisha Le,Studio,Outer Suburb,1,1,3,4.46,33,Yes,12,63.0,1,7.0,No,268.22
995627,Wei Taylor,Studio,CBD,1,1,4,4.18,85,No,0,39.0,3,7.0,Yes,224.74
996944,Emma Anderson,House,Inner Suburb,4,3,8,4.57,22,Yes,3,102.0,4,8.0,No,456.44
996468,Arjun Khan,Apartment,Inner Suburb,1,1,3,4.31,101,Yes,4,37.0,4,4.0,Yes,223.63
995989,Thomas Khan,Apartment,Inner Suburb,1,2,1,4.52,202,No,2,58.0,1,6.0,No,197.58
997208,Zoe Khan,Apartment,CBD,1,1,2,4.26,98,No,0,45.0,2,2.0,No,83.6
990569,Daniel Nguyen,Apartment,Outer Suburb,1,1,4,4.16,48,Yes,7,32.0,1,4.0,Yes,280.66
994378,Anna Chen,House,Inner Suburb,2,2,3,4.44,1,No,0,74.0,1,4.0,Yes,243.21
993727,Sarah Anderson,House,Inner Suburb,3,2,5,4.4,5,No,1,78.0,3,6.0,No,337.05
995775,Anna Singh,House,Outer Suburb,3,2,8,4.22,41,No,8,71.0,3,7.0,Yes,313.1
991460,Thomas Lee,Apartment,Outer Suburb,1,1,2,4.03,46,No,3,49.0,2,6.0,Yes,242.3
991301,Emma Scott,Studio,CBD,1,1,1,4.64,75,No,8,49.0,3,6.0,Yes,253.29
993919,Chloe Brown,Apartment,Regional,1,2,1,4.43,55,Yes,7,57.0,3,4.0,Yes,174.14
990526,Jack Wilson,Apartment,Regional,2,2,3,4.62,22,No,5,77.0,3,7.0,No,235.15
992853,Amelia Smith,House,CBD,4,3,8,4.43,0,No,0,107.0,3,9.0,Yes,481.37
992942,Noah Smith,Studio,CBD,1,1,1,4.33,39,No,2,31.0,1,3.0,No,197.48
995474,Michael Jones,House,Inner Suburb,3,2,6,4.48,28,Yes,2,91.0,2,5.0,Yes,373.0
996720,James Smith,Apartment,Regional,2,1,4,4.56,151,No,13,54.0,1,6.0,No,188.6
996765,Ethan Patel,House,CBD,3,3,6,5.0,35,Yes,6,85.0,1,8.0,No,401.03
991520,Daniel Walker,Apartment,Inner Suburb,1,2,3,4.35,68,No,3,41.0,3,4.0,Yes,312.56
992865,Priya Singh,Apartment,Regional,1,1,2,4.31,27,No,2,37.0,1,3.0,No,132.73
990951,Ava Chen,Townhouse,Outer Suburb,2,2,4,4.51,49,No,1,66.0,3,4.0,Yes,263.27
997861,Emma Nguyen,Townhouse,Outer Suburb,3,3,6,4.67,28,No,4,79.0,3,8.0,No,371.39
992521,Noah Clark,House,Inner Suburb,4,3,9,4.2,73,No,6,78.0,2,5.0,No,379.23
998000,Emily King,Townhouse,Outer Suburb,3,2,7,4.44,61,Yes,1,87.0,1,8.0,No,396.87
995921,Mai White,Apartment,Regional,1,1,1,4.55,79,No,5,39.0,2,6.0,Yes,134.32
993519,Mai Taylor,House,Outer Suburb,4,2,9,4.34,50,Yes,0,77.0,2,6.0,Yes,474.0
995265,Mei King,Studio,Regional,1,2,2,4.29,51,No,3,46.0,1,3.0,Yes,208.16
995132,Henry Brown,Apartment,Outer Suburb,1,2,2,4.39,1,No,0,47.0,1,4.0,Yes,291.63
991839,Sarah Wang,House,Regional,4,3,7,4.38,20,No,1,82.0,1,6.0,No,317.84
992529,Sarah White,Apartment,Regional,1,1,3,3.68,110,No,9,46.0,14,4.0,No,61.13
996236,Jack Anderson,House,Inner Suburb,3,2,8,,61,Yes,12,77.0,1,5.0,Yes,385.55
996021,Jack Jones,Townhouse,Outer Suburb,3,3,6,4.83,72,No,5,77.0,2,6.0,No,393.6
991092,Amelia Young,Apartment,Outer Suburb,1,2,2,4.6,21,No,2,48.0,3,6.0,Yes,319.56
992090,Daniel Smith,Apartment,Inner Suburb,2,2,4,5.0,81,Yes,0,63.0,1,7.0,Yes,329.0
992851,Grace King,Studio,CBD,1,2,3,4.52,57,No,4,53.0,3,6.0,Yes,227.5
994445,Oliver Chen,Apartment,Outer Suburb,2,2,5,4.35,49,Yes,3,81.0,1,3.0,Yes,254.22
997739,Ben Patel,Apartment,Regional,1,1,3,4.6,54,Yes,9,56.0,1,8.0,No,286.58
992042,Emily Wang,Apartment,Outer Suburb,1,1,2,3.98,80,Yes,12,37.0,1,6.0,No,179.86
996370,Liam Taylor,House,CBD,3,1,7,4.67,11,No,1,63.0,2,3.0,Yes,325.45
990905,Ava Lee,Villa,Outer Suburb,4,3,7,4.79,69,Yes,5,108.0,1,8.0,No,408.01
991501,James Clark,Studio,CBD,1,2,2,4.48,29,Yes,4,46.0,3,5.0,Yes,261.55
992087,Mai Thomas,House,Inner Suburb,4,3,8,4.53,63,No,4,96.0,1,5.0,Yes,429.53
991059,Noah Martin,Apartment,Inner Suburb,1,1,2,4.47,7,No,1,42.0,10,5.0,No,201.05
990678,Daniel Le,Studio,Inner Suburb,1,2,2,4.07,68,No,2,42.0,3,3.0,Yes,222.57
990514,William Thomas,Apartment,CBD,3,2,8,4.11,25,No,2,67.0,1,5.0,No,280.32
990692,Noah Clark,Townhouse,Outer Suburb,3,2,7,4.59,83,No,1,73.0,4,7.0,No,347.77
990715,Sophie Thomas,House,Regional,2,2,4,3.87,16,No,4,72.0,2,5.0,No,321.88
990522,Daniel Taylor,Apartment,Outer Suburb,3,2,7,4.68,25,No,4,65.0,1,4.0,No,321.61
990474,Lucas Clark,House,Outer Suburb,3,3,5,4.63,29,No,3,61.0,1,8.0,Yes,303.13
995336,Hannah Ali,Apartment,Regional,1,1,2,3.91,72,Yes,15,40.0,1,2.0,Yes,99.84
991883,Amelia King,Villa,Outer Suburb,4,2,9,5.0,74,Yes,8,89.0,2,8.0,Yes,458.8
994316,Anna Anderson,House,CBD,2,2,6,4.49,11,No,1,44.0,1,4.0,No,238.36
990027,Lucas Chen,Apartment,Outer Suburb,2,2,6,4.38,79,No,6,58.0,1,5.0,No,299.74
994157,An Thomas,House,Outer Suburb,3,3,8,4.64,40,Yes,3,80.0,5,7.0,No,453.79
992268,Omar White,Apartment,Outer Suburb,3,2,7,4.0,35,No,4,49.0,1,1.0,No,298.17
992748,Mia Young,House,Outer Suburb,2,2,6,4.57,39,No,4,50.0,3,6.0,Yes,324.4
997488,Arjun Wilson,Apartment,Inner Suburb,1,1,4,4.46,37,No,4,53.0,1,8.0,No,144.03
997511,Sarah Nguyen,Studio,CBD,1,2,2,4.38,113,Yes,1,66.0,1,4.0,Yes,203.47
995330,Sarah Khan,House,Outer Suburb,2,3,3,4.59,21,No,1,67.0,1,7.0,Yes,315.45
997145,Amelia Smith,Studio,Inner Suburb,1,2,4,4.8,87,Yes,3,47.0,7,5.0,No,194.76
991525,Ava Ali,House,Regional,5,3,10,4.5,65,No,0,94.0,3,7.0,Yes,364.74
995323,Anna Tran,House,Outer Suburb,3,2,6,3.93,33,No,3,76.0,1,6.0,No,238.99
997284,Mai Walker,House,Regional,2,2,3,4.46,31,Yes,9,57.0,1,3.0,Yes,333.3
995450,Minh Clark,Apartment,Outer Suburb,1,1,3,4.15,16,No,0,32.0,1,4.0,Yes,178.08
992103,Oliver Taylor,House,Inner Suburb,4,3,8,4.55,44,No,3,97.0,3,8.0,No,368.18
993323,Henry King,House,CBD,4,4,9,4.94,111,Yes,5,88.0,2,9.0,Yes,450.68
992115,An Khan,Studio ,Regional,1,1,2,4.8,25,No,7,47.0,10,6.0,Yes,208.65
990885,Hannah Clark,Apartment,Outer Suburb,2,2,6,4.89,31,No,11,80.0,2,9.0,Yes,359.92
993810,Ben Smith,House,CBD,4,4,10,4.43,25,No,1,83.0,3,6.0,No,522.08
996127,Isla Young,Townhouse,Regional,3,3,5,4.62,91,Yes,3,67.0,7,7.0,No,363.02
997856,James Young,Studio,Outer Suburb,1,1,2,4.14,28,Yes,8,38.0,3,3.0,Yes,196.87
992220,James White,Townhouse,CBD,2,3,4,,25,Yes,5,78.0,2,5.0,Yes,332.96
990296,Zoe Martin,Apartment,Regional,1,1,4,4.6,66,Yes,0,75.0,4,7.0,Yes,192.3
993034,Mei Young,House,Outer Suburb,3,2,5,4.9,12,No,5,72.0,3,7.0,No,297.84
994972,Michael Wang,Apartment,Outer Suburb,2,2,5,4.01,60,No,2,59.0,3,6.0,Yes,274.62
990469,Chloe Ali,House,Outer Suburb,3,3,8,4.38,79,No,7,75.0,1,6.0,No,390.18
991585,Chloe Khan,Townhouse,Inner Suburb,3,2,6,4.41,21,No,5,79.0,2,5.0,Yes,436.63
992298,Liam Lee,Apartment,Outer Suburb,2,2,5,4.25,64,Yes,9,54.0,1,4.0,Yes,278.49
997281,Anna Wilson,House,Inner Suburb,4,3,8,4.56,83,No,1,85.0,1,5.0,Yes,374.81
994144,Amelia Tran,House,Outer Suburb,2,2,5,4.56,48,Yes,4,39.0,1,2.0,Yes,350.04
992937,Oliver Wilson,Apartment,Outer Suburb,1,1,4,,88,No,5,35.0,4,5.0,Yes,173.51
996283,Grace Chen,Villa,CBD,5,3,10,4.23,16,No,1,97.0,2,7.0,No,610.36
993348,Oliver Clark,House,Inner Suburb,4,3,9,4.63,168,No,12,94.0,2,10.0,Yes,518.43
994750,Henry King,Apartment,CBD,2,2,5,4.23,29,Yes,2,51.0,1,4.0,Yes,239.19
993591,Zoe Clark,Townhouse,CBD,2,2,5,4.55,49,No,5,60.0,2,6.0,Yes,244.6
995951,Priya Taylor,House,Outer Suburb,2,2,6,4.94,25,No,4,60.0,2,6.0,Yes,253.68
992510,Amelia Ali,House,Regional,2,2,5,4.5,26,Yes,4,68.0,1,6.0,No,357.83
996010,Samuel King,House,CBD,3,2,8,4.29,21,No,8,68.0,2,8.0,Yes,377.64
992351,Ethan White,Apartment,Outer Suburb,1,2,1,4.25,44,No,8,35.0,1,4.0,Yes,200.89
996060,Anna Jones,Apartment,Inner Suburb,1,2,2,4.85,80,Yes,6,46.0,4,5.0,No,265.33
995786,Lily Le,House,Inner Suburb,3,2,6,4.29,10,No,4,64.0,3,5.0,Yes,302.89
993953,Hannah Harris,Apartment,Inner Suburb,2,2,5,4.38,18,No,2,61.0,1,7.0,Yes,394.94
992366,Minh Chen,Studio,Outer Suburb,1,1,4,4.58,45,Yes,2,33.0,5,3.0,No,105.38
993571,Amelia Martin,Apartment,CBD,1,1,1,4.47,59,No,1,33.0,1,5.0,No,220.67
996221,Thomas Ali,Apartment,CBD,2,1,3,4.33,40,Yes,2,51.0,1,4.0,No,348.38
995069,Anna White,Apartment,Inner Suburb,1,2,2,4.23,37,No,5,80.0,1,7.0,Yes,236.06
996304,Linh Ali,Apartment,CBD,1,1,2,4.55,56,No,11,54.0,1,5.0,Yes,244.69
994376,Olivia Walker,Studio,Regional,1,1,4,4.45,38,No,4,52.0,2,3.0,Yes,99.3
997913,James Walker,Studio,Regional,1,1,2,4.22,20,No,2,35.0,2,3.0,Yes,161.41
990908,Amelia Wilson,Townhouse,Inner Suburb,2,2,6,4.19,10,No,1,82.0,1,7.0,Yes,391.23
991172,Mei Thomas,Townhouse,CBD,2,1,6,4.77,66,Yes,15,66.0,1,5.0,Yes,463.34
997850,Linh Taylor,Studio,Inner Suburb,1,1,4,3.99,31,No,9,39.0,1,3.0,No,244.08
994631,Emma Smith,Apartment,Inner Suburb,1,1,2,4.2,106,Yes,8,34.0,2,4.0,No,361.57
994857,Henry Young,Villa,Inner Suburb,2,2,5,4.14,38,Yes,9,63.0,3,6.0,Yes,484.97
992929,David Clark,Apartment,CBD,1,2,2,4.07,41,No,10,46.0,3,6.0,No,271.67
994901,Sophie Scott,House,CBD,4,2,8,4.61,15,No,0,89.0,2,7.0,Yes,405.37
996348,Noah Harris,Townhouse,Outer Suburb,3,2,8,4.15,35,No,2,75.0,2,6.0,Yes,216.56
992760,Hannah Scott,Apartment,Outer Suburb,2,3,3,3.83,42,No,3,70.0,3,,No,262.41
990979,Anna Harris,House,Outer Suburb,2,1,6,4.62,47,No,5,47.0,3,4.0,Yes,341.04
996335,Ethan Le,Apartment,Regional,3,2,6,4.88,12,No,2,75.0,7,6.0,Yes,371.59
991451,Wei Clark,House,Inner Suburb,3,2,6,,58,Yes,11,60.0,1,6.0,Yes,368.21
995695,Linh Walker,House,Outer Suburb,2,2,5,4.38,20,No,2,52.0,2,6.0,No,172.41
991893,Grace Wang,Apartment,Regional,1,1,3,4.4,18,No,5,66.0,2,6.0,Yes,152.08
994967,Emily Clark,House,CBD,2,1,6,4.54,44,No,3,72.0,3,7.0,Yes,337.35
994402,Daniel Wang,House,Outer Suburb,5,3,10,4.47,21,Yes,1,108.0,4,6.0,No,408.91
995725,Amelia Scott,Studio,Outer Suburb,1,1,2,5.0,54,No,7,48.0,1,6.0,Yes,149.99
992212,Lily Tran,Apartment,Inner Suburb,1,1,1,4.33,26,Yes,1,41.0,3,3.0,Yes,93.22
996007,Aisha Harris,House,Regional,4,3,10,4.21,18,No,6,92.0,3,5.0,No,410.55
994565,Priya Thomas,Apartment,CBD,2,2,5,4.26,99,No,6,64.0,3,4.0,Yes,328.61
991410,Emily Lee,Studio,Outer Suburb,1,2,4,4.36,161,No,10,45.0,1,5.0,Yes,230.52
995178,Grace Smith,Apartment,Inner Suburb,1,2,1,4.34,71,Yes,2,48.0,3,5.0,Yes,202.36
992578,Grace Walker,House,Inner Suburb,4,2,7,4.26,9,No,2,86.0,3,8.0,No,458.77
991348,Arjun Wang,Studio,Inner Suburb,1,1,1,4.3,143,Yes,11,35.0,1,4.0,No,165.53
996420,Noah Martin,House,Regional,3,1,6,4.65,12,No,5,68.0,5,5.0,Yes,367.46
993188,Emma Young,Apartment,Inner Suburb,2,2,5,4.27,48,Yes,4,50.0,3,3.0,Yes,358.95
991803,Jack Brown,Townhouse,Regional,2,2,3,4.0,81,No,3,62.0,4,6.0,No,258.87
993501,Chloe Jones,Apartment,Outer Suburb,1,1,2,5.0,88,No,6,46.0,1,6.0,Yes,92.18
995843,Omar Lee,Villa,CBD,5,3,10,4.75,7,No,1,97.0,3,6.0,Yes,541.37
993435,Thomas Tran,Apartment,Regional,2,2,5,4.69,38,No,2,59.0,1,6.0,Yes,209.37
992472,Sophie Khan,Apartment,CBD,2,2,6,4.51,60,No,5,51.0,3,5.0,Yes,259.66
990015,Daniel Harris,Studio,Outer Suburb,1,2,3,4.4,35,No,11,53.0,1,4.0,Yes,168.86
992905,David Nguyen,Studio,Regional,1,1,3,4.48,28,Yes,4,35.0,2,5.0,Yes,144.0
996701,Liam Le,Villa,Inner Suburb,5,3,10,4.61,40,No,2,102.0,2,8.0,Yes,545.15
997628,Liam Ali,Apartment,Inner Suburb,1,2,1,3.92,38,No,1,57.0,2,4.0,Yes,238.22
996758,Arjun White,Studio,Regional,1,2,2,4.76,41,Yes,1,59.0,3,6.0,No,173.85
992437,Aisha Khan,Apartment,Outer Suburb,1,2,2,3.83,39,No,2,47.0,1,2.0,Yes,228.23
992127,Lily Anderson,Villa,Regional,4,3,8,4.59,68,No,4,106.0,2,9.0,No,493.1
996570,Mei Brown,Studio,Outer Suburb,1,2,2,4.52,8,No,1,35.0,2,4.0,No,169.08
997703,Olivia Clark,Apartment,Inner Suburb,2,1,4,4.74,43,No,4,48.0,2,5.0,Yes,257.19
991812,Noah Thomas,House,Inner Suburb,4,2,8,4.2,68,No,6,86.0,1,7.0,Yes,314.54
997764,Thomas Khan,House,Inner Suburb,3,3,5,4.36,74,Yes,6,82.0,4,7.0,Yes,335.31
990924,Hannah Tran,Apartment,Outer Suburb,2,2,4,4.58,38,Yes,2,56.0,5,5.0,No,267.92
997236,Minh Lee,Townhouse,Inner Suburb,3,3,6,,48,No,4,,1,7.0,Yes,394.63
995243,Sarah Jones,Studio,Regional,1,2,2,4.8,73,No,1,58.0,1,6.0,Yes,241.3
993777,Mia Lee,House,Inner Suburb,3,2,6,4.6,45,Yes,4,79.0,3,6.0,Yes,377.2
995931,Mei Taylor,Studio,Regional,1,2,2,4.67,13,No,3,70.0,1,5.0,No,153.64
994707,Minh Walker,Apartment,Regional,1,1,3,3.85,12,No,1,39.0,5,4.0,No,139.77
997239,Isla Brown,Studio,Outer Suburb,1,1,4,4.3,30,Yes,2,59.0,1,4.0,Yes,173.21
992358,Michael Martin,Apartment,Regional,1,2,4,4.36,5,No,1,45.0,2,6.0,No,144.86
992487,Isla Khan,Townhouse,Outer Suburb,2,2,3,4.59,18,No,0,87.0,4,9.0,No,355.89
996775,Emily Young,Studio,CBD,1,1,2,4.57,13,No,0,39.0,1,3.0,No,292.64
997493,Noah King,Apartment,Regional,1,2,1,4.54,82,Yes,5,51.0,3,6.0,No,177.09
995378,Olivia Jones,Villa,Outer Suburb,5,3,10,4.79,49,No,8,103.0,1,10.0,Yes,601.54
993831,Michael Walker,House,Regional,2,3,4,4.99,119,Yes,3,42.0,1,3.0,Yes,280.77
996702,Mia Wilson,Townhouse,Outer Suburb,2,1,6,4.79,75,Yes,9,61.0,3,6.0,Yes,327.51
991889,Mia King,Apartment,Inner Suburb,1,1,1,4.21,37,No,3,44.0,1,2.0,No,185.3
995760,Aisha Smith,Villa,Regional,5,3,10,4.68,24,Yes,3,103.0,1,10.0,No,420.76
990041,Priya Young,House,Outer Suburb,4,2,7,4.47,71,Yes,3,82.0,2,7.0,No,373.52
993997,Liam Chen,Apartment,Inner Suburb,2,1,4,4.49,50,No,10,46.0,2,4.0,Yes,244.48
991557,Omar Smith,Apartment,Outer Suburb,2,3,5,4.58,17,No,1,56.0,3,5.0,No,306.6
997880,Mia Brown,Townhouse,Outer Suburb,3,1,5,4.39,8,No,1,66.0,2,7.0,Yes,264.84
994266,Aisha Jones,Studio,CBD,1,2,2,4.22,30,Yes,2,57.0,2,5.0,Yes,227.65
994461,Ben Singh,Villa,Outer Suburb,4,2,8,4.59,39,Yes,6,79.0,2,5.0,Yes,397.79
992670,Michael Le,Apartment,Outer Suburb,2,1,4,4.22,20,No,1,58.0,3,5.0,Yes,240.78
996194,Priya Khan,Apartment,Outer Suburb,1,2,2,4.17,144,Yes,2,49.0,3,6.0,No,121.73
996331,James King,House,Regional,3,2,8,4.76,30,Yes,2,87.0,1,7.0,Yes,343.19
993629,Anna King,Apartment,CBD,1,1,3,4.29,22,No,1,44.0,3,1.0,No,230.09
996360,Sophie Anderson,Townhouse,Outer Suburb,4,3,9,3.78,52,Yes,10,107.0,7,9.0,No,421.09
990642,Ava Smith,Villa,Outer Suburb,4,2,8,4.61,27,Yes,1,81.0,4,8.0,Yes,457.36
995821,Emily Nguyen,Apartment,Outer Suburb,1,1,3,4.28,82,No,6,44.0,1,6.0,Yes,168.99
990309,Minh Walker,Townhouse,CBD,3,3,6,4.07,34,Yes,0,70.0,2,6.0,Yes,368.78
990590,Sarah Jones,Apartment,Inner Suburb,2,2,6,4.29,67,No,8,75.0,1,6.0,Yes,298.37
993734,Omar Clark,Apartment,Outer Suburb,3,2,8,,73,Yes,15,,2,6.0,No,315.86
995815,Oliver Khan,Apartment,Outer Suburb,3,3,7,,11,No,7,,1,4.0,Yes,306.65
993201,Lily Ali,Studio,Inner Suburb,1,1,4,4.47,83,No,8,49.0,3,5.0,Yes,190.45
997322,Oliver Harris,Apartment,CBD,1,1,1,4.6,34,No,10,68.0,2,5.0,Yes,254.95
995551,Minh Wang,Studio,CBD,1,2,2,4.39,150,Yes,13,37.0,2,4.0,No,377.45
994866,Arjun Smith,Apartment,Outer Suburb,2,3,3,4.16,8,No,2,64.0,2,3.0,No,249.61
992263,Lucas Nguyen,Apartment,Inner Suburb,2,2,4,4.0,92,No,6,37.0,2,4.0,Yes,284.17
993437,Samuel Harris,Townhouse,Inner Suburb,3,3,7,4.39,35,Yes,11,68.0,1,5.0,Yes,377.2
995194,David Wang,Apartment,Regional,2,1,6,4.25,31,Yes,3,63.0,3,5.0,Yes,167.28
992814,Isla Wang,Studio,Inner Suburb,1,1,3,4.64,51,No,2,63.0,1,7.0,Yes,263.35
991149,Ethan Lee,House,Inner Suburb,2,2,4,4.54,60,Yes,7,49.0,1,5.0,Yes,353.73
997931,Chloe Brown,House,Outer Suburb,3,2,6,4.1,96,No,4,84.0,1,7.0,No,394.91
996403,Lucas Nguyen,Apartment,Outer Suburb,1,1,1,4.58,70,No,8,45.0,1,7.0,No,208.97
994158,Henry Lee,Villa,Inner Suburb,5,3,10,4.8,29,No,0,108.0,7,7.0,No,577.11
990597,Mai Nguyen,House,Outer Suburb,3,3,8,4.44,40,No,3,89.0,2,6.0,Yes,310.71
995143,Henry White,Apartment,Outer Suburb,1,1,1,4.66,37,Yes,0,57.0,3,4.0,Yes,207.51
997259,Isla Lee,House,CBD,4,3,10,4.52,88,Yes,15,72.0,1,4.0,Yes,476.63
996598,Liam Singh,Villa,Inner Suburb,4,2,10,,28,No,5,78.0,2,7.0,No,389.47
990747,Grace Jones,Apartment,Outer Suburb,1,1,3,4.65,62,Yes,12,46.0,2,5.0,No,231.36
992967,Chloe Anderson,House,Outer Suburb,4,2,8,4.17,9,No,3,89.0,3,4.0,Yes,362.59
996778,Samuel White,House,Outer Suburb,4,3,8,4.85,82,Yes,7,73.0,2,6.0,No,342.44
993326,Samuel Wang,Studio,Regional,1,1,2,4.0,19,No,3,40.0,1,4.0,No,70.59
995532,Noah Wilson,House,Outer Suburb,4,2,8,4.57,99,No,2,88.0,1,8.0,Yes,381.6
991078,Lucas Walker,Studio,Inner Suburb,1,1,2,4.6,113,Yes,7,57.0,1,6.0,No,296.75
997088,Lily Brown,House,Regional,3,2,5,4.77,42,Yes,0,74.0,2,5.0,Yes,263.09
996743,Hannah Brown,Apartment,CBD,1,1,4,4.52,40,Yes,1,50.0,1,7.0,Yes,296.84
993883,David Jones,Studio,Regional,1,1,2,4.39,111,Yes,7,52.0,2,7.0,No,254.44
996179,Michael Jones,House,Outer Suburb,3,3,6,4.52,104,No,1,78.0,2,5.0,No,355.43
990960,Sophie Patel,House,Inner Suburb,5,3,10,4.85,28,Yes,3,100.0,3,8.0,No,469.53
996004,Amelia Ali,House,Regional,2,2,4,4.68,30,Yes,1,78.0,1,7.0,No,381.34
992693,Oliver Le,House,Inner Suburb,3,2,7,3.9,66,No,8,86.0,2,,No,359.46
997226,James Le,House,CBD,3,2,8,4.59,55,No,5,72.0,5,5.0,Yes,379.59
995677,Grace Smith,Apartment,Inner Suburb,1,2,2,4.31,36,No,1,49.0,3,5.0,No,165.26
991318,Minh Thomas,Apartment,Outer Suburb,2,2,5,4.32,54,No,4,71.0,2,5.0,Yes,219.4
996516,Wei Scott,Apartment,Outer Suburb,1,2,1,4.69,87,Yes,1,54.0,5,3.0,No,156.84
991173,Mei White,Studio,Inner Suburb,1,2,3,4.63,57,No,10,49.0,3,5.0,Yes,290.1
995630,Minh Smith,Apartment,Inner Suburb,2,2,4,4.44,40,No,6,60.0,1,4.0,No,213.04
992501,David Wang,Townhouse,Regional,3,3,6,4.52,80,No,0,58.0,1,5.0,No,380.24
997800,Sophie Singh,Apartment,Outer Suburb,2,2,4,4.6,23,No,4,54.0,3,5.0,No,352.82
995012,Chloe Lee,Apartment,Inner Suburb,1,2,4,4.08,6,No,3,36.0,3,3.0,Yes,331.3
991383,Emma Singh,House,Outer Suburb,2,2,6,4.11,72,No,4,65.0,1,3.0,Yes,289.27
990265,Omar Wang,Studio,CBD,1,1,4,4.49,85,Yes,2,39.0,1,7.0,Yes,284.45
990655,Anna Martin,Apartment,Outer Suburb,1,1,2,4.47,75,No,4,40.0,1,5.0,Yes,198.23
996801,Mia Thomas,House,CBD,3,2,6,4.91,51,Yes,11,75.0,1,6.0,Yes,406.12
997218,Omar Thomas,Apartment,CBD,2,1,4,4.58,122,Yes,4,47.0,1,5.0,No,268.63
996083,David Patel,House,Outer Suburb,2,1,4,4.5,38,Yes,0,61.0,3,6.0,Yes,255.52
992367,Mai White,Apartment,Inner Suburb,1,1,4,4.33,87,Yes,3,38.0,1,4.0,Yes,211.84
991248,Amelia Le,Villa,Inner Suburb,5,3,10,5.0,46,No,0,98.0,2,,Yes,456.29
992466,Mai King,House,CBD,5,4,10,4.79,72,No,10,119.0,2,7.0,Yes,572.69
996983,Chloe Le,House,CBD,3,2,5,4.46,49,No,4,74.0,2,7.0,No,377.33
995629,Aisha White,House,Outer Suburb,2,2,4,4.36,50,Yes,7,62.0,1,4.0,Yes,305.55
992795,James Wilson,Apartment,Regional,3,2,8,4.65,67,Yes,1,70.0,4,7.0,Yes,242.99
991575,David Lee,Apartment,Regional,1,2,1,4.46,73,No,6,58.0,1,6.0,Yes,126.18
996037,Linh Patel,House,CBD,5,3,10,4.98,19,Yes,3,99.0,2,6.0,Yes,565.18
991438,Linh Thomas,Townhouse,Outer Suburb,2,2,4,4.12,27,No,2,66.0,1,5.0,No,227.59
996177,Henry Brown,Townhouse,Regional,3,3,8,4.16,98,No,5,93.0,4,7.0,Yes,383.76
992259,Lily Patel,Studio,CBD,1,1,4,4.05,25,No,4,45.0,2,6.0,No,157.4
995665,Hannah Chen,House,Inner Suburb,3,2,6,4.51,47,No,5,75.0,2,6.0,No,340.09
997905,Zoe Wilson,Studio,CBD,1,1,2,4.21,123,No,15,63.0,1,5.0,Yes,270.61
991774,Hannah Chen,Apartment,Inner Suburb,2,2,3,4.6,35,Yes,2,45.0,3,7.0,Yes,151.76
991209,Samuel Brown,Studio,Inner Suburb,1,1,1,4.21,32,No,1,50.0,1,8.0,Yes,147.81
993228,William Anderson,House,Outer Suburb,4,2,10,4.41,30,Yes,5,91.0,2,8.0,Yes,435.31
997546,Chloe Ali,Studio,Outer Suburb,1,1,2,4.62,21,No,2,49.0,5,5.0,No,124.46
996438,Anna White,Apartment,Outer Suburb,2,2,3,4.6,29,Yes,3,69.0,3,6.0,No,280.63
994218,Olivia Wilson,Apartment,Inner Suburb,1,1,2,4.64,32,Yes,4,39.0,1,3.0,No,238.34
993681,Henry Khan,House,Inner Suburb,3,3,6,4.74,81,Yes,11,87.0,3,6.0,No,450.22
993390,Ben Chen,House,CBD,2,2,4,4.57,35,No,3,79.0,1,5.0,Yes,439.35
993270,Minh Patel,Studio,Regional,1,2,3,4.38,20,No,0,57.0,1,7.0,Yes,107.38
993715,Jack Young,House,Inner Suburb,2,1,3,4.37,5,No,0,50.0,2,6.0,Yes,265.19
994065,Linh Singh,Studio,CBD,1,1,2,4.54,68,No,3,43.0,14,5.0,No,217.33
990847,Thomas White,Apartment,CBD,1,1,2,4.55,77,Yes,3,48.0,7,5.0,No,281.86
995136,Wei Lee,Villa,CBD,4,3,10,4.81,63,Yes,0,100.0,1,6.0,Yes,571.17
990048,David Wilson,House,Outer Suburb,4,3,7,4.18,88,Yes,1,73.0,1,6.0,Yes,445.02
994477,Thomas Anderson,Apartment,CBD,1,1,4,4.02,14,No,2,37.0,2,5.0,Yes,244.38
991900,Jack Harris,House,CBD,3,3,6,4.37,28,No,1,87.0,4,7.0,Yes,541.46
993669,Oliver Ali,Studio,Regional,1,2,1,4.78,39,Yes,1,53.0,3,5.0,Yes,70.52
990928,Liam Tran,Villa,Regional,3,3,8,4.35,78,Yes,1,57.0,3,4.0,No,367.98
993001,Anna Khan,House,CBD,3,2,6,4.97,83,No,3,87.0,2,7.0,No,418.22
997489,Ava Harris,House,Inner Suburb,3,3,7,4.74,82,Yes,3,75.0,1,9.0,Yes,393.66
993517,Olivia Brown,Townhouse,Outer Suburb,2,2,3,4.28,67,No,2,53.0,3,6.0,No,246.35
995415,Arjun Martin,Apartment,Inner Suburb,1,1,2,4.49,30,Yes,3,39.0,1,4.0,Yes,170.42
992037,Samuel Anderson,Apartment,Inner Suburb,2,2,5,4.47,26,No,3,64.0,1,5.0,No,226.35
990465,Mia Chen,House,Outer Suburb,2,1,5,4.5,47,Yes,4,59.0,1,4.0,Yes,274.1
996816,Emily Nguyen,Townhouse,CBD,2,2,4,4.22,84,Yes,9,60.0,1,8.0,Yes,451.94
997432,Arjun Clark,House,Outer Suburb,2,2,4,,13,No,2,,2,6.0,No,244.96
996384,An Walker,Villa,Regional,3,2,5,4.84,33,Yes,2,68.0,1,5.0,Yes,336.48
997217,David Jones,Apartment,Regional,2,1,4,4.44,21,No,2,63.0,10,7.0,No,151.0
991184,David Brown,Apartment,Outer Suburb,1,2,2,4.37,62,Yes,2,49.0,3,7.0,Yes,190.32
990199,David Walker,Townhouse,Inner Suburb,2,2,4,4.63,30,No,5,74.0,4,5.0,No,310.26
991869,Grace Chen,Townhouse,Inner Suburb,2,2,3,4.81,30,Yes,0,55.0,3,7.0,No,271.83
991842,Michael Brown,Apartment,CBD,1,1,1,4.33,21,No,3,25.0,2,2.0,Yes,245.9
995569,Ava Clark,Townhouse,CBD,3,2,7,4.24,144,Yes,3,76.0,1,7.0,Yes,410.12
995644,David Brown,Apartment,Inner Suburb,1,2,1,4.59,9,No,1,52.0,1,5.0,Yes,298.69
997865,Mia Harris,Apartment,Inner Suburb,2,2,6,4.79,18,Yes,2,58.0,3,3.0,No,301.31
990085,James White,Villa,Outer Suburb,4,2,8,4.19,148,Yes,8,80.0,1,7.0,Yes,469.73
992496,Emily Singh,Apartment,Outer Suburb,1,1,2,4.41,66,No,4,27.0,2,6.0,Yes,209.49
995436,Michael Smith,Apartment,Inner Suburb,1,1,2,4.34,30,Yes,2,48.0,1,3.0,No,275.86
994694,Jack Brown,Villa,Outer Suburb,3,3,6,4.51,59,Yes,3,74.0,1,8.0,Yes,472.43
994271,Lily Lee,Apartment,Inner Suburb,2,1,3,4.28,24,No,6,35.0,1,6.0,Yes,248.83
991605,Henry Brown,Townhouse,Outer Suburb,3,3,5,4.44,4,No,0,65.0,2,3.0,No,261.01
990250,Omar Khan,House,Inner Suburb,3,2,7,4.38,49,Yes,0,77.0,4,6.0,Yes,382.75
993578,Sophie Walker,Apartment,Outer Suburb,2,1,4,4.0,10,No,3,66.0,2,9.0,Yes,216.02
997644,Oliver King,House,Regional,3,2,6,4.74,48,No,6,82.0,3,7.0,No,380.36
991038,Michael Jones,Villa,Outer Suburb,2,2,6,4.11,36,No,11,59.0,5,4.0,Yes,335.23
991586,Amelia Singh,House,CBD,4,2,8,4.05,69,Yes,4,91.0,1,7.0,Yes,484.89
995841,Minh Anderson,Villa,Inner Suburb,3,2,6,4.54,73,Yes,11,73.0,1,7.0,No,454.0
996267,Emma Ali,Townhouse,Outer Suburb,3,2,8,4.35,38,Yes,4,83.0,2,8.0,Yes,309.3
992646,Daniel Anderson,Townhouse,Outer Suburb,3,2,6,4.69,40,Yes,11,65.0,1,5.0,Yes,330.34
990088,Oliver Harris,House,CBD,4,3,10,4.29,76,Yes,4,80.0,3,4.0,No,550.74
991276,Hannah Clark,Apartment,Regional,3,2,7,4.82,22,No,2,79.0,2,8.0,No,317.65
994742,Mei Le,House,Inner Suburb,4,3,8,4.26,18,No,2,82.0,3,5.0,No,440.2
990764,Noah Taylor,Apartment,Inner Suburb,3,2,5,4.41,25,No,1,54.0,7,5.0,Yes,363.33
993369,James King,Apartment,CBD,3,3,5,4.3,9,No,1,66.0,3,4.0,Yes,297.88
992902,Liam Patel,Apartment,Inner Suburb,1,2,2,4.25,7,No,0,51.0,2,5.0,Yes,131.34
992289,Olivia Thomas,Studio,Regional,1,2,2,4.27,103,No,3,52.0,2,4.0,No,230.77
990944,Michael King,Apartment,Inner Suburb,1,1,4,4.74,2,No,0,43.0,4,6.0,No,154.03
993759,Lucas Clark,Villa,Outer Suburb,5,3,10,4.66,82,Yes,0,101.0,1,8.0,No,496.49
993319,Samuel Martin,apartment,CBD,2,3,6,4.33,16,No,1,71.0,2,5.0,No,343.07
990601,Anna Harris,House,Inner Suburb,3,3,5,4.72,3,No,1,69.0,3,7.0,No,383.68
990999,Ethan Thomas,Villa,Regional,4,3,8,4.84,43,Yes,7,78.0,1,8.0,No,474.3
996614,Samuel Chen,House,Regional,4,2,10,4.88,31,Yes,5,98.0,2,8.0,No,389.39
992718,Emily Khan,House,Outer Suburb,3,2,6,4.31,5,No,1,70.0,4,7.0,Yes,319.24
994163,Mia Tran,Apartment,Outer Suburb,1,2,1,4.56,67,No,9,59.0,2,6.0,No,337.34
994564,Amelia Tran,Studio,Inner Suburb,1,2,4,3.81,98,No,5,72.0,1,6.0,Yes,304.68
996660,Mai Harris,Townhouse,Inner Suburb,3,1,6,4.57,7,No,1,61.0,2,7.0,No,389.12
993429,Mia Tran,House,Inner Suburb,4,3,7,4.51,31,No,6,70.0,2,5.0,Yes,475.09
990380,Priya Martin,House,CBD,4,3,9,4.45,121,No,0,69.0,10,6.0,Yes,483.61
997199,Sophie Chen,House,Inner Suburb,3,3,5,4.52,68,No,1,65.0,2,5.0,Yes,394.94
990365,Isla Chen,Apartment,Outer Suburb,1,1,2,4.55,67,No,0,26.0,3,4.0,Yes,209.37
990515,Grace Smith,Apartment,Inner Suburb,2,2,4,,13,Yes,0,,1,6.0,Yes,279.6
997143,Mai Nguyen,Apartment,Inner Suburb,1,2,2,,34,No,11,,2,6.0,Yes,171.76
991931,Minh Thomas,Townhouse,Inner Suburb,3,2,8,4.27,132,No,4,65.0,3,6.0,No,364.6
994077,Liam King,Studio,Inner Suburb,1,2,2,4.04,99,No,4,58.0,1,6.0,No,234.64
991191,Wei Martin,Apartment,Outer Suburb,1,1,3,4.68,53,Yes,2,37.0,1,4.0,Yes,233.97
996784,James Chen,Townhouse,Outer Suburb,3,3,7,4.33,53,No,5,65.0,2,6.0,Yes,411.23
990641,Noah Le,Apartment,Outer Suburb,1,1,2,4.81,60,No,1,48.0,5,8.0,No,103.6
991111,Daniel Patel,House,Inner Suburb,2,3,4,4.34,15,No,2,67.0,7,5.0,No,234.33
996676,Oliver Jones,House,CBD,3,2,5,4.41,11,No,7,88.0,2,7.0,Yes,456.96
993143,Lucas Khan,Apartment,Regional,1,2,4,4.25,32,Yes,2,40.0,1,3.0,Yes,194.32
996661,Oliver Brown,Townhouse,Outer Suburb,3,2,6,,34,No,6,,1,8.0,Yes,279.05
993383,Priya Scott,Studio,Outer Suburb,1,2,3,4.53,8,No,4,73.0,10,8.0,Yes,144.36
995011,Aisha Smith,Townhouse,Regional,3,2,6,4.48,56,Yes,5,60.0,5,6.0,No,259.67
996640,Zoe Nguyen,Apartment,Inner Suburb,1,2,2,4.26,26,No,9,48.0,1,7.0,No,267.22
992347,Minh King,Studio,Outer Suburb,1,2,3,4.56,31,Yes,4,35.0,5,7.0,No,132.96
992587,Grace Khan,House,Inner Suburb,3,3,6,4.3,58,No,8,81.0,1,4.0,Yes,438.49
994626,Daniel Anderson,House,CBD,5,3,9,4.5,78,No,1,106.0,1,8.0,Yes,512.8
993272,Emma Smith,Apartment,Inner Suburb,1,1,1,4.89,44,Yes,0,64.0,1,7.0,Yes,303.14
992950,Amelia Brown,House,Inner Suburb,3,2,6,4.4,30,No,5,59.0,1,5.0,No,314.6
997132,Amelia Singh,Studio,CBD,1,1,2,4.65,35,Yes,0,41.0,1,6.0,No,173.82
991489,Ethan Harris,Apartment,Inner Suburb,2,1,5,4.39,30,No,5,47.0,2,5.0,Yes,149.42
995901,Emily Anderson,House,Regional,3,3,7,4.13,17,No,4,70.0,1,3.0,No,321.16
993994,Daniel Young,Apartment,Outer Suburb,1,1,3,4.08,24,Yes,2,52.0,14,3.0,Yes,111.13
990790,Linh Nguyen,House,CBD,4,3,7,4.59,89,No,3,92.0,2,,Yes,503.2
991120,Emma Jones,Apartment,Outer Suburb,1,1,3,3.84,5,No,2,40.0,1,3.0,Yes,155.43
993284,Minh Martin,Apartment,Outer Suburb,1,1,2,4.6,78,Yes,4,59.0,2,4.0,No,207.56
995833,Wei Wilson,House,Inner Suburb,2,2,6,4.37,58,No,12,49.0,2,6.0,Yes,478.12
992285,An Tran,Apartment,CBD,1,2,1,4.04,135,No,9,43.0,1,1.0,No,195.64
992202,Noah Wang,House,Outer Suburb,2,3,4,4.59,48,Yes,6,66.0,1,,Yes,330.28
994062,Ava Young,Apartment,Regional,1,2,2,4.24,42,Yes,3,49.0,7,4.0,Yes,190.51
995504,Daniel Clark,House,Inner Suburb,3,2,8,4.39,76,Yes,4,57.0,2,4.0,Yes,484.94
997466,Linh Martin,Apartment,Inner Suburb,1,1,1,4.9,44,Yes,8,59.0,2,6.0,No,245.28
993722,Ben White,Apartment,CBD,1,1,1,4.53,19,No,2,51.0,1,7.0,Yes,330.69
990834,Sophie Anderson,House,Outer Suburb,4,2,8,4.37,15,No,2,72.0,1,4.0,Yes,309.63
990312,Ava Harris,Apartment,Inner Suburb,1,2,3,4.78,34,No,2,46.0,1,5.0,Yes,214.13
993623,Wei Taylor,House,CBD,3,2,7,4.23,35,Yes,7,58.0,1,3.0,Yes,452.42
990706,Sophie Wilson,Apartment,Outer Suburb,1,1,4,4.02,12,No,1,33.0,3,4.0,Yes,269.9
991282,Linh Khan,Villa,CBD,3,3,5,4.47,103,No,3,78.0,3,6.0,Yes,501.51
997663,Thomas Tran,Apartment,Outer Suburb,2,2,6,4.35,14,No,8,69.0,5,8.0,No,320.41
996892,Ava Wang,Apartment,Outer Suburb,1,1,2,4.3,35,Yes,2,49.0,3,7.0,Yes,178.46
992836,Amelia Ali,House,Outer Suburb,5,3,9,4.38,17,No,5,100.0,1,9.0,Yes,538.3
991362,Lily Walker,Apartment,Inner Suburb,1,2,2,4.22,168,Yes,3,54.0,1,3.0,No,209.88
993481,Jack Thomas,Apartment,Regional,2,2,6,4.31,77,No,2,56.0,1,7.0,No,239.63
996878,Olivia Chen,Apartment,Inner Suburb,1,2,3,4.3,45,Yes,3,69.0,1,7.0,Yes,328.21
997550,Mei White,Studio,CBD,1,1,1,4.51,92,No,15,49.0,2,4.0,Yes,388.81
993054,Olivia Singh,Apartment,Inner Suburb,2,2,3,4.47,81,Yes,12,59.0,5,5.0,Yes,275.35
994128,Oliver Lee,House,Outer Suburb,2,2,3,4.15,18,No,2,58.0,1,4.0,No,238.71
994736,Mei Clark,Apartment,Inner Suburb,2,2,4,4.83,47,No,1,60.0,1,5.0,Yes,360.35
996997,Lucas Scott,House,Inner Suburb,3,2,8,,23,No,4,,1,6.0,Yes,410.55
994709,An Martin,Apartment,Inner Suburb,1,1,4,4.42,52,Yes,0,40.0,3,4.0,No,234.5
993434,James Lee,House,Inner Suburb,4,2,8,4.16,43,No,2,91.0,3,6.0,No,431.62
991116,Olivia Nguyen,Studio,Inner Suburb,1,1,2,4.15,35,No,0,57.0,1,6.0,No,220.67
992565,Thomas Scott,Villa,Outer Suburb,3,2,8,4.54,71,Yes,2,75.0,2,7.0,Yes,433.65
995994,Mai Smith,Studio,Inner Suburb,1,2,4,4.33,156,Yes,10,43.0,3,4.0,Yes,201.65
990560,An Chen,Apartment,Outer Suburb,3,2,7,4.1,37,No,9,85.0,3,,No,335.05
994015,William Nguyen,Studio,CBD,1,1,1,4.3,66,Y,9,44.0,2,4.0,Yes,249.81
991271,Ava Taylor,Townhouse,Inner Suburb,2,1,4,4.14,49,Yes,12,56.0,1,3.0,No,359.99
996760,Priya Brown,Apartment,Inner Suburb,2,2,4,4.57,48,Yes,1,64.0,1,7.0,Yes,308.68
992571,Samuel Khan,Villa,Regional,3,4,6,4.08,2,No,0,88.0,1,6.0,Yes,519.01
991597,Oliver Tran,House,Regional,5,3,10,4.53,32,No,3,109.0,1,10.0,No,504.9
996414,Ava Patel,Apartment,Inner Suburb,1,1,3,4.27,20,No,4,50.0,5,5.0,Yes,353.95
993818,Henry Taylor,Studio,Inner Suburb,1,1,2,4.48,5,No,0,50.0,1,3.0,Yes,67.39
996169,Emily Thomas,Apartment,Inner Suburb,2,2,3,4.08,45,No,6,63.0,2,6.0,No,374.26
996073,Emily Smith,Apartment,Inner Suburb,2,1,5,4.5,21,No,2,53.0,3,4.0,No,213.92
990412,Sarah Khan,Apartment,Regional,1,1,4,4.36,54,Yes,3,44.0,1,6.0,No,176.33
996756,Sophie Patel,Apartment,CBD,2,2,4,4.29,212,Yes,6,56.0,2,6.0,Yes,257.2
993076,David Tran,Studio,CBD,1,1,2,4.21,34,No,0,38.0,5,4.0,No,219.86
992559,Lily Clark,Apartment,Regional,2,3,6,4.43,86,No,14,55.0,2,8.0,No,311.25
997211,Emily Anderson,Apartment,Outer Suburb,1,1,4,4.46,38,No,9,54.0,4,6.0,Yes,222.05
997969,Liam Brown,Apartment,Outer Suburb,1,2,2,4.12,60,Yes,2,40.0,1,4.0,Yes,202.72
991299,Mia Scott,House,CBD,4,3,10,4.44,156,Yes,2,98.0,2,7.0,Yes,453.37
995896,Mia Khan,House,CBD,2,2,3,4.74,53,Yes,2,57.0,2,6.0,No,368.04
991906,Emily Patel,Apartment,Inner Suburb,1,2,2,4.8,27,Yes,4,37.0,3,3.0,Yes,218.88
995033,Liam Young,Apartment,CBD,2,2,6,4.5,124,Yes,2,54.0,2,6.0,Yes,348.06
994147,Aisha Nguyen,Studio,Inner Suburb,1,1,2,4.57,48,No,13,45.0,3,9.0,No,152.07
996477,Arjun Martin,Townhouse,Inner Suburb,4,3,8,4.54,70,Yes,4,78.0,2,5.0,Yes,367.24
996493,William Wilson,House,Inner Suburb,4,3,8,4.51,55,Yes,1,92.0,2,,Yes,566.32
990679,Henry Clark,Villa,CBD,4,2,8,4.64,66,No,1,79.0,7,8.0,Yes,530.69
993903,Mei Young,House,Regional,4,2,10,4.35,10,No,2,90.0,1,6.0,Yes,339.98
997176,Mia White,House,Inner Suburb,2,2,4,4.29,83,No,1,69.0,1,4.0,Yes,285.13
995051,David Chen,Apartment,CBD,2,2,4,4.58,86,Yes,6,60.0,3,6.0,Yes,316.69
993030,Sarah Scott,Apartment,CBD,1,1,2,4.34,95,No,1,64.0,1,8.0,Yes,343.86
991050,Daniel Walker,Townhouse,Outer Suburb,3,2,6,4.35,31,No,4,69.0,1,6.0,Yes,292.56
993746,Grace Walker,Townhouse,CBD,2,2,4,3.97,13,No,6,51.0,3,5.0,No,402.7
997235,Arjun Singh,House,CBD,4,2,10,4.78,18,No,9,73.0,3,7.0,Yes,365.51
995473,Liam Taylor,Apartment,Inner Suburb,1,2,2,4.89,63,Yes,9,50.0,1,3.0,No,332.41
996600,Minh Clark,Studio,Outer Suburb,1,1,2,4.59,16,No,1,49.0,3,8.0,No,157.62
992910,Liam Thomas,Apartment,Outer Suburb,1,2,2,4.44,50,Yes,9,59.0,2,6.0,Yes,297.1
992842,Mei Thomas,Apartment,Inner Suburb,1,2,1,4.15,34,No,1,56.0,1,4.0,Yes,315.05
992701,Minh King,Apartment,Inner Suburb,1,2,1,4.82,66,Yes,4,66.0,1,6.0,Yes,264.44
990993,Minh Nguyen,Apartment,Inner Suburb,3,2,8,4.33,3,No,2,65.0,1,4.0,Yes,373.43
992546,David Tran,House,Outer Suburb,4,2,8,4.08,39,No,0,88.0,1,6.0,Yes,372.34
997076,Lucas Lee,Apartment,CBD,1,1,2,4.54,55,No,12,52.0,2,6.0,No,271.09
995377,Ava Ali,House,Inner Suburb,3,3,8,4.6,24,No,0,89.0,1,8.0,Yes,431.33
992861,Mei Tran,Townhouse,Regional,3,2,6,4.5,21,No,3,83.0,2,6.0,No,432.81
991679,Lily Tran,Villa,Outer Suburb,5,3,10,4.17,120,No,2,106.0,1,8.0,Yes,399.35
996962,Michael Smith,Apartment,Regional,3,3,6,4.06,105,No,3,71.0,2,5.0,Yes,245.1
994643,Wei Thomas,House,CBD,2,2,5,4.32,52,No,4,67.0,3,4.0,Yes,294.47
996838,Oliver Smith,Townhouse,CBD,3,2,8,4.41,87,No,1,64.0,1,7.0,No,311.5
997949,Ava Nguyen,Apartment,Regional,1,2,2,4.42,77,Yes,2,47.0,3,6.0,Yes,210.68
990994,Daniel Ali,Apartment,Outer Suburb,2,2,4,4.82,4,No,3,53.0,1,4.0,No,361.18
992872,Minh Walker,Apartment,Outer Suburb,2,2,4,4.38,66,No,2,65.0,1,6.0,Yes,209.28
997645,David Smith,House,Inner Suburb,4,2,9,3.85,30,No,1,86.0,4,5.0,No,481.88
990144,Emma Walker,Apartment,Regional,2,1,6,4.35,70,No,12,65.0,2,5.0,No,273.13
994628,Minh King,House,Inner Suburb,4,3,9,4.45,14,No,2,81.0,2,5.0,No,450.45
996201,Emma Harris,Apartment,Outer Suburb,2,1,6,5.0,38,No,15,52.0,2,9.0,Yes,263.64
995883,Anna Ali,Apartment,Outer Suburb,3,2,6,5.0,103,Yes,1,57.0,5,5.0,Yes,253.14
994716,David Young,House,Inner Suburb,3,2,5,4.63,55,Yes,13,73.0,1,5.0,No,475.85
991112,Linh Singh,Apartment,Outer Suburb,2,2,4,4.43,131,No,5,69.0,1,8.0,Yes,189.71
990516,David Wang,Studio,Inner Suburb,1,1,1,4.76,88,Yes,9,46.0,3,6.0,No,299.17
990257,Mei Scott,Studio,CBD,1,1,1,4.18,68,No,1,48.0,5,5.0,No,128.84
995391,Henry Wang,Studio,Inner Suburb,1,1,2,4.47,40,Yes,4,44.0,1,7.0,Yes,277.66
992029,James Young,Apartment,Regional,1,1,1,4.37,203,Yes,10,37.0,1,5.0,Yes,125.45
991295,Henry Le,Apartment,Outer Suburb,1,1,3,4.9,39,No,3,53.0,2,6.0,No,200.62
993950,Chloe Le,Studio,Regional,1,1,2,4.47,37,Y,1,50.0,4,7.0,Yes,118.99
993849,Aisha Smith,Apartment,Regional,1,1,2,4.69,80,Yes,1,71.0,2,7.0,No,168.24
991686,Noah Singh,Townhouse,Inner Suburb,3,2,6,4.71,133,No,1,69.0,3,4.0,Yes,302.77
992452,Olivia Lee,Villa,Regional,4,3,7,4.69,58,Yes,15,111.0,2,8.0,Yes,540.0
994570,Ben Lee,Apartment,Outer Suburb,1,2,3,3.9,10,No,0,45.0,2,5.0,Yes,252.54
995544,Anna Taylor,Apartment,CBD,2,2,4,4.82,12,No,2,58.0,1,5.0,Yes,305.16
993311,James Brown,Apartment,CBD,2,2,6,4.68,8,No,3,60.0,2,5.0,Yes,262.51
994259,Priya Jones,Apartment,CBD,2,2,4,4.14,92,No,1,58.0,3,6.0,Yes,271.99
991876,Sophie Thomas,Studio,Outer Suburb,1,1,1,3.94,37,No,2,57.0,3,6.0,Yes,197.1
995021,Ava Smith,House,Inner Suburb,4,3,7,4.5,11,No,0,94.0,1,7.0,No,334.55
990071,Minh Brown,Studio,Regional,1,1,1,4.28,6,No,2,41.0,1,2.0,No,102.79
990229,Ethan Lee,Apartment,CBD,2,2,3,3.97,62,Yes,0,69.0,4,5.0,No,339.43
997738,Mei Chen,Apartment,Inner Suburb,2,2,5,4.7,78,Yes,7,82.0,1,7.0,Yes,355.74
995119,David Scott,Townhouse,Outer Suburb,3,2,5,4.84,66,Yes,0,67.0,4,7.0,No,318.54
992848,Oliver Lee,House,Outer Suburb,4,3,10,4.51,46,No,8,94.0,2,6.0,No,453.5
991229,Daniel Patel,House,Regional,4,2,8,4.27,20,No,1,88.0,2,5.0,Yes,369.92
992239,Ben Thomas,Studio,Regional,1,1,2,4.84,12,No,4,53.0,4,7.0,Yes,213.34
994832,Amelia Smith,Townhouse,CBD,2,2,4,4.52,75,Yes,1,63.0,1,8.0,Yes,401.34
996697,Ben Brown,Townhouse,Inner Suburb,3,1,6,3.94,83,No,0,76.0,1,5.0,No,340.3
990358,James White,Studio,CBD,1,1,2,4.1,31,No,8,60.0,1,4.0,Yes,263.36
996490,Lucas Harris,Townhouse,Outer Suburb,2,2,6,4.4,37,No,0,61.0,3,6.0,No,319.74
994641,Sophie Singh,Apartment,Regional,2,2,3,4.02,9,No,1,61.0,1,2.0,Yes,187.71
991717,Henry Tran,House,CBD,4,2,9,4.51,23,Yes,0,88.0,1,6.0,Yes,493.44
991294,Emma Martin,House,CBD,4,3,8,4.79,19,Yes,2,82.0,1,6.0,No,582.46
994900,Aisha Lee,Apartment,CBD,2,2,6,4.39,68,No,15,62.0,1,6.0,No,375.5
994569,Amelia Brown,House,Inner Suburb,4,2,10,4.54,12,No,2,94.0,2,6.0,No,483.98
996299,Zoe Ali,Townhouse,CBD,3,3,6,4.44,23,No,2,78.0,2,6.0,Yes,400.07
991917,Henry Clark,Apartment,CBD,1,2,2,4.48,23,Yes,11,50.0,1,6.0,Yes,284.1
996994,William Thomas,House,Outer Suburb,5,3,10,4.39,14,No,4,112.0,2,7.0,Yes,519.1
992255,Ben Brown,Apartment,Outer Suburb,2,2,4,4.33,141,No,7,61.0,2,3.0,Yes,321.95
993000,Zoe Thomas,Apartment,Outer Suburb,2,3,6,4.42,47,No,15,66.0,1,5.0,No,129.64
993251,Oliver Chen,Apartment,Regional,2,2,5,4.51,103,Yes,6,63.0,1,7.0,No,268.74
991483,Sophie Jones,Apartment,Outer Suburb,1,1,2,4.61,8,No,2,59.0,2,6.0,Yes,213.48
995777,Noah Lee,Apartment,Outer Suburb,1,1,4,4.28,98,No,10,39.0,3,5.0,Yes,200.24
992023,Amelia Le,Townhouse,Regional,2,2,3,4.63,33,No,2,61.0,2,8.0,Yes,266.22
996230,Lucas Jones,Townhouse,Regional,2,2,3,4.78,37,Yes,1,63.0,1,8.0,No,364.31
990686,Hannah King,House,Inner Suburb,3,2,6,4.86,18,Yes,0,77.0,2,9.0,No,453.57
994173,James Jones,Apartment,Outer Suburb,1,2,1,4.49,17,No,1,49.0,1,5.0,Yes,204.44
992489,Sophie Walker,House,Regional,3,2,6,4.24,104,Yes,2,70.0,3,7.0,Yes,343.1
993900,Grace Ali,Studio,Inner Suburb,1,1,1,4.0,12,No,1,53.0,4,5.0,No,206.25
994339,Sarah Singh,Apartment,Outer Suburb,1,2,2,4.54,53,Yes,10,48.0,1,3.0,No,274.49
996700,Omar Harris,House,Inner Suburb,2,2,3,4.75,38,Yes,6,68.0,1,9.0,Yes,387.76
992451,Priya Le,Studio,Inner Suburb,1,1,2,4.61,197,No,9,46.0,1,5.0,Yes,158.84
995447,Hannah Ali,House,CBD,2,1,6,4.21,80,Yes,5,53.0,2,6.0,No,294.56
991147,Aisha Wilson,Apartment,Outer Suburb,1,1,2,3.77,62,No,9,46.0,2,6.0,No,133.7
990816,Arjun King,Studio,Regional,1,2,3,4.28,32,Yes,3,61.0,2,7.0,Yes,142.69
997987,Minh Chen,House,Inner Suburb,3,2,5,4.52,210,No,0,62.0,5,5.0,No,295.76
991898,Priya White,House,Outer Suburb,4,3,8,3.98,82,No,3,85.0,2,6.0,Yes,472.69
994204,Minh Chen,House,Inner Suburb,4,3,10,4.71,61,Yes,8,87.0,4,5.0,No,446.71
990337,Ben Walker,Studio,Inner Suburb,1,2,4,,94,Yes,3,,1,7.0,No,284.67
993107,Amelia Patel,Studio,Inner Suburb,1,2,4,4.39,167,No,1,68.0,2,6.0,Yes,371.42
997374,William Chen,Studio,Regional,1,1,2,4.01,72,N,0,40.0,1,1.0,Yes,150.35
996956,Olivia White,Apartment,CBD,1,1,3,4.48,39,Yes,1,48.0,2,4.0,Yes,265.8
995175,Henry Walker,House,CBD,2,2,4,4.62,61,Yes,2,78.0,5,10.0,Yes,377.69
995220,Hannah Chen,Studio,Regional,1,2,1,4.7,62,Yes,4,45.0,2,5.0,No,155.15
990039,Mei Anderson,Apartment,Outer Suburb,3,3,8,3.71,4,No,1,70.0,1,6.0,No,382.02
994413,Omar Wang,Studio,Outer Suburb,1,1,4,4.5,67,No,8,48.0,1,3.0,Yes,222.49
993127,Hannah Patel,Studio,Inner Suburb,1,1,2,4.51,54,Yes,1,39.0,7,6.0,No,186.78
990051,Henry Nguyen,Apartment,Regional,1,1,1,4.66,63,No,4,55.0,2,7.0,No,146.43
993598,Mai Taylor,Studio,Regional,1,2,3,4.04,9,No,1,58.0,3,4.0,No,204.44
990787,Lily Khan,Townhouse,CBD,2,2,4,4.6,41,Yes,9,76.0,4,7.0,No,389.75
991561,An Brown,Studio,CBD,1,2,2,4.74,98,Yes,15,47.0,2,5.0,Yes,224.65
991324,Linh Le,Studio,Inner Suburb,1,1,2,5.0,76,Yes,9,42.0,1,7.0,Yes,189.45
994258,Daniel Martin,Townhouse,CBD,4,3,7,4.69,43,No,2,91.0,2,7.0,Yes,443.95
995589,Omar Wilson,Apartment,Inner Suburb,1,1,4,3.91,6,No,0,50.0,3,6.0,Yes,137.93
997017,Thomas Harris,Townhouse,CBD,2,2,4,4.29,82,No,2,70.0,2,7.0,No,304.24
997944,Olivia Young,House,Outer Suburb,2,2,5,4.35,42,No,10,61.0,1,4.0,Yes,301.64
992764,Ben Taylor,Studio,Regional,1,2,1,4.2,92,No,4,24.0,2,5.0,No,155.69
996342,Minh Taylor,Studio,Regional,1,2,4,4.24,63,Yes,12,50.0,3,4.0,No,213.75
995704,David Wang,Townhouse,Outer Suburb,4,2,8,4.7,55,Yes,9,108.0,3,5.0,Yes,412.79
992886,Sophie Clark,Apartment,Inner Suburb,2,3,3,4.96,106,Yes,13,70.0,1,7.0,Yes,364.8
996531,Ben Singh,Apartment,Regional,1,1,4,4.68,138,Y,0,40.0,1,4.0,No,229.6
991080,Hannah Wang,Townhouse,Inner Suburb,3,1,8,4.92,44,Yes,1,73.0,1,7.0,Yes,369.97
990072,Ben Thomas,Apartment,Outer Suburb,2,2,3,4.26,47,No,4,65.0,2,4.0,No,293.6
995842,Mei Brown,Apartment,Regional,3,3,6,4.47,4,No,1,65.0,1,6.0,Yes,240.18
990945,Lily Thomas,Studio,CBD,1,1,4,4.76,27,Yes,2,42.0,1,3.0,Yes,310.36
992205,Henry Wang,House,Inner Suburb,4,2,7,3.97,69,No,15,53.0,1,4.0,Yes,414.54
990351,Jack Smith,Studio,Regional,1,1,1,4.71,23,No,2,47.0,2,8.0,No,208.46
991130,Grace Clark,Townhouse,Inner Suburb,3,2,7,4.61,48,Yes,8,68.0,3,8.0,No,413.41
996500,Ava Harris,House,Outer Suburb,3,3,5,4.6,51,No,1,77.0,2,6.0,No,189.69
993647,Zoe Le,Apartment,CBD,2,2,6,4.41,98,No,3,55.0,10,5.0,Yes,213.61
993549,Lily Jones,House,Outer Suburb,3,2,6,4.48,18,Yes,2,71.0,1,7.0,No,338.41
997947,James Clark,Apartment,Outer Suburb,2,1,4,4.43,43,Yes,9,46.0,2,6.0,Yes,255.75
992759,Chloe King,Apartment,Inner Suburb,1,2,2,5.0,16,Yes,3,54.0,2,7.0,No,241.58
996613,Priya Brown,Apartment,Outer Suburb,2,2,6,4.79,14,No,3,68.0,2,8.0,Yes,343.52
995524,Emily Jones,Studio,Outer Suburb,1,2,1,4.04,21,No,8,32.0,1,4.0,Yes,102.94
997110,Emily Scott,Apartment,Outer Suburb,1,1,4,4.77,14,No,7,33.0,1,7.0,No,263.98
993592,Amelia Nguyen,Studio,CBD,1,1,2,4.65,30,No,1,58.0,1,7.0,Yes,332.29
991566,Linh Lee,Apartment,Inner Suburb,1,1,2,4.81,123,No,1,45.0,3,7.0,Yes,136.56
996138,Mai Thomas,House,Inner Suburb,4,3,9,4.25,83,Yes,5,83.0,1,5.0,No,455.66
994135,Omar Young,House,Outer Suburb,4,3,10,4.3,2,No,0,111.0,2,7.0,No,351.78
997757,Mei King,House,Regional,3,2,6,4.59,6,No,0,76.0,2,9.0,Yes,311.44
996773,Liam Thomas,Studio,Regional,1,1,3,4.57,38,No,3,61.0,1,6.0,Yes,205.63
995610,Lily King,Apartment,Inner Suburb,3,3,6,4.25,60,Yes,2,87.0,2,7.0,Yes,329.96
991970,Daniel Wilson,Apartment,Regional,1,2,2,4.09,83,No,2,44.0,1,6.0,No,114.73
991628,Jack Walker,Apartment,Inner Suburb,2,1,5,4.66,11,No,3,66.0,1,5.0,No,265.78
992468,Emily Harris,Apartment,Outer Suburb,3,2,8,4.51,29,No,3,82.0,1,5.0,No,221.45
997773,Wei Ali,House,Inner Suburb,3,3,6,4.48,67,No,1,78.0,3,7.0,No,456.53
993862,Noah Smith,Studio,Outer Suburb,1,1,2,4.56,42,Yes,5,56.0,2,7.0,Yes,164.6
995025,Mai Patel,Studio,Inner Suburb,1,2,4,4.52,57,Yes,2,56.0,1,6.0,Yes,184.44
994064,William Wang,Apartment,Regional,2,2,4,3.92,19,No,2,71.0,3,5.0,No,255.18
992431,Lily Brown,Townhouse,Inner Suburb,2,3,5,4.36,39,No,9,72.0,7,4.0,No,291.08
996551,An Patel,Apartment,Outer Suburb,3,2,7,4.4,28,Yes,5,74.0,2,6.0,No,315.51
994535,Aisha Smith,Apartment,Outer Suburb,3,2,5,4.13,5,No,2,74.0,5,7.0,Yes,258.49
997494,Mai White,Studio,CBD,1,2,2,4.42,78,Yes,3,41.0,7,6.0,No,191.39
995126,Michael Le,Apartment,CBD,1,2,2,4.11,23,No,2,73.0,2,6.0,No,199.24
996502,Wei Brown,Townhouse,Inner Suburb,2,2,4,4.36,58,No,4,71.0,1,4.0,No,281.74
997898,Jack Patel,Villa,Outer Suburb,3,3,6,4.31,68,Yes,4,75.0,2,6.0,Yes,353.22
991148,James Scott,Studio,Regional,1,1,2,4.01,45,No,9,39.0,3,4.0,Yes,190.95
995802,Amelia Smith,House,Inner Suburb,4,3,10,4.94,60,Yes,5,108.0,1,8.0,Yes,550.74
994642,Lucas Wang,Townhouse,CBD,2,2,4,4.89,141,Yes,8,69.0,1,7.0,Yes,367.39
990894,Hannah Ali,House,CBD,3,3,7,,20,Yes,2,88.0,3,9.0,No,446.88
992380,Amelia Smith,Studio,Regional,1,2,4,4.23,46,No,7,56.0,2,6.0,No,168.79
991798,Olivia Scott,Studio,Outer Suburb,1,2,2,4.41,37,Yes,1,62.0,1,6.0,No,286.98
994029,Ethan Nguyen,Townhouse,Inner Suburb,3,2,5,4.65,93,No,1,93.0,1,8.0,Yes,461.36
996115,Oliver Scott,Studio,Regional,1,1,2,4.32,100,Yes,4,61.0,2,7.0,No,133.19
996244,Henry Tran,House,Inner Suburb,4,3,8,4.73,101,No,1,94.0,1,8.0,No,451.4
994202,Sophie Martin,Apartment,Inner Suburb,3,2,7,4.88,48,Yes,1,82.0,2,6.0,Yes,321.92
992515,Jack Tran,Apartment,CBD,2,2,3,4.42,8,No,1,60.0,1,5.0,No,319.59
993308,Anna King,Apartment,Inner Suburb,2,2,5,4.13,15,No,4,45.0,1,4.0,Yes,247.41
996928,Zoe Ali,Apartment,Regional,1,1,4,4.03,39,Yes,4,41.0,1,7.0,No,177.44
992479,Thomas Walker,Apartment,Inner Suburb,3,2,7,,33,Yes,4,,1,6.0,No,286.7
995635,William Taylor,Apartment,Regional,1,2,4,4.01,94,Yes,3,48.0,1,6.0,Yes,138.98
991675,Emily Harris,Studio,Outer Suburb,1,1,1,4.15,13,No,2,43.0,1,5.0,Yes,110.31
994481,Linh Smith,House,Outer Suburb,4,3,8,4.49,30,No,3,102.0,3,10.0,Yes,408.28
996569,Emily Anderson,Apartment,CBD,1,1,1,4.73,41,No,0,45.0,1,6.0,No,303.12
997114,Zoe Anderson,House,Outer Suburb,3,3,6,4.39,91,No,0,79.0,2,2.0,No,262.83
997386,Ava Walker,Townhouse,Outer Suburb,2,2,5,3.71,7,No,2,48.0,1,3.0,Yes,235.82
997834,Priya Singh,House,CBD,5,3,10,4.07,34,No,10,106.0,2,9.0,Yes,555.21
997826,Mai Patel,Apartment,CBD,1,1,4,4.62,83,Yes,5,57.0,10,4.0,No,231.78
992867,Minh Khan,Apartment,Outer Suburb,1,2,4,4.34,0,No,0,45.0,3,4.0,No,201.25
991846,Thomas Wilson,Apartment,Inner Suburb,2,2,3,4.82,27,No,1,56.0,2,6.0,Yes,255.16
992989,Sarah Clark,Apartment,Outer Suburb,1,2,1,4.36,28,Yes,5,68.0,1,7.0,Yes,182.83
995434,William Wang,House,Inner Suburb,3,1,7,4.28,12,No,0,53.0,2,4.0,No,324.68
995839,Sarah King,House,Outer Suburb,3,2,7,4.62,18,No,3,54.0,2,2.0,Yes,291.06
992403,Grace Lee,Townhouse,Inner Suburb,3,1,6,4.63,127,Yes,8,62.0,3,4.0,Yes,341.78
990672,David Wilson,Apartment,Inner Suburb,1,1,2,4.33,48,Yes,5,52.0,2,6.0,Yes,286.71
996876,Noah Khan,Apartment,Inner Suburb,2,2,4,4.3,5,No,0,62.0,1,5.0,No,248.75
994418,Aisha Taylor,HOUSE,Regional,4,2,8,4.23,9,No,2,74.0,3,6.0,Yes,411.8
995987,Anna Taylor,Townhouse,Outer Suburb,3,2,6,4.26,84,No,2,62.0,4,5.0,No,306.62
993644,Jack Young,Apartment,Inner Suburb,1,1,2,4.33,7,No,3,37.0,1,6.0,Yes,224.98
992594,Zoe Martin,House,Inner Suburb,4,2,10,3.99,49,No,3,79.0,7,3.0,Yes,349.0
991822,Oliver Smith,Townhouse,Outer Suburb,3,2,5,4.59,71,No,2,75.0,5,6.0,Yes,248.5
993218,Isla Le,Apartment,CBD,2,2,5,4.44,27,Yes,0,69.0,7,7.0,Yes,298.77
993558,Liam Smith,Studio,Inner Suburb,1,2,2,3.96,19,No,5,49.0,1,3.0,No,210.22
995808,Olivia Wilson,Townhouse,CBD,2,2,5,4.74,58,No,3,47.0,14,7.0,No,418.77
990098,Sophie Khan,House,Outer Suburb,3,3,6,,19,No,2,,1,7.0,No,313.21
993151,Noah Lee,Townhouse,Inner Suburb,3,2,5,4.14,103,Yes,3,70.0,1,5.0,Yes,307.39
996389,Minh Le,Apartment,Outer Suburb,1,1,3,4.07,16,No,1,52.0,2,4.0,No,233.87
997156,Hannah Le,Studio,Outer Suburb,1,2,4,4.57,117,Yes,1,48.0,2,6.0,Yes,248.55
991616,Omar Chen,Apartment,Outer Suburb,1,2,2,4.21,86,No,0,38.0,3,4.0,Yes,146.1
995523,Henry King,Apartment,Inner Suburb,1,2,2,4.36,90,Yes,12,57.0,2,6.0,Yes,239.5
992455,Mia Scott,Apartment,Inner Suburb,2,1,3,4.39,20,No,2,44.0,2,4.0,Yes,219.75
997496,Thomas Harris,Apartment,Inner Suburb,1,1,3,4.3,8,No,0,55.0,1,4.0,Yes,299.4
996478,Mei Jones,Townhouse,Inner Suburb,3,2,6,4.47,83,Yes,14,69.0,2,5.0,Yes,351.96
994603,Grace Walker,Townhouse,Regional,2,2,4,4.42,24,No,0,68.0,1,7.0,No,339.02
993181,Ethan Lee,Studio,Regional,1,2,4,4.77,41,No,2,51.0,1,7.0,Yes,159.89
995592,Noah Patel,Townhouse,Inner Suburb,2,2,5,4.46,54,No,4,71.0,3,7.0,No,355.59
994084,Lucas Wang,House,Outer Suburb,2,2,4,4.69,19,No,6,69.0,1,7.0,No,350.84
995417,Thomas Lee,House,Inner Suburb,3,2,5,4.18,54,No,1,83.0,2,6.0,Yes,459.74
996845,Aisha Tran,Apartment,CBD,2,2,4,4.58,46,No,1,74.0,3,7.0,No,339.88
993202,Zoe Wang,Apartment,Inner Suburb,1,2,3,4.72,103,No,2,58.0,1,8.0,Yes,231.16
996950,Michael Tran,Apartment,CBD,3,2,5,4.9,46,Yes,3,76.0,7,4.0,Yes,296.8
993000,Zoe Thomas,Apartment,Outer Suburb,2,3,6,4.42,47,No,15,66.0,1,5.0,No,129.64
992078,Lily Lee,Studio,Inner Suburb,1,2,3,4.19,123,Yes,1,57.0,1,4.0,Yes,184.04
996938,Ethan Le,Apartment,CBD,3,3,6,4.52,34,No,1,68.0,1,5.0,No,319.67
997608,Mai White,Studio,Outer Suburb,1,2,1,4.42,78,No,8,51.0,7,3.0,Yes,308.58
994509,Omar Le,House,CBD,3,3,5,4.71,24,Yes,1,76.0,2,6.0,Yes,396.71
996147,Lucas Anderson,House,Outer Suburb,3,2,6,4.7,16,No,2,64.0,2,8.0,Yes,338.29
995245,Lily Walker,House,Outer Suburb,4,2,10,4.49,65,Yes,11,97.0,3,8.0,Yes,339.83
996675,An Wang,Villa,Outer Suburb,4,3,8,4.31,71,Yes,14,76.0,1,7.0,Yes,485.97
993314,Mei Nguyen,House,Regional,5,3,10,4.6,70,No,15,108.0,1,8.0,Yes,445.2
994494,Emily Ali,House,Regional,3,2,6,3.77,61,No,3,67.0,3,6.0,No,282.49
997445,Grace Thomas,House,Inner Suburb,3,2,5,4.48,49,Yes,1,66.0,2,5.0,No,342.22
995247,Liam White,Studio,Regional,1,1,3,3.89,16,No,0,36.0,3,2.0,Yes,148.37
993470,Ben Taylor,Townhouse,Regional,4,2,8,4.44,105,Yes,4,92.0,3,8.0,Yes,409.32
997240,James Young,Apartment,Inner Suburb,1,1,3,4.5,19,No,1,41.0,2,6.0,No,104.65
993887,Mia Ali,House,Regional,4,3,9,4.29,54,No,2,72.0,3,4.0,No,359.72
992416,Samuel Smith,Villa,Inner Suburb,5,4,9,4.23,13,No,5,92.0,2,5.0,Yes,416.82
996103,Sarah Le,Apartment,Outer Suburb,1,2,3,4.64,2,No,1,67.0,3,9.0,Yes,168.26
993183,Thomas Wang,Studio,Inner Suburb,1,1,1,4.59,19,No,0,51.0,2,3.0,Yes,171.11
994295,Wei Jones,House,CBD,4,3,8,4.46,2,No,0,94.0,2,7.0,No,525.33
997593,Noah Scott,Apartment,Inner Suburb,1,1,4,4.58,60,Yes,15,50.0,1,5.0,Yes,267.47
991044,Olivia Scott,Studio,Outer Suburb,1,1,1,4.64,92,No,3,68.0,4,8.0,No,330.08
997250,Thomas Young,House,Inner Suburb,4,2,8,4.37,21,No,3,86.0,1,6.0,Yes,330.45
992595,Wei Chen,Studio,CBD,1,1,4,4.4,0,No,0,59.0,1,6.0,No,236.85
991260,Ethan King,Townhouse,Inner Suburb,4,3,10,4.77,40,Yes,0,108.0,2,8.0,No,397.31
996126,An Wang,Townhouse,Inner Suburb,2,2,3,4.4,35,N,0,67.0,1,7.0,No,281.64
995298,Mia Khan,Apartment,CBD,1,1,4,4.42,69,No,3,49.0,3,6.0,Yes,345.41
993055,Omar Taylor,House,Outer Suburb,4,3,7,4.79,9,No,2,86.0,1,6.0,No,316.24
995804,Thomas Ali,House,Inner Suburb,3,2,6,4.92,79,Yes,3,79.0,1,6.0,Yes,425.65
995364,Jack Brown,Apartment,CBD,2,2,4,4.29,7,No,1,60.0,1,4.0,Yes,377.39
993909,Daniel Chen,Apartment,CBD,1,1,2,4.51,21,Yes,1,53.0,2,2.0,No,235.56
991534,Lucas Singh,Apartment,CBD,1,2,2,4.22,17,No,1,67.0,2,4.0,No,389.05
997311,Ava Singh,Apartment,CBD,1,1,2,,3,No,0,48.0,4,6.0,Yes,356.65
991066,Olivia Tran,Townhouse,CBD,3,3,8,4.5,51,Yes,7,78.0,1,6.0,Yes,421.08
991980,Hannah King,Apartment,CBD,1,2,2,4.94,23,Yes,2,63.0,1,7.0,No,416.52
997107,Lily Khan,Studio,Regional,1,1,2,4.55,11,No,3,24.0,3,4.0,No,151.05
993193,David Singh,House,Regional,5,2,10,4.37,230,No,5,79.0,1,,Yes,422.19
994544,Amelia Singh,Apartment,Outer Suburb,1,1,2,4.36,42,No,10,37.0,2,3.0,Yes,236.04
996164,Mei Le,House,CBD,3,2,6,4.08,8,No,1,72.0,1,7.0,Yes,406.41
994247,Priya Taylor,Studio,Regional,1,2,2,4.38,5,No,1,41.0,2,5.0,No,199.0
990239,Michael Walker,Apartment,Regional,2,1,4,4.46,72,Yes,7,72.0,1,8.0,Yes,258.83
995933,Noah Harris,Apartment,Inner Suburb,1,2,1,4.63,73,Yes,1,40.0,4,4.0,Yes,121.12
997597,Priya Brown,Studio,Inner Suburb,1,1,4,4.17,74,Yes,10,33.0,1,1.0,Yes,211.05
990653,Anna Tran,Apartment,Inner Suburb,2,2,4,4.77,21,No,2,50.0,1,4.0,No,266.29
992382,William Brown,Apartment,Inner Suburb,2,2,4,4.53,25,Yes,4,54.0,1,7.0,Yes,245.76
996441,Liam Taylor,House,Inner Suburb,3,2,7,5.0,52,Yes,11,67.0,1,6.0,Yes,361.46
996688,Samuel Ali,Townhouse,Outer Suburb,3,2,6,4.39,62,Yes,2,82.0,2,6.0,Yes,427.91
994557,Noah Taylor,Apartment,Outer Suburb,1,1,4,4.87,18,No,0,52.0,2,5.0,No,113.99
992159,Amelia Harris,House,Regional,3,2,7,4.51,54,No,7,72.0,1,5.0,Yes,300.27
994683,Ben Wang,Studio,CBD,1,1,3,4.64,15,No,6,51.0,1,6.0,No,282.23
997440,Daniel Lee,Townhouse,Regional,4,2,10,4.7,16,No,1,93.0,1,7.0,No,307.48
995634,Mei Jones,House,Outer Suburb,3,1,8,4.38,75,No,3,74.0,2,4.0,Yes,350.08
993623,Wei Taylor,House,CBD,3,2,7,4.23,35,Yes,7,58.0,1,3.0,Yes,452.42
993761,Lily Singh,Townhouse,Regional,4,2,8,4.59,50,No,11,90.0,3,7.0,No,397.87
991643,Mai Thomas,Apartment,Outer Suburb,2,2,4,4.35,26,No,4,38.0,1,4.0,No,182.01
990124,Samuel Harris,House,Regional,4,3,8,4.6,58,Yes,3,99.0,4,7.0,Yes,414.77
991858,Emma Ali,House,CBD,2,2,5,4.25,42,No,2,62.0,3,6.0,Yes,345.03
990147,Ethan Anderson,Apartment,Outer Suburb,1,1,4,4.37,63,Yes,14,63.0,3,7.0,No,122.35
995758,Omar Brown,Apartment,Inner Suburb,1,1,2,4.05,87,No,8,20.0,3,5.0,Yes,209.92
991023,Hannah Young,Studio,CBD,1,2,2,4.15,116,No,3,53.0,1,4.0,Yes,257.96
990119,Hannah Patel,House,CBD,4,2,8,4.64,62,Yes,1,88.0,3,8.0,No,564.25
992357,Priya Smith,House,CBD,3,2,8,4.4,20,No,1,59.0,3,5.0,No,428.0
993706,Ava Nguyen,House,CBD,3,3,6,4.94,49,Yes,15,92.0,2,8.0,No,515.83
992428,Chloe Anderson,House,Inner Suburb,5,3,10,4.63,18,No,1,96.0,2,8.0,No,460.82
992720,Samuel Patel,House,CBD,5,3,10,4.11,38,No,1,83.0,7,5.0,Yes,448.42
993622,Lucas Nguyen,Townhouse,Inner Suburb,2,1,6,4.75,70,No,2,73.0,4,10.0,Yes,414.39
997172,Aisha Wilson,House,Inner Suburb,4,2,7,4.28,56,Yes,4,99.0,3,6.0,Yes,402.56
996779,Sophie Martin,House,Inner Suburb,2,2,3,4.51,25,No,1,76.0,1,5.0,Yes,313.64
994834,Mia Tran,Apartment,CBD,1,1,2,4.25,38,No,0,33.0,1,4.0,Yes,214.18
997746,Emily Tran,House,Outer Suburb,3,2,8,4.66,67,Yes,10,56.0,1,6.0,Yes,466.93
995945,Oliver Singh,Apartment,Regional,1,1,2,4.52,31,No,5,45.0,1,2.0,No,176.95
997964,Emma Young,Villa,Outer Suburb,3,3,6,4.22,1,No,0,71.0,2,6.0,No,385.13
997287,An Lee,Apartment,Outer Suburb,2,2,4,4.37,45,No,9,71.0,2,7.0,Yes,226.15
991052,Jack Tran,Studio,Regional,1,2,2,4.12,10,No,2,47.0,2,3.0,Yes,90.87
993656,Emily Taylor,Villa,Inner Suburb,5,3,10,4.64,35,Yes,5,88.0,1,5.0,No,442.69
995419,Anna Walker,Villa,CBD,5,4,10,4.37,29,No,15,116.0,1,8.0,No,605.09
991330,Liam Le,Apartment,Outer Suburb,1,2,4,4.79,47,No,6,40.0,1,6.0,No,165.86
997439,Olivia Nguyen,Studio,Outer Suburb,1,2,4,4.78,87,Yes,6,59.0,2,7.0,No,249.69
995586,Henry Young,Apartment,CBD,1,1,1,,13,No,3,46.0,2,5.0,Yes,167.25
993403,Lucas Anderson,Studio,Inner Suburb,1,1,4,4.41,29,No,6,57.0,3,3.0,Yes,186.82
994921,Lily Patel,Villa,Outer Suburb,4,3,7,3.93,7,No,0,85.0,1,6.0,No,378.84
992746,Oliver Patel,House,Regional,4,3,7,4.34,29,No,9,99.0,2,7.0,Yes,468.55
997809,Amelia Young,Apartment,Inner Suburb,2,2,3,4.28,27,Yes,2,54.0,7,4.0,Yes,274.89
997012,Grace Walker,Villa,CBD,4,3,10,4.54,30,No,3,82.0,3,8.0,Yes,561.72
990093,Omar Scott,Studio,Outer Suburb,1,1,3,4.23,33,Yes,2,39.0,2,6.0,Yes,194.9
993929,Michael Brown,Studio,Inner Suburb,1,1,3,4.43,39,No,1,55.0,2,7.0,Yes,132.94
997219,Oliver Wilson,House,Inner Suburb,4,3,8,4.63,11,No,6,74.0,2,4.0,No,431.5
994713,Emily Walker,House,CBD,3,3,6,4.13,63,Yes,7,73.0,1,5.0,No,513.1
997035,Lucas Ali,Townhouse,CBD,3,1,8,4.16,107,No,7,66.0,2,6.0,Yes,429.72
990339,Mei Nguyen,Townhouse,Inner Suburb,2,2,5,4.57,72,Yes,8,57.0,1,5.0,Yes,432.5
990454,Jack Chen,Townhouse,Inner Suburb,3,2,8,4.12,36,No,2,69.0,1,5.0,Yes,381.61
992849,Lily Lee,Townhouse,Regional,3,2,8,4.04,33,No,3,61.0,1,7.0,Yes,281.01
993473,Lily Singh,Apartment,Outer Suburb,3,2,8,4.06,12,No,2,69.0,1,8.0,Yes,297.09
996142,Aisha Ali,Studio,Regional,1,2,2,4.16,40,No,13,41.0,2,6.0,No,188.64
995588,Lily Ali,Apartment,Inner Suburb,1,2,2,4.67,34,No,3,38.0,3,6.0,Yes,202.8
994933,Oliver Le,House,Outer Suburb,3,3,5,4.65,13,No,1,87.0,3,4.0,Yes,177.4
990749,Ava King,Apartment,Inner Suburb,2,3,4,4.54,12,No,1,77.0,3,10.0,No,192.28
996699,Noah Thomas,Apartment,Inner Suburb,2,2,4,4.2,34,No,4,52.0,5,5.0,No,220.18
990234,Priya Taylor,Apartment,Regional,2,2,6,4.2,60,No,3,67.0,4,5.0,No,258.87
992850,Thomas Lee,House,Inner Suburb,5,3,9,4.68,16,No,2,89.0,3,8.0,Yes,481.62
993087,Sarah Martin,House,CBD,3,2,7,,33,Yes,3,,1,8.0,Yes,492.0
996406,Anna Thomas,Villa,Regional,4,2,10,4.62,103,No,11,93.0,1,8.0,Yes,463.93
996086,Thomas Le,Apartment,CBD,2,2,5,4.12,64,Yes,2,62.0,1,5.0,No,313.38
993102,Oliver Thomas,Studio,Outer Suburb,1,1,2,4.73,78,Yes,2,50.0,4,6.0,No,226.96
994868,Daniel Patel,Apartment,Inner Suburb,3,2,5,4.82,70,No,1,91.0,10,7.0,Yes,280.9
990086,Sarah Young,Apartment,Regional,2,2,5,4.19,135,No,2,52.0,1,5.0,No,302.98
991103,Lily Walker,Villa,Regional,5,3,10,4.21,48,No,2,102.0,3,7.0,Yes,399.87
996825,Mai Ali,House,Regional,2,2,4,4.68,35,No,1,40.0,2,5.0,Yes,389.54
991340,James Clark,Apartment,CBD,1,1,4,4.59,36,No,5,39.0,2,6.0,Yes,382.92
993394,Lucas Khan,Apartment,Outer Suburb,1,1,1,4.52,130,Yes,2,58.0,2,7.0,Yes,380.41
993276,Grace Ali,House,Outer Suburb,4,2,7,5.0,67,Yes,0,89.0,1,10.0,Yes,513.79
994783,Ben Le,Apartment,Regional,1,1,3,4.47,125,No,5,58.0,3,9.0,No,166.6
990702,Linh Smith,House,Regional,3,2,5,4.01,41,Yes,4,76.0,3,7.0,No,326.53
995003,Ben Khan,Townhouse,Regional,3,3,8,4.65,77,No,4,78.0,10,9.0,Yes,295.68
990674,Emma Walker,Studio,Inner Suburb,1,1,2,4.54,89,Yes,3,43.0,1,5.0,Yes,219.23
990181,Sophie Taylor,Studio,Regional,1,1,2,4.52,29,No,2,44.0,5,4.0,No,155.98
991482,Priya Wilson,Apartment,Regional,1,1,3,4.39,38,No,2,40.0,3,3.0,No,55.0
990870,Grace Thomas,Townhouse,Outer Suburb,3,3,6,4.36,73,Yes,5,87.0,1,8.0,No,344.3
990711,Mai Wilson,Studio,Inner Suburb,1,1,2,4.14,31,No,4,36.0,1,4.0,No,160.24
992551,Zoe White,House,Outer Suburb,5,3,10,4.79,64,Yes,9,97.0,2,6.0,No,407.98
996863,Olivia Ali,House,Outer Suburb,2,2,3,4.8,27,Yes,4,70.0,2,5.0,No,215.71
996462,Ben Tran,Apartment,CBD,1,2,4,4.69,81,No,10,55.0,2,4.0,Yes,224.4
997264,Minh Smith,Villa,Regional,5,3,10,4.47,74,Yes,5,104.0,2,10.0,Yes,557.59
996611,Anna Taylor,Apartment,Inner Suburb,1,1,2,4.16,3,No,2,42.0,3,2.0,No,169.5
992421,Zoe Young,House,Inner Suburb,4,2,7,4.48,79,No,3,83.0,2,6.0,Yes,440.03
997136,Ava Jones,Studio,Inner Suburb,1,2,3,4.86,28,Yes,0,62.0,2,4.0,No,212.4
994465,Ethan Anderson,Townhouse,Regional,3,2,8,4.68,60,Yes,5,62.0,1,8.0,Yes,227.41
997984,Olivia Smith,House,Regional,4,3,8,4.3,78,Yes,10,67.0,1,6.0,No,277.4
994733,Ethan Jones,House,CBD,3,2,6,4.17,16,No,1,88.0,7,5.0,No,476.29
995682,Noah King,Apartment,Inner Suburb,1,2,1,3.81,32,No,3,54.0,1,5.0,No,182.07
996263,Mei Wang,House,Outer Suburb,4,2,9,4.43,36,Yes,2,91.0,2,6.0,No,423.51
992828,Linh Khan,Apartment,Outer Suburb,1,1,1,4.24,93,No,2,39.0,1,6.0,No,186.42
995151,Mei Martin,Apartment,Regional,1,1,2,4.49,123,No,15,30.0,4,4.0,No,194.31
992477,Hannah Clark,Apartment,Inner Suburb,2,1,6,4.31,10,No,0,60.0,1,6.0,Yes,308.47
990416,Michael Taylor,House,Regional,4,2,9,4.81,83,Yes,4,80.0,2,6.0,Yes,363.33
993207,Oliver Walker,Studio,Outer Suburb,1,2,4,4.36,48,Yes,3,63.0,3,5.0,Yes,216.88
995013,Minh Young,Apartment,Outer Suburb,3,2,7,4.55,28,Yes,3,73.0,5,4.0,No,303.9
992524,Noah King,Townhouse,Outer Suburb,2,2,4,4.29,22,Yes,1,61.0,3,6.0,Yes,340.67
995358,Thomas Harris,Apartment,CBD,3,2,5,4.45,41,No,15,65.0,1,6.0,Yes,385.05
996933,Isla Brown,House,CBD,4,3,9,4.61,31,Yes,1,83.0,1,9.0,Yes,505.42
992777,Amelia Nguyen,House,Regional,3,3,7,4.45,73,No,15,62.0,2,7.0,No,384.17
995575,Priya Anderson,Apartment,Regional,2,1,6,4.69,45,No,2,49.0,3,8.0,Yes,172.69
994791,Henry Young,Apartment,Inner Suburb,1,2,4,4.34,15,No,2,46.0,1,4.0,Yes,271.93
997912,Michael Smith,Studio,CBD,1,1,1,4.02,17,No,1,42.0,2,4.0,Yes,250.18
997396,Mei Jones,Townhouse,Inner Suburb,2,2,5,3.98,56,Yes,0,57.0,2,6.0,Yes,303.48
995830,Arjun Khan,Apartment,Outer Suburb,3,1,5,4.29,23,No,7,69.0,1,6.0,No,329.83
990407,Emily Wang,Studio,Inner Suburb,1,2,3,4.22,81,No,4,52.0,14,4.0,Yes,259.64
990422,Mia Ali,Apartment,Outer Suburb,1,2,1,3.83,5,No,1,38.0,2,5.0,Yes,181.89
990304,Linh Anderson,Apartment,Regional,1,1,2,4.72,31,Yes,3,70.0,3,7.0,No,262.88
997087,Sarah Harris,Apartment,Inner Suburb,2,3,4,4.14,19,No,6,73.0,3,7.0,Yes,340.58
992514,Isla Anderson,Studio,Inner Suburb,1,1,1,4.13,66,Yes,0,38.0,3,3.0,Yes,81.85
992539,Henry Wang,Villa,Outer Suburb,3,2,7,4.35,14,No,0,73.0,2,8.0,Yes,338.14
995888,Daniel Le,House,CBD,3,2,8,3.92,64,Yes,4,77.0,1,7.0,Yes,409.21
993658,Grace Le,Townhouse,CBD,3,2,6,4.64,24,No,0,54.0,2,5.0,Yes,384.37
996870,An Chen,House,Inner Suburb,3,2,5,4.37,45,No,8,74.0,1,8.0,Yes,425.15
994074,Linh Anderson,Apartment,Outer Suburb,1,1,4,4.02,27,No,1,54.0,1,6.0,Yes,233.5
993242,Lily Singh,Villa,Regional,4,3,10,4.21,37,Yes,2,103.0,2,8.0,Yes,320.84
995715,Daniel White,Studio,Inner Suburb,1,2,4,4.53,24,No,2,55.0,2,10.0,Yes,354.52
995564,Linh Young,House,Regional,3,3,5,4.33,26,Yes,1,85.0,1,7.0,Yes,353.33
992075,Linh Singh,Apartment,Inner Suburb,2,2,4,4.01,14,No,7,67.0,1,2.0,No,102.84
996050,Aisha Jones,Apartment,Outer Suburb,2,2,5,4.27,81,No,6,56.0,2,6.0,No,194.05
991014,Amelia Le,Apartment,Outer Suburb,2,2,5,4.54,39,Yes,0,64.0,3,6.0,Yes,268.83
993440,Samuel Harris,Apartment,Outer Suburb,2,1,6,4.55,13,No,0,42.0,4,4.0,No,331.73
994257,Emily Jones,Townhouse,CBD,2,2,3,4.79,50,Yes,5,57.0,3,10.0,Yes,484.7
992053,Michael Walker,Studio,Outer Suburb,1,2,2,3.98,51,No,11,66.0,1,6.0,Yes,205.82
994688,Hannah White,Studio,Outer Suburb,1,1,2,4.51,171,Yes,11,50.0,4,6.0,Yes,335.94
991001,Liam Harris,Apartment,Outer Suburb,1,1,4,4.64,25,No,5,48.0,3,4.0,Yes,219.94
991964,Grace King,House,Outer Suburb,4,2,8,4.45,35,Yes,2,51.0,2,5.0,Yes,393.79
995345,Oliver Chen,House,CBD,2,2,3,4.2,16,No,6,55.0,1,5.0,No,393.15
990675,Oliver White,Studio,Regional,1,2,3,4.71,39,No,2,53.0,1,4.0,No,182.13
991349,Samuel Lee,Apartment,Inner Suburb,1,1,3,4.5,6,No,1,45.0,1,4.0,No,272.97
996875,William Chen,Apartment,Regional,1,2,1,5.0,33,Yes,1,55.0,1,4.0,Yes,140.93
996245,Lucas Thomas,Studio,Outer Suburb,1,2,4,4.18,10,No,4,66.0,1,5.0,Yes,124.92
995796,Emily Anderson,Townhouse,Inner Suburb,3,2,8,4.27,4,No,3,64.0,3,4.0,No,384.81
997438,Olivia Tran,Apartment,Outer Suburb,1,1,2,4.24,28,No,5,26.0,2,2.0,No,227.99
995163,Jack Brown,Apartment,Outer Suburb,1,2,1,4.4,31,No,5,59.0,2,6.0,Yes,243.25
996511,Michael Wilson,Apartment,CBD,1,1,4,,128,No,13,,2,9.0,Yes,291.54
993335,Linh Taylor,Apartment,Regional,1,1,2,4.03,4,No,1,48.0,3,7.0,Yes,226.27
997961,Arjun Taylor,Villa,CBD,4,3,9,4.64,36,No,5,90.0,2,6.0,Yes,509.42
996842,Ben Nguyen,Townhouse,Inner Suburb,2,2,6,4.43,74,No,10,36.0,3,3.0,No,259.91
993673,Ben Lee,Apartment,Inner Suburb,1,1,3,4.8,48,Yes,8,56.0,3,5.0,No,214.94
993298,Mei Harris,Apartment,Regional,1,1,3,4.89,56,Yes,2,55.0,3,6.0,Yes,191.84
997963,Mei Walker,Apartment,Inner Suburb,3,2,8,4.58,28,Yes,7,88.0,3,9.0,Yes,355.42
996166,Isla Ali,Apartment,Inner Suburb,2,2,4,4.45,19,No,1,66.0,2,4.0,Yes,175.74
997921,Lily Young,House,Inner Suburb,4,3,8,4.44,23,Yes,0,90.0,1,8.0,Yes,448.43
997032,Mai Taylor,Apartment,Outer Suburb,1,1,1,4.37,53,No,7,39.0,3,1.0,No,125.24
995032,Linh Thomas,House,Inner Suburb,4,3,10,4.37,23,No,7,71.0,10,6.0,No,465.87
994470,Ben Brown,House,Outer Suburb,4,3,9,4.16,46,No,3,81.0,2,4.0,Yes,473.55
990311,Lily Khan,Studio,CBD,1,2,1,4.2,55,No,2,58.0,2,6.0,Yes,192.34
995761,Zoe Brown,Villa,CBD,4,3,10,4.36,28,No,8,82.0,3,5.0,Yes,521.54
993787,Oliver Lee,Apartment,CBD,2,1,6,4.63,21,No,10,63.0,1,5.0,No,332.28
996692,Mia Nguyen,Apartment,Outer Suburb,3,3,6,4.08,59,No,5,62.0,2,3.0,No,272.45
990681,Jack King,Studio,Regional,1,1,3,4.62,66,Yes,4,24.0,1,3.0,Yes,142.26
992492,Omar Young,Apartment,Inner Suburb,1,2,2,4.41,75,Yes,8,53.0,7,3.0,Yes,305.62
993137,Emma Tran,Apartment,Inner Suburb,1,2,3,4.66,46,No,2,73.0,2,7.0,No,247.84
993802,Noah Anderson,Apartment,Outer Suburb,1,1,3,4.21,45,No,6,27.0,1,3.0,Yes,242.8
992125,Grace Patel,apartment,Outer Suburb,2,2,3,5.0,5,No,2,67.0,1,8.0,No,300.14
993504,William Wilson,Apartment,Outer Suburb,2,2,6,3.99,34,Yes,3,46.0,5,4.0,No,204.1
991944,Liam Scott,Apartment,Outer Suburb,2,2,5,4.53,39,Yes,6,60.0,7,6.0,No,211.64
994403,Grace Lee,Apartment,Outer Suburb,1,1,3,4.23,31,No,6,47.0,1,2.0,Yes,226.99
991957,Daniel Le,House,Inner Suburb,2,2,4,4.4,27,No,3,77.0,7,8.0,Yes,248.22
993391,Omar Nguyen,House,Inner Suburb,4,2,7,4.2,35,No,7,75.0,5,5.0,Yes,371.43
992639,Chloe Chen,House,Outer Suburb,3,2,8,4.49,30,No,5,100.0,1,7.0,No,308.62
992151,Daniel Tran,Studio,CBD,1,2,2,4.61,28,No,4,46.0,4,4.0,Yes,276.96
993568,Anna Khan,House,Inner Suburb,3,3,6,4.51,19,No,2,87.0,2,5.0,No,277.51
992007,Omar Smith,House,Outer Suburb,5,3,10,4.48,24,No,6,78.0,1,6.0,Yes,473.73
996012,Noah Lee,Villa,Inner Suburb,4,3,10,4.6,77,Yes,6,82.0,2,7.0,Yes,496.33
990877,Michael Brown,Apartment,Inner Suburb,3,3,5,4.48,110,Yes,2,76.0,3,5.0,Yes,338.36
991461,Lucas King,Studio,Inner Suburb,1,2,2,4.52,161,Yes,1,59.0,1,6.0,Yes,197.2
992500,Wei Lee,Townhouse,CBD,3,2,6,4.78,105,No,1,60.0,1,4.0,Yes,413.13
994045,William Taylor,Apartment,Outer Suburb,1,1,2,3.49,2,No,2,25.0,3,2.0,No,245.42
992251,Olivia Lee,Apartment,Outer Suburb,1,2,2,4.77,27,No,0,57.0,3,7.0,Yes,144.95
990739,Jack Wilson,House,Outer Suburb,4,2,8,4.61,49,Yes,6,95.0,2,7.0,Yes,405.02
990837,Michael Nguyen,Studio,Outer Suburb,1,2,1,4.69,19,No,1,51.0,2,5.0,Yes,255.24
991106,Lily Lee,House,CBD,2,2,6,4.54,15,Yes,1,71.0,7,7.0,No,388.26
996617,Henry Smith,Studio,Inner Suburb,1,2,3,4.01,96,No,2,38.0,1,1.0,Yes,102.31
990607,Wei Harris,Townhouse,Outer Suburb,4,2,8,4.98,68,Yes,15,89.0,2,8.0,Yes,450.14
990372,Grace Nguyen,House,CBD,3,2,8,4.19,41,No,1,70.0,5,6.0,Yes,332.28
995726,Mia Walker,Apartment,Regional,1,2,1,4.32,38,No,0,58.0,4,3.0,Yes,55.0
995059,Lucas Martin,Apartment,Inner Suburb,2,1,3,3.93,13,No,3,67.0,1,8.0,Yes,286.69
993456,Grace Ali,Apartment,Outer Suburb,1,1,1,4.34,36,No,3,58.0,2,5.0,Yes,213.5
996732,David Walker,Townhouse,Inner Suburb,2,3,3,4.63,127,Yes,6,59.0,1,5.0,Yes,458.71
990585,Henry Tran,House,Outer Suburb,3,2,7,,55,No,9,,2,7.0,Yes,391.42
990825,Mia Chen,House,Inner Suburb,5,3,10,4.13,18,No,3,94.0,1,8.0,Yes,455.97
991662,Omar Patel,Apartment,Inner Suburb,2,2,4,,16,No,1,,4,6.0,No,217.61
996637,Mia Scott,House,Outer Suburb,3,2,7,4.79,105,No,3,77.0,1,7.0,Yes,349.88
997946,Mia Jones,Apartment,Inner Suburb,2,1,4,4.55,76,No,15,65.0,5,7.0,Yes,302.37
995679,Hannah Patel,House,Regional,4,3,8,3.96,32,No,1,79.0,2,4.0,No,413.19
990046,Mia Singh,Apartment,Inner Suburb,2,1,5,3.97,65,No,1,56.0,2,5.0,Yes,296.09
994060,Michael Lee,Apartment,CBD,1,1,2,4.3,20,No,5,45.0,1,4.0,No,337.88
990913,Oliver Clark,Villa,Outer Suburb,5,3,10,4.54,156,No,12,86.0,2,7.0,Yes,490.6
990230,Wei Martin,House,Inner Suburb,4,2,8,4.74,67,Yes,8,61.0,1,4.0,No,393.81
997448,William Jones,Apartment,Outer Suburb,3,2,5,4.45,38,No,7,74.0,2,3.0,No,279.24
993344,An Wilson,Townhouse,Regional,2,2,4,4.3,25,No,2,50.0,3,7.0,No,167.52
995407,Mia Patel,House,Regional,3,2,7,4.68,98,Yes,8,47.0,2,5.0,No,261.06
996964,Hannah Scott,Apartment,Outer Suburb,1,2,4,4.44,55,No,12,66.0,3,2.0,Yes,203.6
994103,Samuel Scott,House,Outer Suburb,3,2,6,4.21,42,No,1,60.0,2,4.0,Yes,361.02
991336,Liam Singh,House,CBD,3,2,6,4.35,68,Yes,5,84.0,2,7.0,No,433.88
990639,Amelia Khan,House,CBD,4,3,9,4.57,38,Yes,0,83.0,1,5.0,Yes,488.12
994023,An Wang,Apartment,CBD,1,1,2,4.8,20,Yes,5,58.0,2,7.0,No,237.16
992058,Ava Scott,Villa,CBD,4,3,7,,53,Yes,2,,1,10.0,No,554.71
990446,Isla Jones,Townhouse,Inner Suburb,2,2,6,4.39,61,No,8,75.0,2,6.0,Yes,478.09
994655,Chloe White,Apartment,Inner Suburb,1,1,3,4.67,43,Yes,1,30.0,1,6.0,No,154.88
994690,An Khan,Apartment,CBD,2,2,3,4.59,38,Yes,9,64.0,1,8.0,No,294.38
994556,Omar White,Apartment,Regional,1,1,3,4.17,2,No,0,65.0,3,8.0,No,159.65
995897,Grace Le,House,Inner Suburb,4,3,7,4.41,50,Yes,10,82.0,10,4.0,Yes,437.21
994292,Mia Singh,House,CBD,3,2,5,4.62,40,Yes,3,65.0,7,3.0,Yes,438.82
990673,Oliver King,Apartment,Inner Suburb,1,2,2,4.49,30,Yes,3,44.0,3,6.0,Yes,178.47
992769,Amelia Brown,Townhouse,Outer Suburb,2,2,4,4.42,85,No,6,69.0,2,6.0,Yes,258.9
991110,Isla Jones,House,Outer Suburb,3,2,6,4.26,128,No,15,68.0,2,6.0,No,389.52
996862,Daniel Taylor,Apartment,CBD,1,1,3,4.55,58,Yes,8,64.0,4,7.0,No,279.51
997540,Minh Le,Townhouse,Regional,3,4,7,4.32,34,No,1,83.0,1,5.0,No,267.98
997425,Ethan Jones,Apartment,Inner Suburb,1,1,2,4.02,131,No,5,35.0,2,,No,273.94
990657,Mia Walker,House,CBD,4,2,8,4.34,27,No,1,74.0,1,4.0,Yes,342.62
994073,Olivia King,Villa,CBD,4,3,9,4.17,12,No,0,83.0,2,8.0,No,569.99
994916,Samuel Walker,House,CBD,3,2,8,4.45,81,Yes,5,55.0,2,6.0,Yes,503.04
997222,Oliver Martin,Apartment,Regional,2,1,3,4.35,24,Yes,2,59.0,2,6.0,No,175.03
994723,Thomas Ali,Studio,CBD,1,1,2,4.27,125,Yes,8,32.0,1,4.0,Yes,313.78
993992,Sarah Taylor,Apartment,CBD,1,2,3,4.42,22,No,4,62.0,5,4.0,Yes,229.24
994368,Samuel Brown,Townhouse,Inner Suburb,2,2,5,4.85,79,No,6,69.0,2,9.0,Yes,411.24
994781,Jack Wilson,House,CBD,3,2,6,4.48,75,Yes,3,80.0,2,9.0,Yes,433.58
992465,Minh Young,House,Inner Suburb,4,2,9,4.54,21,No,3,97.0,3,6.0,No,453.09
997388,Grace Lee,House,Inner Suburb,2,1,5,3.97,82,No,2,39.0,2,4.0,Yes,334.13
992089,An Chen,Villa,Outer Suburb,3,3,8,4.06,73,No,4,69.0,2,5.0,Yes,316.98
995109,Samuel Khan,House,Outer Suburb,3,2,7,4.57,84,No,5,72.0,14,6.0,Yes,414.42
991814,Ava Chen,House,CBD,4,3,8,4.64,73,No,1,80.0,3,5.0,No,452.05
994182,Sophie Chen,Villa,CBD,4,3,8,4.33,98,Yes,2,89.0,2,7.0,Yes,445.4
993079,Lucas Nguyen,Studio,CBD,1,1,1,4.76,53,No,1,48.0,1,7.0,Yes,151.35
991801,An Anderson,Apartment,Outer Suburb,2,3,5,4.41,26,No,6,76.0,1,6.0,Yes,206.5
990101,Hannah Scott,Apartment,Inner Suburb,2,2,4,4.13,50,No,1,59.0,3,5.0,Yes,258.26
997971,Liam Thomas,Apartment,CBD,2,1,6,4.56,134,Yes,3,81.0,1,5.0,No,331.4
991257,An Wang,Townhouse,Inner Suburb,3,2,8,4.44,10,No,1,90.0,1,8.0,No,368.75
993466,Mia Walker,Apartment,CBD,1,1,4,4.87,100,Yes,4,43.0,1,8.0,No,310.6
994942,Linh Young,Apartment,Outer Suburb,1,1,1,4.43,46,No,2,51.0,1,6.0,No,196.68
994838,Isla Wang,Apartment,Inner Suburb,2,3,4,4.25,15,No,1,64.0,2,7.0,Yes,336.22
993441,Olivia Ali,Townhouse,CBD,3,2,6,4.35,36,No,6,58.0,2,6.0,Yes,420.03
993750,Jack Wilson,Apartment,Outer Suburb,3,3,6,4.64,17,No,4,89.0,7,8.0,No,348.77
996805,Anna White,House,Outer Suburb,5,3,10,4.09,91,Yes,14,99.0,7,8.0,Yes,488.05
992372,Mia Jones,Apartment,CBD,2,2,4,4.41,29,Yes,2,73.0,3,7.0,Yes,283.65
996988,Chloe Scott,Apartment,Outer Suburb,3,3,7,4.31,16,No,2,104.0,1,10.0,No,399.47
995727,Emily Thomas,Townhouse,Inner Suburb,3,2,8,4.28,58,No,1,55.0,3,4.0,Yes,332.8
991976,Henry Nguyen,Townhouse,CBD,3,2,8,4.35,1,No,0,75.0,1,7.0,No,471.4
990329,Anna Anderson,Apartment,Inner Suburb,1,1,4,4.4,18,Yes,1,38.0,2,2.0,Yes,221.45
992238,Emma Jones,House,Inner Suburb,4,2,8,4.42,22,No,11,77.0,2,9.0,No,393.37
997094,Noah Wang,Studio,Inner Suburb,1,1,4,4.42,23,No,6,61.0,1,8.0,Yes,159.41
991510,Daniel Jones,Apartment,Inner Suburb,2,2,3,4.88,16,No,0,65.0,2,8.0,No,210.37
991835,Amelia Young,Apartment,Regional,1,1,4,4.2,61,No,3,30.0,3,3.0,No,171.93
993613,Linh Scott,Apartment,Outer Suburb,1,1,3,4.37,53,N,4,48.0,2,4.0,No,253.14
993071,James Young,House,Outer Suburb,3,2,8,4.44,55,No,2,91.0,4,7.0,No,362.99
993321,Mei Brown,Studio,CBD,1,1,1,4.52,34,Yes,3,51.0,5,5.0,Yes,240.79
992735,Mia Khan,Villa,Inner Suburb,5,3,10,4.68,59,No,10,97.0,4,7.0,Yes,662.63
996608,Mia Harris,Studio,Inner Suburb,1,1,2,4.44,58,Yes,11,51.0,1,3.0,No,259.57
996306,Sarah White,Studio,Inner Suburb,1,2,2,4.37,47,No,9,58.0,1,7.0,No,191.22
992710,Omar Chen,House,Inner Suburb,3,2,6,4.48,37,No,1,79.0,2,6.0,Yes,353.59
997664,Mai Thomas,Townhouse,Outer Suburb,3,2,8,4.25,76,No,6,77.0,2,5.0,Yes,362.22
995357,Noah White,House,Inner Suburb,4,2,10,4.54,96,Yes,0,81.0,1,7.0,No,421.99
994597,David Nguyen,House,Inner Suburb,3,2,6,4.5,39,No,2,94.0,2,6.0,No,428.67
992330,Sarah Scott,House,Regional,4,2,7,4.8,36,Yes,4,78.0,1,7.0,Yes,392.07
997072,Hannah Thomas,House,CBD,2,2,4,4.68,86,No,1,46.0,2,6.0,No,307.44
997621,Amelia Tran,Studio,Outer Suburb,1,2,4,4.33,137,No,6,45.0,4,5.0,Yes,267.6
992400,Emily Lee,Studio,Inner Suburb,1,2,4,4.28,34,No,5,62.0,2,5.0,No,205.74
996242,David Taylor,Apartment,Inner Suburb,2,2,4,4.32,100,Yes,8,68.0,2,5.0,Yes,326.73
990848,An Ali,Apartment,Outer Suburb,3,3,5,3.92,52,No,11,76.0,3,6.0,Yes,209.5
996605,Samuel Smith,Apartment,Regional,1,1,2,3.99,84,No,0,52.0,2,4.0,Yes,118.15
996170,Zoe Walker,Apartment,Regional,2,2,6,4.7,48,Yes,4,69.0,7,8.0,Yes,216.62
996032,Mia Wang,House,CBD,5,2,10,4.74,37,No,8,83.0,2,6.0,No,511.04
995453,Isla Scott,Townhouse,Inner Suburb,3,2,6,4.3,58,No,5,61.0,10,5.0,Yes,262.56
990253,Omar Tran,House,Regional,3,3,7,4.83,45,No,14,85.0,2,6.0,No,380.52
995321,Jack Brown,House,CBD,3,3,5,4.43,60,No,0,72.0,2,7.0,Yes,346.01
992810,Lily Le,House,CBD,5,3,9,4.22,30,No,0,90.0,1,4.0,No,430.62
991954,Mai Jones,Apartment,Inner Suburb,2,2,6,4.67,150,Yes,2,83.0,5,6.0,Yes,284.65
994776,Linh Singh,Villa,Outer Suburb,3,2,8,4.16,153,No,14,61.0,4,,Yes,436.07
995977,An Smith,Studio,Inner Suburb,1,2,3,4.17,46,Yes,1,55.0,1,4.0,Yes,179.73
993131,Emma Tran,Apartment,Regional,1,2,1,4.42,32,No,6,56.0,5,6.0,Yes,324.55
993415,Ben Brown,Apartment,Inner Suburb,2,2,3,4.93,67,Yes,14,72.0,4,7.0,No,285.11
994367,Wei Wilson,Apartment,CBD,2,2,5,4.48,149,No,8,59.0,2,5.0,No,400.41
993142,Henry Anderson,Villa,CBD,5,3,10,4.94,95,Yes,7,104.0,1,10.0,Yes,606.43
992932,Anna Clark,Apartment,Inner Suburb,1,1,1,4.31,16,No,2,67.0,1,4.0,Yes,259.31
994083,Lily Harris,Villa,Outer Suburb,4,3,9,4.99,13,No,1,75.0,3,7.0,No,353.4
996889,Michael Ali,Townhouse,Inner Suburb,2,2,6,4.86,142,No,13,59.0,5,7.0,Yes,325.46
994386,Linh Martin,Apartment,Inner Suburb,2,1,5,4.64,110,No,5,68.0,3,5.0,Yes,329.69
993024,Aisha Walker,House,Outer Suburb,4,2,8,3.84,138,No,3,81.0,2,5.0,Yes,367.41
992585,Liam Scott,Villa,CBD,4,3,8,4.57,33,No,10,94.0,2,7.0,No,555.83
995485,Grace Thomas,Studio,Outer Suburb,1,2,3,4.4,104,No,0,54.0,2,7.0,Yes,55.0
995360,Priya King,Apartment,Regional,1,1,4,4.38,9,No,4,57.0,3,5.0,No,199.76
995004,William Anderson,Studio,CBD,1,2,2,4.46,48,Yes,6,44.0,1,4.0,Yes,289.76
993747,James Wang,Studio,CBD,1,1,3,4.06,77,Yes,5,51.0,1,7.0,No,220.3
990393,Jack Khan,House,CBD,3,1,8,4.43,38,No,13,63.0,3,4.0,Yes,423.33
996440,Wei Khan,Townhouse,Outer Suburb,2,2,4,4.69,72,No,2,73.0,1,8.0,No,294.9
990907,Omar King,House,Inner Suburb,5,3,10,4.38,38,No,4,89.0,7,7.0,No,532.7
992225,Arjun Tran,House,Inner Suburb,4,3,8,4.33,28,No,3,90.0,1,7.0,No,397.27
994764,Ava Patel,Studio,Inner Suburb,1,1,2,4.84,127,No,1,38.0,4,6.0,Yes,275.34
990153,Sarah Patel,House,Inner Suburb,2,2,4,4.31,12,No,2,68.0,4,9.0,Yes,451.18
997157,Oliver Tran,Studio,Outer Suburb,1,1,4,4.55,50,No,7,61.0,3,6.0,No,260.03
996893,Emma Young,House,CBD,3,1,5,4.17,40,No,5,73.0,2,,Yes,346.92
994035,Chloe Singh,Apartment,Outer Suburb,1,1,2,4.92,2,No,1,48.0,5,8.0,Yes,155.59
994167,Henry Tran,Apartment,Outer Suburb,1,1,1,4.28,70,Yes,0,48.0,2,4.0,Yes,149.61
993577,Jack King,Townhouse,Inner Suburb,3,2,5,4.87,15,No,2,84.0,4,5.0,Yes,257.76
993126,David Clark,Apartment,Regional,2,1,4,5.0,49,Yes,3,35.0,1,4.0,Yes,192.04
993301,Henry Walker,House,Inner Suburb,5,3,10,4.19,61,No,0,79.0,3,4.0,Yes,358.71
991764,David Scott,Villa,Outer Suburb,3,2,5,5.0,30,No,3,78.0,2,7.0,Yes,393.89
997068,Grace Nguyen,Studio,Inner Suburb,1,1,1,3.96,12,No,4,65.0,3,7.0,No,235.28
991968,Anna Nguyen,Apartment,Regional,2,2,4,4.24,66,No,3,55.0,3,6.0,Yes,203.08
991738,Priya Lee,Apartment,Inner Suburb,2,2,4,4.31,60,No,6,71.0,1,7.0,Yes,248.68
991953,Mia Tran,Studio,Regional,1,1,4,4.43,72,No,2,43.0,10,6.0,No,223.64
995514,Emma Ali,House,Inner Suburb,3,2,6,4.51,51,Yes,1,74.0,2,7.0,Yes,452.86
996682,Hannah Smith,Studio,Inner Suburb,1,1,3,4.53,88,Yes,2,65.0,3,6.0,Yes,321.21
992873,Aisha Young,Apartment,Regional,1,1,3,4.53,36,Yes,5,45.0,1,3.0,Yes,123.23
995981,Linh Khan,Studio,Outer Suburb,1,2,2,4.47,19,No,1,43.0,3,6.0,Yes,181.12
991640,Ethan Khan,House,Inner Suburb,5,4,10,4.93,10,No,2,105.0,1,6.0,No,448.01
996942,David Wilson,Apartment,CBD,1,1,4,4.55,70,Yes,1,57.0,1,6.0,Yes,299.21
996871,Aisha Scott,House,Outer Suburb,2,1,4,4.8,92,No,0,58.0,1,8.0,No,248.58
990538,Priya Lee,Studio,Regional,1,1,2,4.95,104,Yes,8,66.0,1,7.0,Yes,168.7
996642,Henry Young,Apartment,Outer Suburb,2,2,3,4.64,28,Yes,1,68.0,1,6.0,Yes,194.78
993828,Aisha Wang,Studio,CBD,1,1,2,4.02,110,No,5,56.0,3,6.0,Yes,318.7
993068,Linh Khan,Studio,Inner Suburb,1,1,3,4.69,46,Yes,10,50.0,2,5.0,Yes,194.7
991963,Michael Wilson,Apartment,Outer Suburb,1,2,2,4.48,61,Yes,2,59.0,3,8.0,Yes,233.51
994049,Emma Walker,House,Inner Suburb,5,4,10,4.6,88,Yes,10,89.0,1,8.0,No,551.95
997201,Ben Patel,Apartment,Regional,3,2,7,4.29,11,No,1,44.0,3,2.0,Yes,290.57
991105,Ethan Thomas,House,Inner Suburb,5,2,9,3.43,64,No,4,92.0,4,5.0,No,381.08
997684,Amelia Martin,Studio,Regional,1,1,1,4.78,34,No,4,37.0,7,5.0,No,69.45
995924,Minh Anderson,Apartment,Outer Suburb,3,3,8,4.9,66,Yes,4,64.0,2,5.0,No,363.56
993922,Arjun Lee,Studio,Inner Suburb,1,2,2,3.99,67,No,1,61.0,1,5.0,No,199.79
997173,Lily Martin,Townhouse,Inner Suburb,2,2,6,4.37,60,No,4,75.0,1,6.0,Yes,317.03
994355,Aisha Clark,House,Outer Suburb,3,2,6,4.48,14,No,2,84.0,2,9.0,Yes,496.11
995000,Oliver Young,House,Inner Suburb,2,2,6,3.98,158,No,4,61.0,2,4.0,Yes,326.57
990288,Olivia Harris,House,Regional,4,3,8,4.51,73,Yes,15,93.0,2,7.0,Yes,386.23
993395,James Scott,Apartment,Outer Suburb,1,1,3,4.98,30,Yes,1,47.0,7,7.0,Yes,203.82
997578,Sophie Nguyen,House,Outer Suburb,5,3,10,4.51,16,No,1,104.0,4,8.0,No,476.63
990782,Michael Taylor,House,CBD,5,4,10,,33,No,3,,1,7.0,No,551.64
991369,An Wilson,Apartment,Inner Suburb,1,1,1,4.52,21,Yes,1,48.0,2,6.0,Yes,213.93
990974,Anna Chen,Apartment,Inner Suburb,2,1,3,4.39,13,No,6,53.0,1,4.0,Yes,161.14
994434,Liam Brown,Apartment,Inner Suburb,1,2,2,4.28,49,Yes,3,50.0,1,5.0,Yes,239.56
997127,Omar Chen,Apartment,Regional,1,1,4,3.89,18,No,0,44.0,2,4.0,Yes,179.09
993467,Arjun Wang,Townhouse,Outer Suburb,2,1,3,4.39,30,Yes,7,68.0,5,7.0,Yes,237.77
993620,Lily Wang,House,Regional,5,3,10,4.46,90,Yes,6,103.0,2,4.0,Yes,558.44
996309,An Chen,House,Inner Suburb,2,1,3,4.48,84,Yes,11,48.0,3,3.0,Yes,336.88
990353,Anna Patel,Studio,Outer Suburb,1,1,4,5.0,106,Yes,6,58.0,3,8.0,Yes,175.79
994583,Zoe Walker,House,Regional,2,1,4,4.32,29,No,3,66.0,1,4.0,Yes,319.45
992095,Amelia Chen,House,Inner Suburb,3,3,7,4.3,21,No,1,66.0,2,6.0,No,357.35
994812,Priya Anderson,Studio,Regional,1,1,1,4.55,61,No,2,56.0,3,5.0,Yes,141.43
996328,Michael Nguyen,House,Inner Suburb,3,3,6,4.21,14,Yes,1,69.0,1,4.0,No,355.82
994415,Lily Anderson,Apartment,Inner Suburb,1,2,3,4.49,53,No,3,65.0,3,6.0,Yes,228.55
990910,James Le,Townhouse,Inner Suburb,3,2,6,4.44,33,No,4,86.0,1,6.0,No,387.78
996215,Daniel Chen,Apartment,Inner Suburb,2,2,5,4.51,15,No,3,64.0,2,4.0,No,202.87
991315,Ethan Thomas,Apartment,Regional,1,1,3,4.1,7,No,0,49.0,1,4.0,Yes,257.32
992099,Ava Thomas,Townhouse,CBD,3,3,6,4.41,14,No,1,73.0,1,6.0,Yes,324.52
995170,Mai Thomas,Villa,Inner Suburb,3,2,8,4.37,101,No,0,80.0,3,7.0,Yes,470.29
991321,Omar Wang,House,CBD,3,2,6,3.81,125,No,2,64.0,1,5.0,Yes,257.21
990306,Hannah Lee,House,Outer Suburb,4,2,7,4.55,49,Yes,1,68.0,1,4.0,No,334.54
992798,Omar Khan,House,CBD,3,2,7,4.79,68,Yes,3,83.0,1,8.0,Yes,368.05
991594,Grace Khan,Studio,CBD,1,1,4,4.51,32,No,2,41.0,1,7.0,Yes,280.3
990783,Jack Anderson,Studio,CBD,1,2,2,,44,No,4,,2,4.0,Yes,272.68
996708,Jack Singh,House,Inner Suburb,3,2,8,4.75,65,No,0,68.0,2,7.0,Yes,415.79
991563,Samuel Brown,Apartment,Outer Suburb,1,1,1,4.36,68,No,3,49.0,1,4.0,Yes,219.89
994876,Lucas Young,Apartment,Inner Suburb,1,2,4,4.61,12,No,3,66.0,2,3.0,Yes,276.06
995154,David Patel,Studio,Regional,1,1,2,4.56,80,No,2,26.0,3,3.0,Yes,185.39
995793,Henry Wang,Studio,CBD,1,2,4,4.61,44,Yes,7,60.0,1,5.0,No,214.67
994498,Ava Thomas,House,Inner Suburb,2,3,5,4.92,20,No,1,45.0,2,6.0,Yes,352.79
991015,Zoe Brown,House,Inner Suburb,3,2,5,4.11,35,Yes,7,55.0,4,4.0,Yes,487.44
993898,James Nguyen,House,Regional,3,2,8,4.05,109,No,3,62.0,2,4.0,Yes,359.79
990154,Lucas Jones,Apartment,Inner Suburb,1,2,1,4.44,19,No,1,34.0,5,3.0,Yes,203.09
995376,Emily Anderson,House,Inner Suburb,2,2,6,4.36,19,Yes,2,62.0,3,3.0,No,369.05
997124,James Tran,Apartment,Outer Suburb,1,1,1,4.91,53,Yes,2,55.0,1,6.0,Yes,221.59
992101,Sophie Clark,Apartment,Outer Suburb,2,2,3,4.77,86,Yes,6,70.0,14,6.0,Yes,242.4
990295,Michael Harris,Apartment,CBD,1,1,2,4.32,10,No,2,54.0,1,3.0,Yes,256.43
997369,Jack Anderson,Studio,CBD,1,2,2,3.87,35,No,3,60.0,3,7.0,Yes,265.84
991048,Michael Patel,Villa,Inner Suburb,4,3,10,4.53,76,Yes,4,90.0,1,8.0,No,452.82
996767,David Clark,Studio,Inner Suburb,1,1,2,4.29,49,Yes,4,43.0,1,3.0,No,170.57
994804,Arjun Nguyen,Apartment,Outer Suburb,2,2,3,4.56,71,Yes,1,64.0,7,7.0,No,198.71
991934,Minh Nguyen,House,Regional,5,3,10,4.44,23,Yes,2,96.0,2,7.0,Yes,423.16
992373,Olivia Chen,House,Regional,4,2,10,4.65,4,No,1,89.0,10,6.0,Yes,417.48
997016,Ethan Chen,Apartment,CBD,2,2,3,4.71,6,No,0,64.0,4,6.0,Yes,265.97
993934,Lily Patel,Apartment,Outer Suburb,1,2,2,4.22,38,No,3,46.0,1,4.0,Yes,164.54
997805,Sarah Smith,House,Inner Suburb,2,2,4,4.48,22,Yes,0,67.0,1,6.0,Yes,241.56
996174,Mei Anderson,Studio,CBD,1,1,1,3.8,3,No,1,41.0,1,3.0,Yes,220.31
995674,Michael Scott,Apartment,Inner Suburb,2,2,6,4.45,38,Yes,2,59.0,2,5.0,No,322.89
993964,Ben Patel,Studio,Regional,1,1,4,4.03,20,No,5,58.0,5,9.0,No,174.96
993418,Anna Anderson,Villa,Regional,3,3,8,4.37,29,No,10,68.0,1,2.0,Yes,334.87
995539,Emily Jones,House,Outer Suburb,3,2,5,5.0,57,No,3,69.0,1,5.0,No,368.56
992381,Sarah Clark,Apartment,CBD,1,1,2,4.75,17,No,4,56.0,1,5.0,Yes,329.07
991568,Sarah Lee,Studio,CBD,1,1,1,4.6,65,Yes,9,40.0,1,3.0,Yes,292.75
997273,Zoe Clark,Apartment,CBD,1,1,2,4.17,10,No,3,45.0,1,4.0,Yes,290.69
990831,Minh Le,Apartment,CBD,1,2,2,4.1,45,Yes,2,67.0,1,4.0,Yes,236.99
997530,Emily Ali,Apartment,Outer Suburb,1,1,3,4.78,63,No,15,53.0,3,7.0,No,181.26
992659,Olivia Walker,Studio,Outer Suburb,1,1,3,4.11,25,No,1,60.0,4,5.0,Yes,127.92
991143,Linh White,Studio,Inner Suburb,1,2,1,4.21,72,Yes,1,46.0,1,5.0,Yes,151.8
995939,An Smith,Villa,Inner Suburb,5,2,10,4.93,108,No,1,94.0,1,9.0,No,496.69
994792,Wei Clark,Studio,CBD,1,1,3,4.14,19,No,2,45.0,2,5.0,Yes,182.59
993189,Lily Le,Studio,Outer Suburb,1,2,4,4.2,24,No,7,56.0,1,7.0,Yes,259.86
990427,Mai Patel,Apartment,CBD,2,2,4,4.1,146,No,2,35.0,1,2.0,No,221.89
992097,James Tran,Apartment,Inner Suburb,2,1,6,4.44,68,Yes,5,68.0,1,5.0,Yes,331.05
991565,Arjun Khan,Apartment,Outer Suburb,1,1,2,4.18,23,No,7,48.0,1,4.0,No,213.18
995515,Ben Thomas,Studio,Inner Suburb,1,1,2,4.61,103,No,3,52.0,2,4.0,No,108.5
993121,Linh Scott,Apartment,Regional,1,1,2,4.65,37,No,8,61.0,2,4.0,Yes,181.76
992247,Henry Taylor,House,Outer Suburb,4,3,10,4.69,19,No,1,62.0,2,6.0,Yes,349.6
995302,Amelia White,House,Regional,4,2,9,4.77,52,Yes,5,111.0,1,9.0,Yes,308.0
990627,Jack Young,Townhouse,Inner Suburb,3,3,5,4.11,11,No,3,58.0,2,4.0,No,390.1
996483,David Taylor,House,Outer Suburb,4,3,8,4.55,68,No,1,81.0,2,7.0,No,290.19
996458,Daniel Singh,House,Outer Suburb,3,2,6,4.42,74,Yes,7,70.0,4,7.0,Yes,375.56
995974,Lily King,Apartment,Inner Suburb,1,1,2,4.27,35,Yes,2,41.0,2,5.0,No,276.42
995812,Arjun Le,House,Outer Suburb,5,3,10,4.38,26,No,3,90.0,1,5.0,Yes,333.03
995731,Oliver King,Apartment,Inner Suburb,2,1,5,4.76,10,Yes,0,72.0,3,6.0,Yes,290.52
